2026-09-07 15:39:24,575 | ERROR | Ошибка миграции: задача=KISEMIAS2019-21496 система=jira проект=КИС ЕМИАС (KIS)
Traceback (most recent call last):
  File "C:\Users\Давыдов Александр\Desktop\REPO\!JIRA_new\migration_gui.py", line 248, in execute_migration_process
    dest_page.create_issue(filtered_data, task_id, target_project)
    ~~~~~~~~~~~~~~~~~~~~~~^^^^^^^^^^^^^^^^^^^^^^^^^^^^^^^^^^^^^^^^
  File "C:\Users\Давыдов Александр\Desktop\REPO\!JIRA_new\jrf.py", line 207, in create_issue
    self.select_project(project_name)
    ~~~~~~~~~~~~~~~~~~~^^^^^^^^^^^^^^
  File "C:\Users\Давыдов Александр\Desktop\REPO\!JIRA_new\jrf.py", line 186, in select_project
    option.wait_for(state="visible", timeout=10_000)
    ~~~~~~~~~~~~~~~^^^^^^^^^^^^^^^^^^^^^^^^^^^^^^^^^
  File "C:\Users\Давыдов Александр\Desktop\REPO\!JIRA_new\env\Lib\site-packages\playwright\sync_api\_generated.py", line 17975, in wait_for
    self._sync(self._impl_obj.wait_for(timeout=timeout, state=state))
    ~~~~~~~~~~^^^^^^^^^^^^^^^^^^^^^^^^^^^^^^^^^^^^^^^^^^^^^^^^^^^^^^^
  File "C:\Users\Давыдов Александр\Desktop\REPO\!JIRA_new\env\Lib\site-packages\playwright\_impl\_sync_base.py", line 115, in _sync
    return task.result()
           ~~~~~~~~~~~^^
  File "C:\Users\Давыдов Александр\Desktop\REPO\!JIRA_new\env\Lib\site-packages\playwright\_impl\_locator.py", line 692, in wait_for
    await self._frame.wait_for_selector(
        self._selector, strict=True, timeout=timeout, state=state
    )
  File "C:\Users\Давыдов Александр\Desktop\REPO\!JIRA_new\env\Lib\site-packages\playwright\_impl\_frame.py", line 369, in wait_for_selector
    await self._channel.send(
        "waitForSelector", self._timeout, locals_to_params(locals())
    )
  File "C:\Users\Давыдов Александр\Desktop\REPO\!JIRA_new\env\Lib\site-packages\playwright\_impl\_connection.py", line 69, in send
    return await self._connection.wrap_api_call(
           ^^^^^^^^^^^^^^^^^^^^^^^^^^^^^^^^^^^^^
    ...<3 lines>...
    )
    ^
  File "C:\Users\Давыдов Александр\Desktop\REPO\!JIRA_new\env\Lib\site-packages\playwright\_impl\_connection.py", line 558, in wrap_api_call
    raise rewrite_error(error, f"{parsed_st['apiName']}: {error}") from None
playwright._impl._errors.Error: Locator.wait_for: Error: strict mode violation: get_by_role("option", name="КИС ЕМИАС (KIS)", exact=True) resolved to 2 elements:
    1) <li role="option" id="кис-емиас-(kis)-3" class="aui-list-item aui-list-item-li-кис-емиас-(kis) active">…</li> aka get_by_label("Недавние проекты").get_by_role("option", name="КИС ЕМИАС (KIS)")
    2) <li role="option" id="кис-емиас-(kis)-4" class="aui-list-item aui-list-item-li-кис-емиас-(kis)">…</li> aka get_by_label("Все проекты").get_by_role("option", name="КИС ЕМИАС (KIS)")

Call log:
  - waiting for get_by_role("option", name="КИС ЕМИАС (KIS)", exact=True) to be visible

2026-09-07 15:42:58,792 | ERROR | Ошибка миграции: задача=KISEMIAS2019-21469 система=jira проект=КИС ЕМИАС (KIS)
Traceback (most recent call last):
  File "C:\Users\Давыдов Александр\Desktop\REPO\!JIRA_new\migration_gui.py", line 248, in execute_migration_process
    dest_page.create_issue(filtered_data, task_id, target_project)
    ~~~~~~~~~~~~~~~~~~~~~~^^^^^^^^^^^^^^^^^^^^^^^^^^^^^^^^^^^^^^^^
  File "C:\Users\Давыдов Александр\Desktop\REPO\!JIRA_new\jrf.py", line 210, in create_issue
    self.page.locator(target("summary")).wait_for(state="visible")
    ~~~~~~~~~~~~~~~~~~~~~~~~~~~~~~~~~~~~~~~~~~~~~^^^^^^^^^^^^^^^^^
  File "C:\Users\Давыдов Александр\Desktop\REPO\!JIRA_new\env\Lib\site-packages\playwright\sync_api\_generated.py", line 17975, in wait_for
    self._sync(self._impl_obj.wait_for(timeout=timeout, state=state))
    ~~~~~~~~~~^^^^^^^^^^^^^^^^^^^^^^^^^^^^^^^^^^^^^^^^^^^^^^^^^^^^^^^
  File "C:\Users\Давыдов Александр\Desktop\REPO\!JIRA_new\env\Lib\site-packages\playwright\_impl\_sync_base.py", line 115, in _sync
    return task.result()
           ~~~~~~~~~~~^^
  File "C:\Users\Давыдов Александр\Desktop\REPO\!JIRA_new\env\Lib\site-packages\playwright\_impl\_locator.py", line 692, in wait_for
    await self._frame.wait_for_selector(
        self._selector, strict=True, timeout=timeout, state=state
    )
  File "C:\Users\Давыдов Александр\Desktop\REPO\!JIRA_new\env\Lib\site-packages\playwright\_impl\_frame.py", line 369, in wait_for_selector
    await self._channel.send(
        "waitForSelector", self._timeout, locals_to_params(locals())
    )
  File "C:\Users\Давыдов Александр\Desktop\REPO\!JIRA_new\env\Lib\site-packages\playwright\_impl\_connection.py", line 69, in send
    return await self._connection.wrap_api_call(
           ^^^^^^^^^^^^^^^^^^^^^^^^^^^^^^^^^^^^^
    ...<3 lines>...
    )
    ^
  File "C:\Users\Давыдов Александр\Desktop\REPO\!JIRA_new\env\Lib\site-packages\playwright\_impl\_connection.py", line 558, in wrap_api_call
    raise rewrite_error(error, f"{parsed_st['apiName']}: {error}") from None
playwright._impl._errors.TimeoutError: Locator.wait_for: Timeout 15000ms exceeded.
Call log:
  - waiting for locator("#summary") to be visible

2026-09-07 16:13:44,316 | ERROR | Ошибка миграции: задача=KISEMIAS2019-21469 система=jira проект=КИС ЕМИАС (KIS)
Traceback (most recent call last):
  File "C:\Users\Давыдов Александр\Desktop\REPO\!JIRA_new\migration_gui.py", line 298, in execute_migration_process
    raw_data = source_page.parse_issue(prefix, task_id)
  File "C:\Users\Давыдов Александр\Desktop\REPO\!JIRA_new\jrf.py", line 120, in parse_issue
    self.login_if_needed()
    ~~~~~~~~~~~~~~~~~~~~^^
  File "C:\Users\Давыдов Александр\Desktop\REPO\!JIRA_new\jrf.py", line 110, in login_if_needed
    username.wait_for(state="detached", timeout=30_000)
    ~~~~~~~~~~~~~~~~~^^^^^^^^^^^^^^^^^^^^^^^^^^^^^^^^^^
  File "C:\Users\Давыдов Александр\Desktop\REPO\!JIRA_new\env\Lib\site-packages\playwright\sync_api\_generated.py", line 17975, in wait_for
    self._sync(self._impl_obj.wait_for(timeout=timeout, state=state))
    ~~~~~~~~~~^^^^^^^^^^^^^^^^^^^^^^^^^^^^^^^^^^^^^^^^^^^^^^^^^^^^^^^
  File "C:\Users\Давыдов Александр\Desktop\REPO\!JIRA_new\env\Lib\site-packages\playwright\_impl\_sync_base.py", line 115, in _sync
    return task.result()
           ~~~~~~~~~~~^^
  File "C:\Users\Давыдов Александр\Desktop\REPO\!JIRA_new\env\Lib\site-packages\playwright\_impl\_locator.py", line 692, in wait_for
    await self._frame.wait_for_selector(
        self._selector, strict=True, timeout=timeout, state=state
    )
  File "C:\Users\Давыдов Александр\Desktop\REPO\!JIRA_new\env\Lib\site-packages\playwright\_impl\_frame.py", line 369, in wait_for_selector
    await self._channel.send(
        "waitForSelector", self._timeout, locals_to_params(locals())
    )
  File "C:\Users\Давыдов Александр\Desktop\REPO\!JIRA_new\env\Lib\site-packages\playwright\_impl\_connection.py", line 69, in send
    return await self._connection.wrap_api_call(
           ^^^^^^^^^^^^^^^^^^^^^^^^^^^^^^^^^^^^^
    ...<3 lines>...
    )
    ^
  File "C:\Users\Давыдов Александр\Desktop\REPO\!JIRA_new\env\Lib\site-packages\playwright\_impl\_connection.py", line 558, in wrap_api_call
    raise rewrite_error(error, f"{parsed_st['apiName']}: {error}") from None
playwright._impl._errors.TargetClosedError: Locator.wait_for: Target page, context or browser has been closed
Call log:
  - waiting for locator("#username-field") to be detached
    3 × locator resolved to visible <input required="" name="username" id="username-field" class="css-1kxou5n" value="[REDACTED]" data-ds--text-field--input="true" aria-labelledby="username-field-label" aria-describedby="login-header login-message"/>

2026-09-07 16:13:53,552 | ERROR | Ошибка настройки полей
Traceback (most recent call last):
  File "C:\Users\Давыдов Александр\Desktop\REPO\!JIRA_new\migration_gui.py", line 184, in worker
    result = pick_fields(page, initial)
  File "C:\Users\Давыдов Александр\Desktop\REPO\!JIRA_new\field_picker.py", line 91, in pick_fields
    raise RuntimeError("Страница обновилась. Запустите настройку полей повторно.")
RuntimeError: Страница обновилась. Запустите настройку полей повторно.
2026-09-08 08:20:00,588 | ERROR | Не удалось загрузить модуль миграции jrf
Traceback (most recent call last):
  File "C:\Users\Давыдов Александр\Desktop\REPO\!JIRA_new\migration_gui.py", line 18, in <module>
    import jrf
  File "C:\Users\Давыдов Александр\Desktop\REPO\!JIRA_new\jrf.py", line 5, in <module>
    from playwright.sync_api import Locator, Page, TimeoutError as PlaywrightTimeoutError, sync_playwright
ModuleNotFoundError: No module named 'playwright'
2026-09-08 08:21:48,659 | ERROR | Автотест KISEMIAS2019-21469 завершился ошибкой
Traceback (most recent call last):
  File "C:\Users\Давыдов Александр\Desktop\REPO\!JIRA_new\test_migration_live.py", line 30, in test_kisemias2019_21469
    self.assertTrue(data['summary'].strip(), 'Исходная тема пуста')
    ~~~~~~~~~~~~~~~^^^^^^^^^^^^^^^^^^^^^^^^^^^^^^^^^^^^^^^^^^^^^^^^
  File "C:\Users\Давыдов Александр\AppData\Local\Programs\Python\Python314\Lib\unittest\case.py", line 762, in assertTrue
    raise self.failureException(msg)
AssertionError: '' is not true : Исходная тема пуста
2026-09-08 12:44:00,686 | ERROR | Ошибка отдельного выбора полей
Traceback (most recent call last):
  File "C:\Users\Давыдов Александр\Desktop\REPO\!JIRA_new\field_selector_gui.py", line 77, in worker
    page.wait_for_timeout(200)
    ~~~~~~~~~~~~~~~~~~~~~^^^^^
  File "C:\Users\Давыдов Александр\Desktop\REPO\!JIRA_new\env\Lib\site-packages\playwright\sync_api\_generated.py", line 11496, in wait_for_timeout
    self._sync(self._impl_obj.wait_for_timeout(timeout=timeout))
    ~~~~~~~~~~^^^^^^^^^^^^^^^^^^^^^^^^^^^^^^^^^^^^^^^^^^^^^^^^^^
  File "C:\Users\Давыдов Александр\Desktop\REPO\!JIRA_new\env\Lib\site-packages\playwright\_impl\_sync_base.py", line 115, in _sync
    return task.result()
           ~~~~~~~~~~~^^
  File "C:\Users\Давыдов Александр\Desktop\REPO\!JIRA_new\env\Lib\site-packages\playwright\_impl\_page.py", line 1104, in wait_for_timeout
    await self._main_frame.wait_for_timeout(timeout)
  File "C:\Users\Давыдов Александр\Desktop\REPO\!JIRA_new\env\Lib\site-packages\playwright\_impl\_frame.py", line 844, in wait_for_timeout
    await self._channel.send("waitForTimeout", None, {"waitTimeout": timeout})
  File "C:\Users\Давыдов Александр\Desktop\REPO\!JIRA_new\env\Lib\site-packages\playwright\_impl\_connection.py", line 69, in send
    return await self._connection.wrap_api_call(
           ^^^^^^^^^^^^^^^^^^^^^^^^^^^^^^^^^^^^^
    ...<3 lines>...
    )
    ^
  File "C:\Users\Давыдов Александр\Desktop\REPO\!JIRA_new\env\Lib\site-packages\playwright\_impl\_connection.py", line 558, in wrap_api_call
    raise rewrite_error(error, f"{parsed_st['apiName']}: {error}") from None
playwright._impl._errors.TargetClosedError: Page.wait_for_timeout: Target page, context or browser has been closed
2026-09-08 12:45:31,896 | ERROR | Ошибка отдельного выбора полей
Traceback (most recent call last):
  File "C:\Users\Давыдов Александр\Desktop\REPO\!JIRA_new\field_selector_gui.py", line 107, in worker
    page.wait_for_timeout(200)
    ~~~~~~~~~~~~~~~~~~~~~^^^^^
  File "C:\Users\Давыдов Александр\Desktop\REPO\!JIRA_new\env\Lib\site-packages\playwright\sync_api\_generated.py", line 11496, in wait_for_timeout
    self._sync(self._impl_obj.wait_for_timeout(timeout=timeout))
    ~~~~~~~~~~^^^^^^^^^^^^^^^^^^^^^^^^^^^^^^^^^^^^^^^^^^^^^^^^^^
  File "C:\Users\Давыдов Александр\Desktop\REPO\!JIRA_new\env\Lib\site-packages\playwright\_impl\_sync_base.py", line 115, in _sync
    return task.result()
           ~~~~~~~~~~~^^
  File "C:\Users\Давыдов Александр\Desktop\REPO\!JIRA_new\env\Lib\site-packages\playwright\_impl\_page.py", line 1104, in wait_for_timeout
    await self._main_frame.wait_for_timeout(timeout)
  File "C:\Users\Давыдов Александр\Desktop\REPO\!JIRA_new\env\Lib\site-packages\playwright\_impl\_frame.py", line 844, in wait_for_timeout
    await self._channel.send("waitForTimeout", None, {"waitTimeout": timeout})
  File "C:\Users\Давыдов Александр\Desktop\REPO\!JIRA_new\env\Lib\site-packages\playwright\_impl\_connection.py", line 69, in send
    return await self._connection.wrap_api_call(
           ^^^^^^^^^^^^^^^^^^^^^^^^^^^^^^^^^^^^^
    ...<3 lines>...
    )
    ^
  File "C:\Users\Давыдов Александр\Desktop\REPO\!JIRA_new\env\Lib\site-packages\playwright\_impl\_connection.py", line 558, in wrap_api_call
    raise rewrite_error(error, f"{parsed_st['apiName']}: {error}") from None
playwright._impl._errors.TargetClosedError: Page.wait_for_timeout: Target page, context or browser has been closed
2026-09-08 12:45:46,352 | ERROR | Ошибка отдельного выбора полей
Traceback (most recent call last):
  File "C:\Users\Давыдов Александр\Desktop\REPO\!JIRA_new\field_selector_gui.py", line 107, in worker
    page.wait_for_timeout(200)
    ~~~~~~~~~~~~~~~~~~~~~^^^^^
  File "C:\Users\Давыдов Александр\Desktop\REPO\!JIRA_new\env\Lib\site-packages\playwright\sync_api\_generated.py", line 11496, in wait_for_timeout
    self._sync(self._impl_obj.wait_for_timeout(timeout=timeout))
    ~~~~~~~~~~^^^^^^^^^^^^^^^^^^^^^^^^^^^^^^^^^^^^^^^^^^^^^^^^^^
  File "C:\Users\Давыдов Александр\Desktop\REPO\!JIRA_new\env\Lib\site-packages\playwright\_impl\_sync_base.py", line 115, in _sync
    return task.result()
           ~~~~~~~~~~~^^
  File "C:\Users\Давыдов Александр\Desktop\REPO\!JIRA_new\env\Lib\site-packages\playwright\_impl\_page.py", line 1104, in wait_for_timeout
    await self._main_frame.wait_for_timeout(timeout)
  File "C:\Users\Давыдов Александр\Desktop\REPO\!JIRA_new\env\Lib\site-packages\playwright\_impl\_frame.py", line 844, in wait_for_timeout
    await self._channel.send("waitForTimeout", None, {"waitTimeout": timeout})
  File "C:\Users\Давыдов Александр\Desktop\REPO\!JIRA_new\env\Lib\site-packages\playwright\_impl\_connection.py", line 69, in send
    return await self._connection.wrap_api_call(
           ^^^^^^^^^^^^^^^^^^^^^^^^^^^^^^^^^^^^^
    ...<3 lines>...
    )
    ^
  File "C:\Users\Давыдов Александр\Desktop\REPO\!JIRA_new\env\Lib\site-packages\playwright\_impl\_connection.py", line 558, in wrap_api_call
    raise rewrite_error(error, f"{parsed_st['apiName']}: {error}") from None
playwright._impl._errors.TargetClosedError: Page.wait_for_timeout: Target page, context or browser has been closed
2026-09-08 13:47:26,365 | ERROR | Ошибка отдельного выбора полей
Traceback (most recent call last):
  File "C:\Users\Давыдов Александр\Desktop\REPO\!JIRA_new\field_selector_gui.py", line 111, in worker
    page.wait_for_timeout(200)
    ~~~~~~~~~~~~~~~~~~~~~^^^^^
  File "C:\Users\Давыдов Александр\Desktop\REPO\!JIRA_new\env\Lib\site-packages\playwright\sync_api\_generated.py", line 11496, in wait_for_timeout
    self._sync(self._impl_obj.wait_for_timeout(timeout=timeout))
    ~~~~~~~~~~^^^^^^^^^^^^^^^^^^^^^^^^^^^^^^^^^^^^^^^^^^^^^^^^^^
  File "C:\Users\Давыдов Александр\Desktop\REPO\!JIRA_new\env\Lib\site-packages\playwright\_impl\_sync_base.py", line 115, in _sync
    return task.result()
           ~~~~~~~~~~~^^
  File "C:\Users\Давыдов Александр\Desktop\REPO\!JIRA_new\env\Lib\site-packages\playwright\_impl\_page.py", line 1104, in wait_for_timeout
    await self._main_frame.wait_for_timeout(timeout)
  File "C:\Users\Давыдов Александр\Desktop\REPO\!JIRA_new\env\Lib\site-packages\playwright\_impl\_frame.py", line 844, in wait_for_timeout
    await self._channel.send("waitForTimeout", None, {"waitTimeout": timeout})
  File "C:\Users\Давыдов Александр\Desktop\REPO\!JIRA_new\env\Lib\site-packages\playwright\_impl\_connection.py", line 69, in send
    return await self._connection.wrap_api_call(
           ^^^^^^^^^^^^^^^^^^^^^^^^^^^^^^^^^^^^^
    ...<3 lines>...
    )
    ^
  File "C:\Users\Давыдов Александр\Desktop\REPO\!JIRA_new\env\Lib\site-packages\playwright\_impl\_connection.py", line 558, in wrap_api_call
    raise rewrite_error(error, f"{parsed_st['apiName']}: {error}") from None
playwright._impl._errors.TargetClosedError: Page.wait_for_timeout: Target page, context or browser has been closed
2026-09-08 13:49:36,822 | ERROR | Ошибка отдельного выбора полей
Traceback (most recent call last):
  File "C:\Users\Давыдов Александр\Desktop\REPO\!JIRA_new\field_selector_gui.py", line 123, in worker
    state = page.evaluate('window.__migrationPicker')
  File "C:\Users\Давыдов Александр\Desktop\REPO\!JIRA_new\env\Lib\site-packages\playwright\sync_api\_generated.py", line 8531, in evaluate
    self._sync(
    ~~~~~~~~~~^
        self._impl_obj.evaluate(expression=expression, arg=mapping.to_impl(arg))
        ^^^^^^^^^^^^^^^^^^^^^^^^^^^^^^^^^^^^^^^^^^^^^^^^^^^^^^^^^^^^^^^^^^^^^^^^
    )
    ^
  File "C:\Users\Давыдов Александр\Desktop\REPO\!JIRA_new\env\Lib\site-packages\playwright\_impl\_sync_base.py", line 115, in _sync
    return task.result()
           ~~~~~~~~~~~^^
  File "C:\Users\Давыдов Александр\Desktop\REPO\!JIRA_new\env\Lib\site-packages\playwright\_impl\_page.py", line 468, in evaluate
    return await self._main_frame.evaluate(expression, arg)
           ^^^^^^^^^^^^^^^^^^^^^^^^^^^^^^^^^^^^^^^^^^^^^^^^
  File "C:\Users\Давыдов Александр\Desktop\REPO\!JIRA_new\env\Lib\site-packages\playwright\_impl\_frame.py", line 320, in evaluate
    await self._channel.send(
    ...<6 lines>...
    )
  File "C:\Users\Давыдов Александр\Desktop\REPO\!JIRA_new\env\Lib\site-packages\playwright\_impl\_connection.py", line 69, in send
    return await self._connection.wrap_api_call(
           ^^^^^^^^^^^^^^^^^^^^^^^^^^^^^^^^^^^^^
    ...<3 lines>...
    )
    ^
  File "C:\Users\Давыдов Александр\Desktop\REPO\!JIRA_new\env\Lib\site-packages\playwright\_impl\_connection.py", line 558, in wrap_api_call
    raise rewrite_error(error, f"{parsed_st['apiName']}: {error}") from None
playwright._impl._errors.Error: Page.evaluate: Execution context was destroyed, most likely because of a navigation
2026-09-08 14:02:11,674 | ERROR | Ошибка отдельного выбора полей
Traceback (most recent call last):
  File "C:\Users\Давыдов Александр\Desktop\REPO\!JIRA_new\field_selector_gui.py", line 111, in worker
    page.wait_for_timeout(200)
    ~~~~~~~~~~~~~~~~~~~~~^^^^^
  File "C:\Users\Давыдов Александр\Desktop\REPO\!JIRA_new\env\Lib\site-packages\playwright\sync_api\_generated.py", line 11496, in wait_for_timeout
    self._sync(self._impl_obj.wait_for_timeout(timeout=timeout))
    ~~~~~~~~~~^^^^^^^^^^^^^^^^^^^^^^^^^^^^^^^^^^^^^^^^^^^^^^^^^^
  File "C:\Users\Давыдов Александр\Desktop\REPO\!JIRA_new\env\Lib\site-packages\playwright\_impl\_sync_base.py", line 115, in _sync
    return task.result()
           ~~~~~~~~~~~^^
  File "C:\Users\Давыдов Александр\Desktop\REPO\!JIRA_new\env\Lib\site-packages\playwright\_impl\_page.py", line 1104, in wait_for_timeout
    await self._main_frame.wait_for_timeout(timeout)
  File "C:\Users\Давыдов Александр\Desktop\REPO\!JIRA_new\env\Lib\site-packages\playwright\_impl\_frame.py", line 844, in wait_for_timeout
    await self._channel.send("waitForTimeout", None, {"waitTimeout": timeout})
  File "C:\Users\Давыдов Александр\Desktop\REPO\!JIRA_new\env\Lib\site-packages\playwright\_impl\_connection.py", line 69, in send
    return await self._connection.wrap_api_call(
           ^^^^^^^^^^^^^^^^^^^^^^^^^^^^^^^^^^^^^
    ...<3 lines>...
    )
    ^
  File "C:\Users\Давыдов Александр\Desktop\REPO\!JIRA_new\env\Lib\site-packages\playwright\_impl\_connection.py", line 558, in wrap_api_call
    raise rewrite_error(error, f"{parsed_st['apiName']}: {error}") from None
playwright._impl._errors.TargetClosedError: Page.wait_for_timeout: Target page, context or browser has been closed
2026-09-08 15:07:32,745 | ERROR | Ошибка миграции: задача=KISEMIAS2025-1941 система=jira проект=КИС 2.0 (REFACT)
Traceback (most recent call last):
  File "C:\Users\Давыдов Александр\Desktop\REPO\!JIRA_new\migration_gui.py", line 234, in execute_migration_process
    pairs = [(field, read_field(page, field)) for field in route_mapping]
                     ~~~~~~~~~~^^^^^^^^^^^^^
  File "C:\Users\Давыдов Александр\Desktop\REPO\!JIRA_new\field_picker.py", line 208, in read_field
    locator.wait_for(state="visible")
    ~~~~~~~~~~~~~~~~^^^^^^^^^^^^^^^^^
  File "C:\Users\Давыдов Александр\Desktop\REPO\!JIRA_new\env\Lib\site-packages\playwright\sync_api\_generated.py", line 17975, in wait_for
    self._sync(self._impl_obj.wait_for(timeout=timeout, state=state))
    ~~~~~~~~~~^^^^^^^^^^^^^^^^^^^^^^^^^^^^^^^^^^^^^^^^^^^^^^^^^^^^^^^
  File "C:\Users\Давыдов Александр\Desktop\REPO\!JIRA_new\env\Lib\site-packages\playwright\_impl\_sync_base.py", line 115, in _sync
    return task.result()
           ~~~~~~~~~~~^^
  File "C:\Users\Давыдов Александр\Desktop\REPO\!JIRA_new\env\Lib\site-packages\playwright\_impl\_locator.py", line 692, in wait_for
    await self._frame.wait_for_selector(
        self._selector, strict=True, timeout=timeout, state=state
    )
  File "C:\Users\Давыдов Александр\Desktop\REPO\!JIRA_new\env\Lib\site-packages\playwright\_impl\_frame.py", line 369, in wait_for_selector
    await self._channel.send(
        "waitForSelector", self._timeout, locals_to_params(locals())
    )
  File "C:\Users\Давыдов Александр\Desktop\REPO\!JIRA_new\env\Lib\site-packages\playwright\_impl\_connection.py", line 69, in send
    return await self._connection.wrap_api_call(
           ^^^^^^^^^^^^^^^^^^^^^^^^^^^^^^^^^^^^^
    ...<3 lines>...
    )
    ^
  File "C:\Users\Давыдов Александр\Desktop\REPO\!JIRA_new\env\Lib\site-packages\playwright\_impl\_connection.py", line 558, in wrap_api_call
    raise rewrite_error(error, f"{parsed_st['apiName']}: {error}") from None
playwright._impl._errors.TimeoutError: Locator.wait_for: Timeout 15000ms exceeded.
Call log:
  - waiting for locator("#due-date") to be visible

2026-09-08 15:20:46,005 | ERROR | Ошибка миграции: задача=KISEMIAS2019-1941 система=jira проект=КИС 2.0 (REFACT)
Traceback (most recent call last):
  File "C:\Users\Давыдов Александр\Desktop\REPO\!JIRA_new\migration_gui.py", line 241, in execute_migration_process
    fill_mapped_fields(page, [(field, value)])
    ~~~~~~~~~~~~~~~~~~^^^^^^^^^^^^^^^^^^^^^^^^
  File "C:\Users\Давыдов Александр\Desktop\REPO\!JIRA_new\field_picker.py", line 198, in fill_mapped_fields
    locator.wait_for(state='visible')
    ~~~~~~~~~~~~~~~~^^^^^^^^^^^^^^^^^
  File "C:\Users\Давыдов Александр\Desktop\REPO\!JIRA_new\env\Lib\site-packages\playwright\sync_api\_generated.py", line 17975, in wait_for
    self._sync(self._impl_obj.wait_for(timeout=timeout, state=state))
    ~~~~~~~~~~^^^^^^^^^^^^^^^^^^^^^^^^^^^^^^^^^^^^^^^^^^^^^^^^^^^^^^^
  File "C:\Users\Давыдов Александр\Desktop\REPO\!JIRA_new\env\Lib\site-packages\playwright\_impl\_sync_base.py", line 115, in _sync
    return task.result()
           ~~~~~~~~~~~^^
  File "C:\Users\Давыдов Александр\Desktop\REPO\!JIRA_new\env\Lib\site-packages\playwright\_impl\_locator.py", line 692, in wait_for
    await self._frame.wait_for_selector(
        self._selector, strict=True, timeout=timeout, state=state
    )
  File "C:\Users\Давыдов Александр\Desktop\REPO\!JIRA_new\env\Lib\site-packages\playwright\_impl\_frame.py", line 369, in wait_for_selector
    await self._channel.send(
        "waitForSelector", self._timeout, locals_to_params(locals())
    )
  File "C:\Users\Давыдов Александр\Desktop\REPO\!JIRA_new\env\Lib\site-packages\playwright\_impl\_connection.py", line 69, in send
    return await self._connection.wrap_api_call(
           ^^^^^^^^^^^^^^^^^^^^^^^^^^^^^^^^^^^^^
    ...<3 lines>...
    )
    ^
  File "C:\Users\Давыдов Александр\Desktop\REPO\!JIRA_new\env\Lib\site-packages\playwright\_impl\_connection.py", line 558, in wrap_api_call
    raise rewrite_error(error, f"{parsed_st['apiName']}: {error}") from None
playwright._impl._errors.TimeoutError: Locator.wait_for: Timeout 15000ms exceeded.
Call log:
  - waiting for locator("#issuetype-field") to be visible


The above exception was the direct cause of the following exception:

Traceback (most recent call last):
  File "C:\Users\Давыдов Александр\Desktop\REPO\!JIRA_new\migration_gui.py", line 243, in execute_migration_process
    raise RuntimeError(f"Ошибка маппинга поля {field['label']} → {field['target_selector']}") from error
RuntimeError: Ошибка маппинга поля Тип → #issuetype-field
2026-09-08 15:22:40,161 | ERROR | Ошибка миграции: задача=KISEMIAS2019-1941 система=jira проект=КИС ЕМИАС (KIS)
Traceback (most recent call last):
  File "C:\Users\Давыдов Александр\Desktop\REPO\!JIRA_new\migration_gui.py", line 254, in execute_migration_process
    fill_mapped_fields(page, [(field, value)])
    ~~~~~~~~~~~~~~~~~~^^^^^^^^^^^^^^^^^^^^^^^^
  File "C:\Users\Давыдов Александр\Desktop\REPO\!JIRA_new\field_picker.py", line 209, in fill_mapped_fields
    page.get_by_role('option', name=value, exact=True).filter(visible=True).first.click()
    ~~~~~~~~~~~~~~~~~~~~~~~~~~~~~~~~~~~~~~~~~~~~~~~~~~~~~~~~~~~~~~~~~~~~~~~~~~~~~~~~~~~^^
  File "C:\Users\Давыдов Александр\Desktop\REPO\!JIRA_new\env\Lib\site-packages\playwright\sync_api\_generated.py", line 15543, in click
    self._sync(
    ~~~~~~~~~~^
        self._impl_obj.click(
        ^^^^^^^^^^^^^^^^^^^^^
    ...<9 lines>...
        )
        ^
    )
    ^
  File "C:\Users\Давыдов Александр\Desktop\REPO\!JIRA_new\env\Lib\site-packages\playwright\_impl\_sync_base.py", line 115, in _sync
    return task.result()
           ~~~~~~~~~~~^^
  File "C:\Users\Давыдов Александр\Desktop\REPO\!JIRA_new\env\Lib\site-packages\playwright\_impl\_locator.py", line 160, in click
    return await self._frame.click(self._selector, strict=True, **params)
           ^^^^^^^^^^^^^^^^^^^^^^^^^^^^^^^^^^^^^^^^^^^^^^^^^^^^^^^^^^^^^^
  File "C:\Users\Давыдов Александр\Desktop\REPO\!JIRA_new\env\Lib\site-packages\playwright\_impl\_frame.py", line 549, in click
    await self._channel.send("click", self._timeout, locals_to_params(locals()))
  File "C:\Users\Давыдов Александр\Desktop\REPO\!JIRA_new\env\Lib\site-packages\playwright\_impl\_connection.py", line 69, in send
    return await self._connection.wrap_api_call(
           ^^^^^^^^^^^^^^^^^^^^^^^^^^^^^^^^^^^^^
    ...<3 lines>...
    )
    ^
  File "C:\Users\Давыдов Александр\Desktop\REPO\!JIRA_new\env\Lib\site-packages\playwright\_impl\_connection.py", line 558, in wrap_api_call
    raise rewrite_error(error, f"{parsed_st['apiName']}: {error}") from None
playwright._impl._errors.TimeoutError: Locator.click: Timeout 15000ms exceeded.
Call log:
  - waiting for get_by_role("option", name="Критический", exact=True).filter(visible=True).first


The above exception was the direct cause of the following exception:

Traceback (most recent call last):
  File "C:\Users\Давыдов Александр\Desktop\REPO\!JIRA_new\migration_gui.py", line 256, in execute_migration_process
    raise RuntimeError(f"Ошибка маппинга поля {field['label']} → {field['target_selector']}") from error
RuntimeError: Ошибка маппинга поля Приоритет → #priority-field
2026-09-08 15:24:15,016 | ERROR | Пропущено целевое поле Приоритет → #priority-field
Traceback (most recent call last):
  File "C:\Users\Давыдов Александр\Desktop\REPO\!JIRA_new\migration_gui.py", line 265, in execute_migration_process
    fill_mapped_fields(page, [(field, value)])
    ~~~~~~~~~~~~~~~~~~^^^^^^^^^^^^^^^^^^^^^^^^
  File "C:\Users\Давыдов Александр\Desktop\REPO\!JIRA_new\field_picker.py", line 211, in fill_mapped_fields
    page.get_by_role('option', name=value, exact=True).filter(visible=True).first.click(timeout=3000)
    ~~~~~~~~~~~~~~~~~~~~~~~~~~~~~~~~~~~~~~~~~~~~~~~~~~~~~~~~~~~~~~~~~~~~~~~~~~~~~~~~~~~^^^^^^^^^^^^^^
  File "C:\Users\Давыдов Александр\Desktop\REPO\!JIRA_new\env\Lib\site-packages\playwright\sync_api\_generated.py", line 15543, in click
    self._sync(
    ~~~~~~~~~~^
        self._impl_obj.click(
        ^^^^^^^^^^^^^^^^^^^^^
    ...<9 lines>...
        )
        ^
    )
    ^
  File "C:\Users\Давыдов Александр\Desktop\REPO\!JIRA_new\env\Lib\site-packages\playwright\_impl\_sync_base.py", line 115, in _sync
    return task.result()
           ~~~~~~~~~~~^^
  File "C:\Users\Давыдов Александр\Desktop\REPO\!JIRA_new\env\Lib\site-packages\playwright\_impl\_locator.py", line 160, in click
    return await self._frame.click(self._selector, strict=True, **params)
           ^^^^^^^^^^^^^^^^^^^^^^^^^^^^^^^^^^^^^^^^^^^^^^^^^^^^^^^^^^^^^^
  File "C:\Users\Давыдов Александр\Desktop\REPO\!JIRA_new\env\Lib\site-packages\playwright\_impl\_frame.py", line 549, in click
    await self._channel.send("click", self._timeout, locals_to_params(locals()))
  File "C:\Users\Давыдов Александр\Desktop\REPO\!JIRA_new\env\Lib\site-packages\playwright\_impl\_connection.py", line 69, in send
    return await self._connection.wrap_api_call(
           ^^^^^^^^^^^^^^^^^^^^^^^^^^^^^^^^^^^^^
    ...<3 lines>...
    )
    ^
  File "C:\Users\Давыдов Александр\Desktop\REPO\!JIRA_new\env\Lib\site-packages\playwright\_impl\_connection.py", line 558, in wrap_api_call
    raise rewrite_error(error, f"{parsed_st['apiName']}: {error}") from None
playwright._impl._errors.TimeoutError: Locator.click: Timeout 3000ms exceeded.
Call log:
  - waiting for get_by_role("option", name="Критический", exact=True).filter(visible=True).first

2026-09-08 15:24:18,091 | ERROR | Пропущено целевое поле Метки → #labels-textarea
Traceback (most recent call last):
  File "C:\Users\Давыдов Александр\Desktop\REPO\!JIRA_new\migration_gui.py", line 265, in execute_migration_process
    fill_mapped_fields(page, [(field, value)])
    ~~~~~~~~~~~~~~~~~~^^^^^^^^^^^^^^^^^^^^^^^^
  File "C:\Users\Давыдов Александр\Desktop\REPO\!JIRA_new\field_picker.py", line 211, in fill_mapped_fields
    page.get_by_role('option', name=value, exact=True).filter(visible=True).first.click(timeout=3000)
    ~~~~~~~~~~~~~~~~~~~~~~~~~~~~~~~~~~~~~~~~~~~~~~~~~~~~~~~~~~~~~~~~~~~~~~~~~~~~~~~~~~~^^^^^^^^^^^^^^
  File "C:\Users\Давыдов Александр\Desktop\REPO\!JIRA_new\env\Lib\site-packages\playwright\sync_api\_generated.py", line 15543, in click
    self._sync(
    ~~~~~~~~~~^
        self._impl_obj.click(
        ^^^^^^^^^^^^^^^^^^^^^
    ...<9 lines>...
        )
        ^
    )
    ^
  File "C:\Users\Давыдов Александр\Desktop\REPO\!JIRA_new\env\Lib\site-packages\playwright\_impl\_sync_base.py", line 115, in _sync
    return task.result()
           ~~~~~~~~~~~^^
  File "C:\Users\Давыдов Александр\Desktop\REPO\!JIRA_new\env\Lib\site-packages\playwright\_impl\_locator.py", line 160, in click
    return await self._frame.click(self._selector, strict=True, **params)
           ^^^^^^^^^^^^^^^^^^^^^^^^^^^^^^^^^^^^^^^^^^^^^^^^^^^^^^^^^^^^^^
  File "C:\Users\Давыдов Александр\Desktop\REPO\!JIRA_new\env\Lib\site-packages\playwright\_impl\_frame.py", line 549, in click
    await self._channel.send("click", self._timeout, locals_to_params(locals()))
  File "C:\Users\Давыдов Александр\Desktop\REPO\!JIRA_new\env\Lib\site-packages\playwright\_impl\_connection.py", line 69, in send
    return await self._connection.wrap_api_call(
           ^^^^^^^^^^^^^^^^^^^^^^^^^^^^^^^^^^^^^
    ...<3 lines>...
    )
    ^
  File "C:\Users\Давыдов Александр\Desktop\REPO\!JIRA_new\env\Lib\site-packages\playwright\_impl\_connection.py", line 558, in wrap_api_call
    raise rewrite_error(error, f"{parsed_st['apiName']}: {error}") from None
playwright._impl._errors.TimeoutError: Locator.click: Timeout 3000ms exceeded.
Call log:
  - waiting for get_by_role("option", name="Метки:\nРеанимация Туберкулез", exact=True).filter(visible=True).first

2026-09-08 15:24:21,145 | ERROR | Пропущено целевое поле Исправить_в_версиях → #fixVersions-textarea
Traceback (most recent call last):
  File "C:\Users\Давыдов Александр\Desktop\REPO\!JIRA_new\migration_gui.py", line 265, in execute_migration_process
    fill_mapped_fields(page, [(field, value)])
    ~~~~~~~~~~~~~~~~~~^^^^^^^^^^^^^^^^^^^^^^^^
  File "C:\Users\Давыдов Александр\Desktop\REPO\!JIRA_new\field_picker.py", line 211, in fill_mapped_fields
    page.get_by_role('option', name=value, exact=True).filter(visible=True).first.click(timeout=3000)
    ~~~~~~~~~~~~~~~~~~~~~~~~~~~~~~~~~~~~~~~~~~~~~~~~~~~~~~~~~~~~~~~~~~~~~~~~~~~~~~~~~~~^^^^^^^^^^^^^^
  File "C:\Users\Давыдов Александр\Desktop\REPO\!JIRA_new\env\Lib\site-packages\playwright\sync_api\_generated.py", line 15543, in click
    self._sync(
    ~~~~~~~~~~^
        self._impl_obj.click(
        ^^^^^^^^^^^^^^^^^^^^^
    ...<9 lines>...
        )
        ^
    )
    ^
  File "C:\Users\Давыдов Александр\Desktop\REPO\!JIRA_new\env\Lib\site-packages\playwright\_impl\_sync_base.py", line 115, in _sync
    return task.result()
           ~~~~~~~~~~~^^
  File "C:\Users\Давыдов Александр\Desktop\REPO\!JIRA_new\env\Lib\site-packages\playwright\_impl\_locator.py", line 160, in click
    return await self._frame.click(self._selector, strict=True, **params)
           ^^^^^^^^^^^^^^^^^^^^^^^^^^^^^^^^^^^^^^^^^^^^^^^^^^^^^^^^^^^^^^
  File "C:\Users\Давыдов Александр\Desktop\REPO\!JIRA_new\env\Lib\site-packages\playwright\_impl\_frame.py", line 549, in click
    await self._channel.send("click", self._timeout, locals_to_params(locals()))
  File "C:\Users\Давыдов Александр\Desktop\REPO\!JIRA_new\env\Lib\site-packages\playwright\_impl\_connection.py", line 69, in send
    return await self._connection.wrap_api_call(
           ^^^^^^^^^^^^^^^^^^^^^^^^^^^^^^^^^^^^^
    ...<3 lines>...
    )
    ^
  File "C:\Users\Давыдов Александр\Desktop\REPO\!JIRA_new\env\Lib\site-packages\playwright\_impl\_connection.py", line 558, in wrap_api_call
    raise rewrite_error(error, f"{parsed_st['apiName']}: {error}") from None
playwright._impl._errors.TimeoutError: Locator.click: Timeout 3000ms exceeded.
Call log:
  - waiting for get_by_role("option", name="Релиз 13.01.20", exact=True).filter(visible=True).first

2026-09-08 15:25:14,994 | ERROR | Пропущено целевое поле Приоритет → #priority-field
Traceback (most recent call last):
  File "C:\Users\Давыдов Александр\Desktop\REPO\!JIRA_new\migration_gui.py", line 265, in execute_migration_process
    fill_mapped_fields(page, [(field, value)])
    ~~~~~~~~~~~~~~~~~~^^^^^^^^^^^^^^^^^^^^^^^^
  File "C:\Users\Давыдов Александр\Desktop\REPO\!JIRA_new\field_picker.py", line 211, in fill_mapped_fields
    page.get_by_role('option', name=value, exact=True).filter(visible=True).first.click(timeout=3000)
    ~~~~~~~~~~~~~~~~~~~~~~~~~~~~~~~~~~~~~~~~~~~~~~~~~~~~~~~~~~~~~~~~~~~~~~~~~~~~~~~~~~~^^^^^^^^^^^^^^
  File "C:\Users\Давыдов Александр\Desktop\REPO\!JIRA_new\env\Lib\site-packages\playwright\sync_api\_generated.py", line 15543, in click
    self._sync(
    ~~~~~~~~~~^
        self._impl_obj.click(
        ^^^^^^^^^^^^^^^^^^^^^
    ...<9 lines>...
        )
        ^
    )
    ^
  File "C:\Users\Давыдов Александр\Desktop\REPO\!JIRA_new\env\Lib\site-packages\playwright\_impl\_sync_base.py", line 115, in _sync
    return task.result()
           ~~~~~~~~~~~^^
  File "C:\Users\Давыдов Александр\Desktop\REPO\!JIRA_new\env\Lib\site-packages\playwright\_impl\_locator.py", line 160, in click
    return await self._frame.click(self._selector, strict=True, **params)
           ^^^^^^^^^^^^^^^^^^^^^^^^^^^^^^^^^^^^^^^^^^^^^^^^^^^^^^^^^^^^^^
  File "C:\Users\Давыдов Александр\Desktop\REPO\!JIRA_new\env\Lib\site-packages\playwright\_impl\_frame.py", line 549, in click
    await self._channel.send("click", self._timeout, locals_to_params(locals()))
  File "C:\Users\Давыдов Александр\Desktop\REPO\!JIRA_new\env\Lib\site-packages\playwright\_impl\_connection.py", line 69, in send
    return await self._connection.wrap_api_call(
           ^^^^^^^^^^^^^^^^^^^^^^^^^^^^^^^^^^^^^
    ...<3 lines>...
    )
    ^
  File "C:\Users\Давыдов Александр\Desktop\REPO\!JIRA_new\env\Lib\site-packages\playwright\_impl\_connection.py", line 558, in wrap_api_call
    raise rewrite_error(error, f"{parsed_st['apiName']}: {error}") from None
playwright._impl._errors.TimeoutError: Locator.click: Timeout 3000ms exceeded.
Call log:
  - waiting for get_by_role("option", name="Критический", exact=True).filter(visible=True).first

2026-09-08 15:25:18,061 | ERROR | Пропущено целевое поле Метки → #labels-textarea
Traceback (most recent call last):
  File "C:\Users\Давыдов Александр\Desktop\REPO\!JIRA_new\migration_gui.py", line 265, in execute_migration_process
    fill_mapped_fields(page, [(field, value)])
    ~~~~~~~~~~~~~~~~~~^^^^^^^^^^^^^^^^^^^^^^^^
  File "C:\Users\Давыдов Александр\Desktop\REPO\!JIRA_new\field_picker.py", line 211, in fill_mapped_fields
    page.get_by_role('option', name=value, exact=True).filter(visible=True).first.click(timeout=3000)
    ~~~~~~~~~~~~~~~~~~~~~~~~~~~~~~~~~~~~~~~~~~~~~~~~~~~~~~~~~~~~~~~~~~~~~~~~~~~~~~~~~~~^^^^^^^^^^^^^^
  File "C:\Users\Давыдов Александр\Desktop\REPO\!JIRA_new\env\Lib\site-packages\playwright\sync_api\_generated.py", line 15543, in click
    self._sync(
    ~~~~~~~~~~^
        self._impl_obj.click(
        ^^^^^^^^^^^^^^^^^^^^^
    ...<9 lines>...
        )
        ^
    )
    ^
  File "C:\Users\Давыдов Александр\Desktop\REPO\!JIRA_new\env\Lib\site-packages\playwright\_impl\_sync_base.py", line 115, in _sync
    return task.result()
           ~~~~~~~~~~~^^
  File "C:\Users\Давыдов Александр\Desktop\REPO\!JIRA_new\env\Lib\site-packages\playwright\_impl\_locator.py", line 160, in click
    return await self._frame.click(self._selector, strict=True, **params)
           ^^^^^^^^^^^^^^^^^^^^^^^^^^^^^^^^^^^^^^^^^^^^^^^^^^^^^^^^^^^^^^
  File "C:\Users\Давыдов Александр\Desktop\REPO\!JIRA_new\env\Lib\site-packages\playwright\_impl\_frame.py", line 549, in click
    await self._channel.send("click", self._timeout, locals_to_params(locals()))
  File "C:\Users\Давыдов Александр\Desktop\REPO\!JIRA_new\env\Lib\site-packages\playwright\_impl\_connection.py", line 69, in send
    return await self._connection.wrap_api_call(
           ^^^^^^^^^^^^^^^^^^^^^^^^^^^^^^^^^^^^^
    ...<3 lines>...
    )
    ^
  File "C:\Users\Давыдов Александр\Desktop\REPO\!JIRA_new\env\Lib\site-packages\playwright\_impl\_connection.py", line 558, in wrap_api_call
    raise rewrite_error(error, f"{parsed_st['apiName']}: {error}") from None
playwright._impl._errors.TimeoutError: Locator.click: Timeout 3000ms exceeded.
Call log:
  - waiting for get_by_role("option", name="Метки:\nРеанимация Туберкулез", exact=True).filter(visible=True).first

2026-09-08 15:25:21,114 | ERROR | Пропущено целевое поле Исправить_в_версиях → #fixVersions-textarea
Traceback (most recent call last):
  File "C:\Users\Давыдов Александр\Desktop\REPO\!JIRA_new\migration_gui.py", line 265, in execute_migration_process
    fill_mapped_fields(page, [(field, value)])
    ~~~~~~~~~~~~~~~~~~^^^^^^^^^^^^^^^^^^^^^^^^
  File "C:\Users\Давыдов Александр\Desktop\REPO\!JIRA_new\field_picker.py", line 211, in fill_mapped_fields
    page.get_by_role('option', name=value, exact=True).filter(visible=True).first.click(timeout=3000)
    ~~~~~~~~~~~~~~~~~~~~~~~~~~~~~~~~~~~~~~~~~~~~~~~~~~~~~~~~~~~~~~~~~~~~~~~~~~~~~~~~~~~^^^^^^^^^^^^^^
  File "C:\Users\Давыдов Александр\Desktop\REPO\!JIRA_new\env\Lib\site-packages\playwright\sync_api\_generated.py", line 15543, in click
    self._sync(
    ~~~~~~~~~~^
        self._impl_obj.click(
        ^^^^^^^^^^^^^^^^^^^^^
    ...<9 lines>...
        )
        ^
    )
    ^
  File "C:\Users\Давыдов Александр\Desktop\REPO\!JIRA_new\env\Lib\site-packages\playwright\_impl\_sync_base.py", line 115, in _sync
    return task.result()
           ~~~~~~~~~~~^^
  File "C:\Users\Давыдов Александр\Desktop\REPO\!JIRA_new\env\Lib\site-packages\playwright\_impl\_locator.py", line 160, in click
    return await self._frame.click(self._selector, strict=True, **params)
           ^^^^^^^^^^^^^^^^^^^^^^^^^^^^^^^^^^^^^^^^^^^^^^^^^^^^^^^^^^^^^^
  File "C:\Users\Давыдов Александр\Desktop\REPO\!JIRA_new\env\Lib\site-packages\playwright\_impl\_frame.py", line 549, in click
    await self._channel.send("click", self._timeout, locals_to_params(locals()))
  File "C:\Users\Давыдов Александр\Desktop\REPO\!JIRA_new\env\Lib\site-packages\playwright\_impl\_connection.py", line 69, in send
    return await self._connection.wrap_api_call(
           ^^^^^^^^^^^^^^^^^^^^^^^^^^^^^^^^^^^^^
    ...<3 lines>...
    )
    ^
  File "C:\Users\Давыдов Александр\Desktop\REPO\!JIRA_new\env\Lib\site-packages\playwright\_impl\_connection.py", line 558, in wrap_api_call
    raise rewrite_error(error, f"{parsed_st['apiName']}: {error}") from None
playwright._impl._errors.TimeoutError: Locator.click: Timeout 3000ms exceeded.
Call log:
  - waiting for get_by_role("option", name="Релиз 13.01.20", exact=True).filter(visible=True).first

2026-09-08 15:25:57,624 | ERROR | Пропущено исходное поле Название
Traceback (most recent call last):
  File "C:\Users\Давыдов Александр\Desktop\REPO\!JIRA_new\migration_gui.py", line 238, in execute_migration_process
    pairs.append((field, read_field(page, field)))
                         ~~~~~~~~~~^^^^^^^^^^^^^
  File "C:\Users\Давыдов Александр\Desktop\REPO\!JIRA_new\field_picker.py", line 224, in read_field
    locator.wait_for(state="visible", timeout=5000)
    ~~~~~~~~~~~~~~~~^^^^^^^^^^^^^^^^^^^^^^^^^^^^^^^
  File "C:\Users\Давыдов Александр\Desktop\REPO\!JIRA_new\env\Lib\site-packages\playwright\sync_api\_generated.py", line 17975, in wait_for
    self._sync(self._impl_obj.wait_for(timeout=timeout, state=state))
    ~~~~~~~~~~^^^^^^^^^^^^^^^^^^^^^^^^^^^^^^^^^^^^^^^^^^^^^^^^^^^^^^^
  File "C:\Users\Давыдов Александр\Desktop\REPO\!JIRA_new\env\Lib\site-packages\playwright\_impl\_sync_base.py", line 115, in _sync
    return task.result()
           ~~~~~~~~~~~^^
  File "C:\Users\Давыдов Александр\Desktop\REPO\!JIRA_new\env\Lib\site-packages\playwright\_impl\_locator.py", line 692, in wait_for
    await self._frame.wait_for_selector(
        self._selector, strict=True, timeout=timeout, state=state
    )
  File "C:\Users\Давыдов Александр\Desktop\REPO\!JIRA_new\env\Lib\site-packages\playwright\_impl\_frame.py", line 369, in wait_for_selector
    await self._channel.send(
        "waitForSelector", self._timeout, locals_to_params(locals())
    )
  File "C:\Users\Давыдов Александр\Desktop\REPO\!JIRA_new\env\Lib\site-packages\playwright\_impl\_connection.py", line 69, in send
    return await self._connection.wrap_api_call(
           ^^^^^^^^^^^^^^^^^^^^^^^^^^^^^^^^^^^^^
    ...<3 lines>...
    )
    ^
  File "C:\Users\Давыдов Александр\Desktop\REPO\!JIRA_new\env\Lib\site-packages\playwright\_impl\_connection.py", line 558, in wrap_api_call
    raise rewrite_error(error, f"{parsed_st['apiName']}: {error}") from None
playwright._impl._errors.TimeoutError: Locator.wait_for: Timeout 5000ms exceeded.
Call log:
  - waiting for locator("#summary-val") to be visible

2026-09-08 15:26:02,073 | ERROR | Пропущено исходное поле Тип
Traceback (most recent call last):
  File "C:\Users\Давыдов Александр\Desktop\REPO\!JIRA_new\migration_gui.py", line 238, in execute_migration_process
    pairs.append((field, read_field(page, field)))
                         ~~~~~~~~~~^^^^^^^^^^^^^
  File "C:\Users\Давыдов Александр\Desktop\REPO\!JIRA_new\field_picker.py", line 224, in read_field
    locator.wait_for(state="visible", timeout=5000)
    ~~~~~~~~~~~~~~~~^^^^^^^^^^^^^^^^^^^^^^^^^^^^^^^
  File "C:\Users\Давыдов Александр\Desktop\REPO\!JIRA_new\env\Lib\site-packages\playwright\sync_api\_generated.py", line 17975, in wait_for
    self._sync(self._impl_obj.wait_for(timeout=timeout, state=state))
    ~~~~~~~~~~^^^^^^^^^^^^^^^^^^^^^^^^^^^^^^^^^^^^^^^^^^^^^^^^^^^^^^^
  File "C:\Users\Давыдов Александр\Desktop\REPO\!JIRA_new\env\Lib\site-packages\playwright\_impl\_sync_base.py", line 115, in _sync
    return task.result()
           ~~~~~~~~~~~^^
  File "C:\Users\Давыдов Александр\Desktop\REPO\!JIRA_new\env\Lib\site-packages\playwright\_impl\_locator.py", line 692, in wait_for
    await self._frame.wait_for_selector(
        self._selector, strict=True, timeout=timeout, state=state
    )
  File "C:\Users\Давыдов Александр\Desktop\REPO\!JIRA_new\env\Lib\site-packages\playwright\_impl\_frame.py", line 369, in wait_for_selector
    await self._channel.send(
        "waitForSelector", self._timeout, locals_to_params(locals())
    )
  File "C:\Users\Давыдов Александр\Desktop\REPO\!JIRA_new\env\Lib\site-packages\playwright\_impl\_connection.py", line 69, in send
    return await self._connection.wrap_api_call(
           ^^^^^^^^^^^^^^^^^^^^^^^^^^^^^^^^^^^^^
    ...<3 lines>...
    )
    ^
  File "C:\Users\Давыдов Александр\Desktop\REPO\!JIRA_new\env\Lib\site-packages\playwright\_impl\_connection.py", line 558, in wrap_api_call
    raise rewrite_error(error, f"{parsed_st['apiName']}: {error}") from None
playwright._impl._errors.TargetClosedError: Locator.wait_for: Target page, context or browser has been closed
Call log:
  - waiting for locator("#type-val") to be visible

2026-09-08 15:26:02,115 | ERROR | Пропущено исходное поле Приоритет
Traceback (most recent call last):
  File "C:\Users\Давыдов Александр\Desktop\REPO\!JIRA_new\migration_gui.py", line 238, in execute_migration_process
    pairs.append((field, read_field(page, field)))
                         ~~~~~~~~~~^^^^^^^^^^^^^
  File "C:\Users\Давыдов Александр\Desktop\REPO\!JIRA_new\field_picker.py", line 224, in read_field
    locator.wait_for(state="visible", timeout=5000)
    ~~~~~~~~~~~~~~~~^^^^^^^^^^^^^^^^^^^^^^^^^^^^^^^
  File "C:\Users\Давыдов Александр\Desktop\REPO\!JIRA_new\env\Lib\site-packages\playwright\sync_api\_generated.py", line 17975, in wait_for
    self._sync(self._impl_obj.wait_for(timeout=timeout, state=state))
    ~~~~~~~~~~^^^^^^^^^^^^^^^^^^^^^^^^^^^^^^^^^^^^^^^^^^^^^^^^^^^^^^^
  File "C:\Users\Давыдов Александр\Desktop\REPO\!JIRA_new\env\Lib\site-packages\playwright\_impl\_sync_base.py", line 115, in _sync
    return task.result()
           ~~~~~~~~~~~^^
  File "C:\Users\Давыдов Александр\Desktop\REPO\!JIRA_new\env\Lib\site-packages\playwright\_impl\_locator.py", line 692, in wait_for
    await self._frame.wait_for_selector(
        self._selector, strict=True, timeout=timeout, state=state
    )
  File "C:\Users\Давыдов Александр\Desktop\REPO\!JIRA_new\env\Lib\site-packages\playwright\_impl\_frame.py", line 369, in wait_for_selector
    await self._channel.send(
        "waitForSelector", self._timeout, locals_to_params(locals())
    )
  File "C:\Users\Давыдов Александр\Desktop\REPO\!JIRA_new\env\Lib\site-packages\playwright\_impl\_connection.py", line 69, in send
    return await self._connection.wrap_api_call(
           ^^^^^^^^^^^^^^^^^^^^^^^^^^^^^^^^^^^^^
    ...<3 lines>...
    )
    ^
  File "C:\Users\Давыдов Александр\Desktop\REPO\!JIRA_new\env\Lib\site-packages\playwright\_impl\_connection.py", line 558, in wrap_api_call
    raise rewrite_error(error, f"{parsed_st['apiName']}: {error}") from None
playwright._impl._errors.TargetClosedError: Locator.wait_for: Target page, context or browser has been closed
2026-09-08 15:26:02,134 | ERROR | Пропущено исходное поле Метки
Traceback (most recent call last):
  File "C:\Users\Давыдов Александр\Desktop\REPO\!JIRA_new\migration_gui.py", line 238, in execute_migration_process
    pairs.append((field, read_field(page, field)))
                         ~~~~~~~~~~^^^^^^^^^^^^^
  File "C:\Users\Давыдов Александр\Desktop\REPO\!JIRA_new\field_picker.py", line 224, in read_field
    locator.wait_for(state="visible", timeout=5000)
    ~~~~~~~~~~~~~~~~^^^^^^^^^^^^^^^^^^^^^^^^^^^^^^^
  File "C:\Users\Давыдов Александр\Desktop\REPO\!JIRA_new\env\Lib\site-packages\playwright\sync_api\_generated.py", line 17975, in wait_for
    self._sync(self._impl_obj.wait_for(timeout=timeout, state=state))
    ~~~~~~~~~~^^^^^^^^^^^^^^^^^^^^^^^^^^^^^^^^^^^^^^^^^^^^^^^^^^^^^^^
  File "C:\Users\Давыдов Александр\Desktop\REPO\!JIRA_new\env\Lib\site-packages\playwright\_impl\_sync_base.py", line 115, in _sync
    return task.result()
           ~~~~~~~~~~~^^
  File "C:\Users\Давыдов Александр\Desktop\REPO\!JIRA_new\env\Lib\site-packages\playwright\_impl\_locator.py", line 692, in wait_for
    await self._frame.wait_for_selector(
        self._selector, strict=True, timeout=timeout, state=state
    )
  File "C:\Users\Давыдов Александр\Desktop\REPO\!JIRA_new\env\Lib\site-packages\playwright\_impl\_frame.py", line 369, in wait_for_selector
    await self._channel.send(
        "waitForSelector", self._timeout, locals_to_params(locals())
    )
  File "C:\Users\Давыдов Александр\Desktop\REPO\!JIRA_new\env\Lib\site-packages\playwright\_impl\_connection.py", line 69, in send
    return await self._connection.wrap_api_call(
           ^^^^^^^^^^^^^^^^^^^^^^^^^^^^^^^^^^^^^
    ...<3 lines>...
    )
    ^
  File "C:\Users\Давыдов Александр\Desktop\REPO\!JIRA_new\env\Lib\site-packages\playwright\_impl\_connection.py", line 558, in wrap_api_call
    raise rewrite_error(error, f"{parsed_st['apiName']}: {error}") from None
playwright._impl._errors.TargetClosedError: Locator.wait_for: Target page, context or browser has been closed
2026-09-08 15:26:02,151 | ERROR | Пропущено исходное поле Исправить_в_версиях
Traceback (most recent call last):
  File "C:\Users\Давыдов Александр\Desktop\REPO\!JIRA_new\migration_gui.py", line 238, in execute_migration_process
    pairs.append((field, read_field(page, field)))
                         ~~~~~~~~~~^^^^^^^^^^^^^
  File "C:\Users\Давыдов Александр\Desktop\REPO\!JIRA_new\field_picker.py", line 224, in read_field
    locator.wait_for(state="visible", timeout=5000)
    ~~~~~~~~~~~~~~~~^^^^^^^^^^^^^^^^^^^^^^^^^^^^^^^
  File "C:\Users\Давыдов Александр\Desktop\REPO\!JIRA_new\env\Lib\site-packages\playwright\sync_api\_generated.py", line 17975, in wait_for
    self._sync(self._impl_obj.wait_for(timeout=timeout, state=state))
    ~~~~~~~~~~^^^^^^^^^^^^^^^^^^^^^^^^^^^^^^^^^^^^^^^^^^^^^^^^^^^^^^^
  File "C:\Users\Давыдов Александр\Desktop\REPO\!JIRA_new\env\Lib\site-packages\playwright\_impl\_sync_base.py", line 115, in _sync
    return task.result()
           ~~~~~~~~~~~^^
  File "C:\Users\Давыдов Александр\Desktop\REPO\!JIRA_new\env\Lib\site-packages\playwright\_impl\_locator.py", line 692, in wait_for
    await self._frame.wait_for_selector(
        self._selector, strict=True, timeout=timeout, state=state
    )
  File "C:\Users\Давыдов Александр\Desktop\REPO\!JIRA_new\env\Lib\site-packages\playwright\_impl\_frame.py", line 369, in wait_for_selector
    await self._channel.send(
        "waitForSelector", self._timeout, locals_to_params(locals())
    )
  File "C:\Users\Давыдов Александр\Desktop\REPO\!JIRA_new\env\Lib\site-packages\playwright\_impl\_connection.py", line 69, in send
    return await self._connection.wrap_api_call(
           ^^^^^^^^^^^^^^^^^^^^^^^^^^^^^^^^^^^^^
    ...<3 lines>...
    )
    ^
  File "C:\Users\Давыдов Александр\Desktop\REPO\!JIRA_new\env\Lib\site-packages\playwright\_impl\_connection.py", line 558, in wrap_api_call
    raise rewrite_error(error, f"{parsed_st['apiName']}: {error}") from None
playwright._impl._errors.TargetClosedError: Locator.wait_for: Target page, context or browser has been closed
2026-09-08 15:26:02,164 | ERROR | Пропущено исходное поле Описание
Traceback (most recent call last):
  File "C:\Users\Давыдов Александр\Desktop\REPO\!JIRA_new\migration_gui.py", line 238, in execute_migration_process
    pairs.append((field, read_field(page, field)))
                         ~~~~~~~~~~^^^^^^^^^^^^^
  File "C:\Users\Давыдов Александр\Desktop\REPO\!JIRA_new\field_picker.py", line 224, in read_field
    locator.wait_for(state="visible", timeout=5000)
    ~~~~~~~~~~~~~~~~^^^^^^^^^^^^^^^^^^^^^^^^^^^^^^^
  File "C:\Users\Давыдов Александр\Desktop\REPO\!JIRA_new\env\Lib\site-packages\playwright\sync_api\_generated.py", line 17975, in wait_for
    self._sync(self._impl_obj.wait_for(timeout=timeout, state=state))
    ~~~~~~~~~~^^^^^^^^^^^^^^^^^^^^^^^^^^^^^^^^^^^^^^^^^^^^^^^^^^^^^^^
  File "C:\Users\Давыдов Александр\Desktop\REPO\!JIRA_new\env\Lib\site-packages\playwright\_impl\_sync_base.py", line 115, in _sync
    return task.result()
           ~~~~~~~~~~~^^
  File "C:\Users\Давыдов Александр\Desktop\REPO\!JIRA_new\env\Lib\site-packages\playwright\_impl\_locator.py", line 692, in wait_for
    await self._frame.wait_for_selector(
        self._selector, strict=True, timeout=timeout, state=state
    )
  File "C:\Users\Давыдов Александр\Desktop\REPO\!JIRA_new\env\Lib\site-packages\playwright\_impl\_frame.py", line 369, in wait_for_selector
    await self._channel.send(
        "waitForSelector", self._timeout, locals_to_params(locals())
    )
  File "C:\Users\Давыдов Александр\Desktop\REPO\!JIRA_new\env\Lib\site-packages\playwright\_impl\_connection.py", line 69, in send
    return await self._connection.wrap_api_call(
           ^^^^^^^^^^^^^^^^^^^^^^^^^^^^^^^^^^^^^
    ...<3 lines>...
    )
    ^
  File "C:\Users\Давыдов Александр\Desktop\REPO\!JIRA_new\env\Lib\site-packages\playwright\_impl\_connection.py", line 558, in wrap_api_call
    raise rewrite_error(error, f"{parsed_st['apiName']}: {error}") from None
playwright._impl._errors.TargetClosedError: Locator.wait_for: Target page, context or browser has been closed
2026-09-08 15:26:02,174 | ERROR | Пропущено исходное поле Вложенные_файлы_Опции
Traceback (most recent call last):
  File "C:\Users\Давыдов Александр\Desktop\REPO\!JIRA_new\migration_gui.py", line 238, in execute_migration_process
    pairs.append((field, read_field(page, field)))
                         ~~~~~~~~~~^^^^^^^^^^^^^
  File "C:\Users\Давыдов Александр\Desktop\REPO\!JIRA_new\field_picker.py", line 224, in read_field
    locator.wait_for(state="visible", timeout=5000)
    ~~~~~~~~~~~~~~~~^^^^^^^^^^^^^^^^^^^^^^^^^^^^^^^
  File "C:\Users\Давыдов Александр\Desktop\REPO\!JIRA_new\env\Lib\site-packages\playwright\sync_api\_generated.py", line 17975, in wait_for
    self._sync(self._impl_obj.wait_for(timeout=timeout, state=state))
    ~~~~~~~~~~^^^^^^^^^^^^^^^^^^^^^^^^^^^^^^^^^^^^^^^^^^^^^^^^^^^^^^^
  File "C:\Users\Давыдов Александр\Desktop\REPO\!JIRA_new\env\Lib\site-packages\playwright\_impl\_sync_base.py", line 115, in _sync
    return task.result()
           ~~~~~~~~~~~^^
  File "C:\Users\Давыдов Александр\Desktop\REPO\!JIRA_new\env\Lib\site-packages\playwright\_impl\_locator.py", line 692, in wait_for
    await self._frame.wait_for_selector(
        self._selector, strict=True, timeout=timeout, state=state
    )
  File "C:\Users\Давыдов Александр\Desktop\REPO\!JIRA_new\env\Lib\site-packages\playwright\_impl\_frame.py", line 369, in wait_for_selector
    await self._channel.send(
        "waitForSelector", self._timeout, locals_to_params(locals())
    )
  File "C:\Users\Давыдов Александр\Desktop\REPO\!JIRA_new\env\Lib\site-packages\playwright\_impl\_connection.py", line 69, in send
    return await self._connection.wrap_api_call(
           ^^^^^^^^^^^^^^^^^^^^^^^^^^^^^^^^^^^^^
    ...<3 lines>...
    )
    ^
  File "C:\Users\Давыдов Александр\Desktop\REPO\!JIRA_new\env\Lib\site-packages\playwright\_impl\_connection.py", line 558, in wrap_api_call
    raise rewrite_error(error, f"{parsed_st['apiName']}: {error}") from None
playwright._impl._errors.TargetClosedError: Locator.wait_for: Target page, context or browser has been closed
2026-09-08 15:26:02,364 | ERROR | Ошибка миграции: задача=KISEMIAS2025-1941 система=jira проект=КИС 2.0 (REFACT)
Traceback (most recent call last):
  File "C:\Users\Давыдов Александр\Desktop\REPO\!JIRA_new\migration_gui.py", line 256, in execute_migration_process
    destination.create_issue({}, task_id, target_project, issue_type=issue_type)
    ~~~~~~~~~~~~~~~~~~~~~~~~^^^^^^^^^^^^^^^^^^^^^^^^^^^^^^^^^^^^^^^^^^^^^^^^^^^^
  File "C:\Users\Давыдов Александр\Desktop\REPO\!JIRA_new\jrf.py", line 204, in create_issue
    self.page.goto(CONFIG["dest_jira"]["dashboard"], wait_until="domcontentloaded")
    ~~~~~~~~~~~~~~^^^^^^^^^^^^^^^^^^^^^^^^^^^^^^^^^^^^^^^^^^^^^^^^^^^^^^^^^^^^^^^^^
  File "C:\Users\Давыдов Александр\Desktop\REPO\!JIRA_new\env\Lib\site-packages\playwright\sync_api\_generated.py", line 9019, in goto
    self._sync(
    ~~~~~~~~~~^
        self._impl_obj.goto(
        ^^^^^^^^^^^^^^^^^^^^
            url=url, timeout=timeout, waitUntil=wait_until, referer=referer
            ^^^^^^^^^^^^^^^^^^^^^^^^^^^^^^^^^^^^^^^^^^^^^^^^^^^^^^^^^^^^^^^
        )
        ^
    )
    ^
  File "C:\Users\Давыдов Александр\Desktop\REPO\!JIRA_new\env\Lib\site-packages\playwright\_impl\_sync_base.py", line 115, in _sync
    return task.result()
           ~~~~~~~~~~~^^
  File "C:\Users\Давыдов Александр\Desktop\REPO\!JIRA_new\env\Lib\site-packages\playwright\_impl\_page.py", line 556, in goto
    return await self._main_frame.goto(**locals_to_params(locals()))
           ^^^^^^^^^^^^^^^^^^^^^^^^^^^^^^^^^^^^^^^^^^^^^^^^^^^^^^^^^
  File "C:\Users\Давыдов Александр\Desktop\REPO\!JIRA_new\env\Lib\site-packages\playwright\_impl\_frame.py", line 153, in goto
    await self._channel.send(
        "goto", self._navigation_timeout, locals_to_params(locals())
    )
  File "C:\Users\Давыдов Александр\Desktop\REPO\!JIRA_new\env\Lib\site-packages\playwright\_impl\_connection.py", line 69, in send
    return await self._connection.wrap_api_call(
           ^^^^^^^^^^^^^^^^^^^^^^^^^^^^^^^^^^^^^
    ...<3 lines>...
    )
    ^
  File "C:\Users\Давыдов Александр\Desktop\REPO\!JIRA_new\env\Lib\site-packages\playwright\_impl\_connection.py", line 558, in wrap_api_call
    raise rewrite_error(error, f"{parsed_st['apiName']}: {error}") from None
playwright._impl._errors.TargetClosedError: Page.goto: Target page, context or browser has been closed
2026-09-08 15:26:17,611 | ERROR | Пропущено целевое поле Приоритет → #priority-field
Traceback (most recent call last):
  File "C:\Users\Давыдов Александр\Desktop\REPO\!JIRA_new\migration_gui.py", line 265, in execute_migration_process
    fill_mapped_fields(page, [(field, value)])
    ~~~~~~~~~~~~~~~~~~^^^^^^^^^^^^^^^^^^^^^^^^
  File "C:\Users\Давыдов Александр\Desktop\REPO\!JIRA_new\field_picker.py", line 211, in fill_mapped_fields
    page.get_by_role('option', name=value, exact=True).filter(visible=True).first.click(timeout=3000)
    ~~~~~~~~~~~~~~~~~~~~~~~~~~~~~~~~~~~~~~~~~~~~~~~~~~~~~~~~~~~~~~~~~~~~~~~~~~~~~~~~~~~^^^^^^^^^^^^^^
  File "C:\Users\Давыдов Александр\Desktop\REPO\!JIRA_new\env\Lib\site-packages\playwright\sync_api\_generated.py", line 15543, in click
    self._sync(
    ~~~~~~~~~~^
        self._impl_obj.click(
        ^^^^^^^^^^^^^^^^^^^^^
    ...<9 lines>...
        )
        ^
    )
    ^
  File "C:\Users\Давыдов Александр\Desktop\REPO\!JIRA_new\env\Lib\site-packages\playwright\_impl\_sync_base.py", line 115, in _sync
    return task.result()
           ~~~~~~~~~~~^^
  File "C:\Users\Давыдов Александр\Desktop\REPO\!JIRA_new\env\Lib\site-packages\playwright\_impl\_locator.py", line 160, in click
    return await self._frame.click(self._selector, strict=True, **params)
           ^^^^^^^^^^^^^^^^^^^^^^^^^^^^^^^^^^^^^^^^^^^^^^^^^^^^^^^^^^^^^^
  File "C:\Users\Давыдов Александр\Desktop\REPO\!JIRA_new\env\Lib\site-packages\playwright\_impl\_frame.py", line 549, in click
    await self._channel.send("click", self._timeout, locals_to_params(locals()))
  File "C:\Users\Давыдов Александр\Desktop\REPO\!JIRA_new\env\Lib\site-packages\playwright\_impl\_connection.py", line 69, in send
    return await self._connection.wrap_api_call(
           ^^^^^^^^^^^^^^^^^^^^^^^^^^^^^^^^^^^^^
    ...<3 lines>...
    )
    ^
  File "C:\Users\Давыдов Александр\Desktop\REPO\!JIRA_new\env\Lib\site-packages\playwright\_impl\_connection.py", line 558, in wrap_api_call
    raise rewrite_error(error, f"{parsed_st['apiName']}: {error}") from None
playwright._impl._errors.TimeoutError: Locator.click: Timeout 3000ms exceeded.
Call log:
  - waiting for get_by_role("option", name="Серьезный", exact=True).filter(visible=True).first

2026-09-08 15:26:20,674 | ERROR | Пропущено целевое поле Метки → #labels-textarea
Traceback (most recent call last):
  File "C:\Users\Давыдов Александр\Desktop\REPO\!JIRA_new\migration_gui.py", line 265, in execute_migration_process
    fill_mapped_fields(page, [(field, value)])
    ~~~~~~~~~~~~~~~~~~^^^^^^^^^^^^^^^^^^^^^^^^
  File "C:\Users\Давыдов Александр\Desktop\REPO\!JIRA_new\field_picker.py", line 211, in fill_mapped_fields
    page.get_by_role('option', name=value, exact=True).filter(visible=True).first.click(timeout=3000)
    ~~~~~~~~~~~~~~~~~~~~~~~~~~~~~~~~~~~~~~~~~~~~~~~~~~~~~~~~~~~~~~~~~~~~~~~~~~~~~~~~~~~^^^^^^^^^^^^^^
  File "C:\Users\Давыдов Александр\Desktop\REPO\!JIRA_new\env\Lib\site-packages\playwright\sync_api\_generated.py", line 15543, in click
    self._sync(
    ~~~~~~~~~~^
        self._impl_obj.click(
        ^^^^^^^^^^^^^^^^^^^^^
    ...<9 lines>...
        )
        ^
    )
    ^
  File "C:\Users\Давыдов Александр\Desktop\REPO\!JIRA_new\env\Lib\site-packages\playwright\_impl\_sync_base.py", line 115, in _sync
    return task.result()
           ~~~~~~~~~~~^^
  File "C:\Users\Давыдов Александр\Desktop\REPO\!JIRA_new\env\Lib\site-packages\playwright\_impl\_locator.py", line 160, in click
    return await self._frame.click(self._selector, strict=True, **params)
           ^^^^^^^^^^^^^^^^^^^^^^^^^^^^^^^^^^^^^^^^^^^^^^^^^^^^^^^^^^^^^^
  File "C:\Users\Давыдов Александр\Desktop\REPO\!JIRA_new\env\Lib\site-packages\playwright\_impl\_frame.py", line 549, in click
    await self._channel.send("click", self._timeout, locals_to_params(locals()))
  File "C:\Users\Давыдов Александр\Desktop\REPO\!JIRA_new\env\Lib\site-packages\playwright\_impl\_connection.py", line 69, in send
    return await self._connection.wrap_api_call(
           ^^^^^^^^^^^^^^^^^^^^^^^^^^^^^^^^^^^^^
    ...<3 lines>...
    )
    ^
  File "C:\Users\Давыдов Александр\Desktop\REPO\!JIRA_new\env\Lib\site-packages\playwright\_impl\_connection.py", line 558, in wrap_api_call
    raise rewrite_error(error, f"{parsed_st['apiName']}: {error}") from None
playwright._impl._errors.TimeoutError: Locator.click: Timeout 3000ms exceeded.
Call log:
  - waiting for get_by_role("option", name="Метки:\nАРМУМС КИС_КРИТИЧЕСКИЙ_ПУТЬ катетеры", exact=True).filter(visible=True).first

2026-09-08 15:31:40,491 | ERROR | Пропущено исходное поле Название
Traceback (most recent call last):
  File "C:\Users\Давыдов Александр\Desktop\REPO\!JIRA_new\migration_gui.py", line 238, in execute_migration_process
    pairs.append((field, read_field(page, field)))
                         ~~~~~~~~~~^^^^^^^^^^^^^
  File "C:\Users\Давыдов Александр\Desktop\REPO\!JIRA_new\field_picker.py", line 224, in read_field
    locator.wait_for(state="visible", timeout=5000)
    ~~~~~~~~~~~~~~~~^^^^^^^^^^^^^^^^^^^^^^^^^^^^^^^
  File "C:\Users\Давыдов Александр\Desktop\REPO\!JIRA_new\env\Lib\site-packages\playwright\sync_api\_generated.py", line 17975, in wait_for
    self._sync(self._impl_obj.wait_for(timeout=timeout, state=state))
    ~~~~~~~~~~^^^^^^^^^^^^^^^^^^^^^^^^^^^^^^^^^^^^^^^^^^^^^^^^^^^^^^^
  File "C:\Users\Давыдов Александр\Desktop\REPO\!JIRA_new\env\Lib\site-packages\playwright\_impl\_sync_base.py", line 115, in _sync
    return task.result()
           ~~~~~~~~~~~^^
  File "C:\Users\Давыдов Александр\Desktop\REPO\!JIRA_new\env\Lib\site-packages\playwright\_impl\_locator.py", line 692, in wait_for
    await self._frame.wait_for_selector(
        self._selector, strict=True, timeout=timeout, state=state
    )
  File "C:\Users\Давыдов Александр\Desktop\REPO\!JIRA_new\env\Lib\site-packages\playwright\_impl\_frame.py", line 369, in wait_for_selector
    await self._channel.send(
        "waitForSelector", self._timeout, locals_to_params(locals())
    )
  File "C:\Users\Давыдов Александр\Desktop\REPO\!JIRA_new\env\Lib\site-packages\playwright\_impl\_connection.py", line 69, in send
    return await self._connection.wrap_api_call(
           ^^^^^^^^^^^^^^^^^^^^^^^^^^^^^^^^^^^^^
    ...<3 lines>...
    )
    ^
  File "C:\Users\Давыдов Александр\Desktop\REPO\!JIRA_new\env\Lib\site-packages\playwright\_impl\_connection.py", line 558, in wrap_api_call
    raise rewrite_error(error, f"{parsed_st['apiName']}: {error}") from None
playwright._impl._errors.TimeoutError: Locator.wait_for: Timeout 5000ms exceeded.
Call log:
  - waiting for locator("#summary-val") to be visible

2026-09-08 15:31:45,508 | ERROR | Пропущено исходное поле Тип
Traceback (most recent call last):
  File "C:\Users\Давыдов Александр\Desktop\REPO\!JIRA_new\migration_gui.py", line 238, in execute_migration_process
    pairs.append((field, read_field(page, field)))
                         ~~~~~~~~~~^^^^^^^^^^^^^
  File "C:\Users\Давыдов Александр\Desktop\REPO\!JIRA_new\field_picker.py", line 224, in read_field
    locator.wait_for(state="visible", timeout=5000)
    ~~~~~~~~~~~~~~~~^^^^^^^^^^^^^^^^^^^^^^^^^^^^^^^
  File "C:\Users\Давыдов Александр\Desktop\REPO\!JIRA_new\env\Lib\site-packages\playwright\sync_api\_generated.py", line 17975, in wait_for
    self._sync(self._impl_obj.wait_for(timeout=timeout, state=state))
    ~~~~~~~~~~^^^^^^^^^^^^^^^^^^^^^^^^^^^^^^^^^^^^^^^^^^^^^^^^^^^^^^^
  File "C:\Users\Давыдов Александр\Desktop\REPO\!JIRA_new\env\Lib\site-packages\playwright\_impl\_sync_base.py", line 115, in _sync
    return task.result()
           ~~~~~~~~~~~^^
  File "C:\Users\Давыдов Александр\Desktop\REPO\!JIRA_new\env\Lib\site-packages\playwright\_impl\_locator.py", line 692, in wait_for
    await self._frame.wait_for_selector(
        self._selector, strict=True, timeout=timeout, state=state
    )
  File "C:\Users\Давыдов Александр\Desktop\REPO\!JIRA_new\env\Lib\site-packages\playwright\_impl\_frame.py", line 369, in wait_for_selector
    await self._channel.send(
        "waitForSelector", self._timeout, locals_to_params(locals())
    )
  File "C:\Users\Давыдов Александр\Desktop\REPO\!JIRA_new\env\Lib\site-packages\playwright\_impl\_connection.py", line 69, in send
    return await self._connection.wrap_api_call(
           ^^^^^^^^^^^^^^^^^^^^^^^^^^^^^^^^^^^^^
    ...<3 lines>...
    )
    ^
  File "C:\Users\Давыдов Александр\Desktop\REPO\!JIRA_new\env\Lib\site-packages\playwright\_impl\_connection.py", line 558, in wrap_api_call
    raise rewrite_error(error, f"{parsed_st['apiName']}: {error}") from None
playwright._impl._errors.TimeoutError: Locator.wait_for: Timeout 5000ms exceeded.
Call log:
  - waiting for locator("#type-val") to be visible

2026-09-08 15:31:50,523 | ERROR | Пропущено исходное поле Приоритет
Traceback (most recent call last):
  File "C:\Users\Давыдов Александр\Desktop\REPO\!JIRA_new\migration_gui.py", line 238, in execute_migration_process
    pairs.append((field, read_field(page, field)))
                         ~~~~~~~~~~^^^^^^^^^^^^^
  File "C:\Users\Давыдов Александр\Desktop\REPO\!JIRA_new\field_picker.py", line 224, in read_field
    locator.wait_for(state="visible", timeout=5000)
    ~~~~~~~~~~~~~~~~^^^^^^^^^^^^^^^^^^^^^^^^^^^^^^^
  File "C:\Users\Давыдов Александр\Desktop\REPO\!JIRA_new\env\Lib\site-packages\playwright\sync_api\_generated.py", line 17975, in wait_for
    self._sync(self._impl_obj.wait_for(timeout=timeout, state=state))
    ~~~~~~~~~~^^^^^^^^^^^^^^^^^^^^^^^^^^^^^^^^^^^^^^^^^^^^^^^^^^^^^^^
  File "C:\Users\Давыдов Александр\Desktop\REPO\!JIRA_new\env\Lib\site-packages\playwright\_impl\_sync_base.py", line 115, in _sync
    return task.result()
           ~~~~~~~~~~~^^
  File "C:\Users\Давыдов Александр\Desktop\REPO\!JIRA_new\env\Lib\site-packages\playwright\_impl\_locator.py", line 692, in wait_for
    await self._frame.wait_for_selector(
        self._selector, strict=True, timeout=timeout, state=state
    )
  File "C:\Users\Давыдов Александр\Desktop\REPO\!JIRA_new\env\Lib\site-packages\playwright\_impl\_frame.py", line 369, in wait_for_selector
    await self._channel.send(
        "waitForSelector", self._timeout, locals_to_params(locals())
    )
  File "C:\Users\Давыдов Александр\Desktop\REPO\!JIRA_new\env\Lib\site-packages\playwright\_impl\_connection.py", line 69, in send
    return await self._connection.wrap_api_call(
           ^^^^^^^^^^^^^^^^^^^^^^^^^^^^^^^^^^^^^
    ...<3 lines>...
    )
    ^
  File "C:\Users\Давыдов Александр\Desktop\REPO\!JIRA_new\env\Lib\site-packages\playwright\_impl\_connection.py", line 558, in wrap_api_call
    raise rewrite_error(error, f"{parsed_st['apiName']}: {error}") from None
playwright._impl._errors.TimeoutError: Locator.wait_for: Timeout 5000ms exceeded.
Call log:
  - waiting for locator("#priority-val") to be visible

2026-09-08 15:31:55,535 | ERROR | Пропущено исходное поле Метки
Traceback (most recent call last):
  File "C:\Users\Давыдов Александр\Desktop\REPO\!JIRA_new\migration_gui.py", line 238, in execute_migration_process
    pairs.append((field, read_field(page, field)))
                         ~~~~~~~~~~^^^^^^^^^^^^^
  File "C:\Users\Давыдов Александр\Desktop\REPO\!JIRA_new\field_picker.py", line 224, in read_field
    locator.wait_for(state="visible", timeout=5000)
    ~~~~~~~~~~~~~~~~^^^^^^^^^^^^^^^^^^^^^^^^^^^^^^^
  File "C:\Users\Давыдов Александр\Desktop\REPO\!JIRA_new\env\Lib\site-packages\playwright\sync_api\_generated.py", line 17975, in wait_for
    self._sync(self._impl_obj.wait_for(timeout=timeout, state=state))
    ~~~~~~~~~~^^^^^^^^^^^^^^^^^^^^^^^^^^^^^^^^^^^^^^^^^^^^^^^^^^^^^^^
  File "C:\Users\Давыдов Александр\Desktop\REPO\!JIRA_new\env\Lib\site-packages\playwright\_impl\_sync_base.py", line 115, in _sync
    return task.result()
           ~~~~~~~~~~~^^
  File "C:\Users\Давыдов Александр\Desktop\REPO\!JIRA_new\env\Lib\site-packages\playwright\_impl\_locator.py", line 692, in wait_for
    await self._frame.wait_for_selector(
        self._selector, strict=True, timeout=timeout, state=state
    )
  File "C:\Users\Давыдов Александр\Desktop\REPO\!JIRA_new\env\Lib\site-packages\playwright\_impl\_frame.py", line 369, in wait_for_selector
    await self._channel.send(
        "waitForSelector", self._timeout, locals_to_params(locals())
    )
  File "C:\Users\Давыдов Александр\Desktop\REPO\!JIRA_new\env\Lib\site-packages\playwright\_impl\_connection.py", line 69, in send
    return await self._connection.wrap_api_call(
           ^^^^^^^^^^^^^^^^^^^^^^^^^^^^^^^^^^^^^
    ...<3 lines>...
    )
    ^
  File "C:\Users\Давыдов Александр\Desktop\REPO\!JIRA_new\env\Lib\site-packages\playwright\_impl\_connection.py", line 558, in wrap_api_call
    raise rewrite_error(error, f"{parsed_st['apiName']}: {error}") from None
playwright._impl._errors.TimeoutError: Locator.wait_for: Timeout 5000ms exceeded.
Call log:
  - waiting for locator("#wrap-labels") to be visible

2026-09-08 15:32:00,553 | ERROR | Пропущено исходное поле Исправить_в_версиях
Traceback (most recent call last):
  File "C:\Users\Давыдов Александр\Desktop\REPO\!JIRA_new\migration_gui.py", line 238, in execute_migration_process
    pairs.append((field, read_field(page, field)))
                         ~~~~~~~~~~^^^^^^^^^^^^^
  File "C:\Users\Давыдов Александр\Desktop\REPO\!JIRA_new\field_picker.py", line 224, in read_field
    locator.wait_for(state="visible", timeout=5000)
    ~~~~~~~~~~~~~~~~^^^^^^^^^^^^^^^^^^^^^^^^^^^^^^^
  File "C:\Users\Давыдов Александр\Desktop\REPO\!JIRA_new\env\Lib\site-packages\playwright\sync_api\_generated.py", line 17975, in wait_for
    self._sync(self._impl_obj.wait_for(timeout=timeout, state=state))
    ~~~~~~~~~~^^^^^^^^^^^^^^^^^^^^^^^^^^^^^^^^^^^^^^^^^^^^^^^^^^^^^^^
  File "C:\Users\Давыдов Александр\Desktop\REPO\!JIRA_new\env\Lib\site-packages\playwright\_impl\_sync_base.py", line 115, in _sync
    return task.result()
           ~~~~~~~~~~~^^
  File "C:\Users\Давыдов Александр\Desktop\REPO\!JIRA_new\env\Lib\site-packages\playwright\_impl\_locator.py", line 692, in wait_for
    await self._frame.wait_for_selector(
        self._selector, strict=True, timeout=timeout, state=state
    )
  File "C:\Users\Давыдов Александр\Desktop\REPO\!JIRA_new\env\Lib\site-packages\playwright\_impl\_frame.py", line 369, in wait_for_selector
    await self._channel.send(
        "waitForSelector", self._timeout, locals_to_params(locals())
    )
  File "C:\Users\Давыдов Александр\Desktop\REPO\!JIRA_new\env\Lib\site-packages\playwright\_impl\_connection.py", line 69, in send
    return await self._connection.wrap_api_call(
           ^^^^^^^^^^^^^^^^^^^^^^^^^^^^^^^^^^^^^
    ...<3 lines>...
    )
    ^
  File "C:\Users\Давыдов Александр\Desktop\REPO\!JIRA_new\env\Lib\site-packages\playwright\_impl\_connection.py", line 558, in wrap_api_call
    raise rewrite_error(error, f"{parsed_st['apiName']}: {error}") from None
playwright._impl._errors.TimeoutError: Locator.wait_for: Timeout 5000ms exceeded.
Call log:
  - waiting for locator("#fixfor-val") to be visible

2026-09-08 15:32:05,572 | ERROR | Пропущено исходное поле Описание
Traceback (most recent call last):
  File "C:\Users\Давыдов Александр\Desktop\REPO\!JIRA_new\migration_gui.py", line 238, in execute_migration_process
    pairs.append((field, read_field(page, field)))
                         ~~~~~~~~~~^^^^^^^^^^^^^
  File "C:\Users\Давыдов Александр\Desktop\REPO\!JIRA_new\field_picker.py", line 224, in read_field
    locator.wait_for(state="visible", timeout=5000)
    ~~~~~~~~~~~~~~~~^^^^^^^^^^^^^^^^^^^^^^^^^^^^^^^
  File "C:\Users\Давыдов Александр\Desktop\REPO\!JIRA_new\env\Lib\site-packages\playwright\sync_api\_generated.py", line 17975, in wait_for
    self._sync(self._impl_obj.wait_for(timeout=timeout, state=state))
    ~~~~~~~~~~^^^^^^^^^^^^^^^^^^^^^^^^^^^^^^^^^^^^^^^^^^^^^^^^^^^^^^^
  File "C:\Users\Давыдов Александр\Desktop\REPO\!JIRA_new\env\Lib\site-packages\playwright\_impl\_sync_base.py", line 115, in _sync
    return task.result()
           ~~~~~~~~~~~^^
  File "C:\Users\Давыдов Александр\Desktop\REPO\!JIRA_new\env\Lib\site-packages\playwright\_impl\_locator.py", line 692, in wait_for
    await self._frame.wait_for_selector(
        self._selector, strict=True, timeout=timeout, state=state
    )
  File "C:\Users\Давыдов Александр\Desktop\REPO\!JIRA_new\env\Lib\site-packages\playwright\_impl\_frame.py", line 369, in wait_for_selector
    await self._channel.send(
        "waitForSelector", self._timeout, locals_to_params(locals())
    )
  File "C:\Users\Давыдов Александр\Desktop\REPO\!JIRA_new\env\Lib\site-packages\playwright\_impl\_connection.py", line 69, in send
    return await self._connection.wrap_api_call(
           ^^^^^^^^^^^^^^^^^^^^^^^^^^^^^^^^^^^^^
    ...<3 lines>...
    )
    ^
  File "C:\Users\Давыдов Александр\Desktop\REPO\!JIRA_new\env\Lib\site-packages\playwright\_impl\_connection.py", line 558, in wrap_api_call
    raise rewrite_error(error, f"{parsed_st['apiName']}: {error}") from None
playwright._impl._errors.TimeoutError: Locator.wait_for: Timeout 5000ms exceeded.
Call log:
  - waiting for locator("#description-val") to be visible

2026-09-08 15:32:10,582 | ERROR | Пропущено исходное поле Вложенные_файлы_Опции
Traceback (most recent call last):
  File "C:\Users\Давыдов Александр\Desktop\REPO\!JIRA_new\migration_gui.py", line 238, in execute_migration_process
    pairs.append((field, read_field(page, field)))
                         ~~~~~~~~~~^^^^^^^^^^^^^
  File "C:\Users\Давыдов Александр\Desktop\REPO\!JIRA_new\field_picker.py", line 224, in read_field
    locator.wait_for(state="visible", timeout=5000)
    ~~~~~~~~~~~~~~~~^^^^^^^^^^^^^^^^^^^^^^^^^^^^^^^
  File "C:\Users\Давыдов Александр\Desktop\REPO\!JIRA_new\env\Lib\site-packages\playwright\sync_api\_generated.py", line 17975, in wait_for
    self._sync(self._impl_obj.wait_for(timeout=timeout, state=state))
    ~~~~~~~~~~^^^^^^^^^^^^^^^^^^^^^^^^^^^^^^^^^^^^^^^^^^^^^^^^^^^^^^^
  File "C:\Users\Давыдов Александр\Desktop\REPO\!JIRA_new\env\Lib\site-packages\playwright\_impl\_sync_base.py", line 115, in _sync
    return task.result()
           ~~~~~~~~~~~^^
  File "C:\Users\Давыдов Александр\Desktop\REPO\!JIRA_new\env\Lib\site-packages\playwright\_impl\_locator.py", line 692, in wait_for
    await self._frame.wait_for_selector(
        self._selector, strict=True, timeout=timeout, state=state
    )
  File "C:\Users\Давыдов Александр\Desktop\REPO\!JIRA_new\env\Lib\site-packages\playwright\_impl\_frame.py", line 369, in wait_for_selector
    await self._channel.send(
        "waitForSelector", self._timeout, locals_to_params(locals())
    )
  File "C:\Users\Давыдов Александр\Desktop\REPO\!JIRA_new\env\Lib\site-packages\playwright\_impl\_connection.py", line 69, in send
    return await self._connection.wrap_api_call(
           ^^^^^^^^^^^^^^^^^^^^^^^^^^^^^^^^^^^^^
    ...<3 lines>...
    )
    ^
  File "C:\Users\Давыдов Александр\Desktop\REPO\!JIRA_new\env\Lib\site-packages\playwright\_impl\_connection.py", line 558, in wrap_api_call
    raise rewrite_error(error, f"{parsed_st['apiName']}: {error}") from None
playwright._impl._errors.TimeoutError: Locator.wait_for: Timeout 5000ms exceeded.
Call log:
  - waiting for locator("#attachments-actions-trigger-button") to be visible

2026-09-08 15:47:33,608 | ERROR | Пропущено целевое поле Приоритет → #priority-field
Traceback (most recent call last):
  File "C:\Users\Давыдов Александр\Desktop\REPO\!JIRA_new\migration_gui.py", line 272, in execute_migration_process
    fill_mapped_fields(page, [(field, value)])
    ~~~~~~~~~~~~~~~~~~^^^^^^^^^^^^^^^^^^^^^^^^
  File "C:\Users\Давыдов Александр\Desktop\REPO\!JIRA_new\field_picker.py", line 211, in fill_mapped_fields
    page.get_by_role('option', name=value, exact=True).filter(visible=True).first.click(timeout=3000)
    ~~~~~~~~~~~~~~~~~~~~~~~~~~~~~~~~~~~~~~~~~~~~~~~~~~~~~~~~~~~~~~~~~~~~~~~~~~~~~~~~~~~^^^^^^^^^^^^^^
  File "C:\Users\Давыдов Александр\Desktop\REPO\!JIRA_new\env\Lib\site-packages\playwright\sync_api\_generated.py", line 15543, in click
    self._sync(
    ~~~~~~~~~~^
        self._impl_obj.click(
        ^^^^^^^^^^^^^^^^^^^^^
    ...<9 lines>...
        )
        ^
    )
    ^
  File "C:\Users\Давыдов Александр\Desktop\REPO\!JIRA_new\env\Lib\site-packages\playwright\_impl\_sync_base.py", line 115, in _sync
    return task.result()
           ~~~~~~~~~~~^^
  File "C:\Users\Давыдов Александр\Desktop\REPO\!JIRA_new\env\Lib\site-packages\playwright\_impl\_locator.py", line 160, in click
    return await self._frame.click(self._selector, strict=True, **params)
           ^^^^^^^^^^^^^^^^^^^^^^^^^^^^^^^^^^^^^^^^^^^^^^^^^^^^^^^^^^^^^^
  File "C:\Users\Давыдов Александр\Desktop\REPO\!JIRA_new\env\Lib\site-packages\playwright\_impl\_frame.py", line 549, in click
    await self._channel.send("click", self._timeout, locals_to_params(locals()))
  File "C:\Users\Давыдов Александр\Desktop\REPO\!JIRA_new\env\Lib\site-packages\playwright\_impl\_connection.py", line 69, in send
    return await self._connection.wrap_api_call(
           ^^^^^^^^^^^^^^^^^^^^^^^^^^^^^^^^^^^^^
    ...<3 lines>...
    )
    ^
  File "C:\Users\Давыдов Александр\Desktop\REPO\!JIRA_new\env\Lib\site-packages\playwright\_impl\_connection.py", line 558, in wrap_api_call
    raise rewrite_error(error, f"{parsed_st['apiName']}: {error}") from None
playwright._impl._errors.TimeoutError: Locator.click: Timeout 3000ms exceeded.
Call log:
  - waiting for get_by_role("option", name="Критический", exact=True).filter(visible=True).first

2026-09-08 15:47:36,682 | ERROR | Пропущено целевое поле Метки → #labels-textarea
Traceback (most recent call last):
  File "C:\Users\Давыдов Александр\Desktop\REPO\!JIRA_new\migration_gui.py", line 272, in execute_migration_process
    fill_mapped_fields(page, [(field, value)])
    ~~~~~~~~~~~~~~~~~~^^^^^^^^^^^^^^^^^^^^^^^^
  File "C:\Users\Давыдов Александр\Desktop\REPO\!JIRA_new\field_picker.py", line 211, in fill_mapped_fields
    page.get_by_role('option', name=value, exact=True).filter(visible=True).first.click(timeout=3000)
    ~~~~~~~~~~~~~~~~~~~~~~~~~~~~~~~~~~~~~~~~~~~~~~~~~~~~~~~~~~~~~~~~~~~~~~~~~~~~~~~~~~~^^^^^^^^^^^^^^
  File "C:\Users\Давыдов Александр\Desktop\REPO\!JIRA_new\env\Lib\site-packages\playwright\sync_api\_generated.py", line 15543, in click
    self._sync(
    ~~~~~~~~~~^
        self._impl_obj.click(
        ^^^^^^^^^^^^^^^^^^^^^
    ...<9 lines>...
        )
        ^
    )
    ^
  File "C:\Users\Давыдов Александр\Desktop\REPO\!JIRA_new\env\Lib\site-packages\playwright\_impl\_sync_base.py", line 115, in _sync
    return task.result()
           ~~~~~~~~~~~^^
  File "C:\Users\Давыдов Александр\Desktop\REPO\!JIRA_new\env\Lib\site-packages\playwright\_impl\_locator.py", line 160, in click
    return await self._frame.click(self._selector, strict=True, **params)
           ^^^^^^^^^^^^^^^^^^^^^^^^^^^^^^^^^^^^^^^^^^^^^^^^^^^^^^^^^^^^^^
  File "C:\Users\Давыдов Александр\Desktop\REPO\!JIRA_new\env\Lib\site-packages\playwright\_impl\_frame.py", line 549, in click
    await self._channel.send("click", self._timeout, locals_to_params(locals()))
  File "C:\Users\Давыдов Александр\Desktop\REPO\!JIRA_new\env\Lib\site-packages\playwright\_impl\_connection.py", line 69, in send
    return await self._connection.wrap_api_call(
           ^^^^^^^^^^^^^^^^^^^^^^^^^^^^^^^^^^^^^
    ...<3 lines>...
    )
    ^
  File "C:\Users\Давыдов Александр\Desktop\REPO\!JIRA_new\env\Lib\site-packages\playwright\_impl\_connection.py", line 558, in wrap_api_call
    raise rewrite_error(error, f"{parsed_st['apiName']}: {error}") from None
playwright._impl._errors.TimeoutError: Locator.click: Timeout 3000ms exceeded.
Call log:
  - waiting for get_by_role("option", name="Метки:\nКИС_КРИТИЧЕСКИЙ_ПУТЬ", exact=True).filter(visible=True).first

2026-09-08 15:47:39,738 | ERROR | Пропущено целевое поле Исправить_в_версиях → #fixVersions-textarea
Traceback (most recent call last):
  File "C:\Users\Давыдов Александр\Desktop\REPO\!JIRA_new\migration_gui.py", line 272, in execute_migration_process
    fill_mapped_fields(page, [(field, value)])
    ~~~~~~~~~~~~~~~~~~^^^^^^^^^^^^^^^^^^^^^^^^
  File "C:\Users\Давыдов Александр\Desktop\REPO\!JIRA_new\field_picker.py", line 211, in fill_mapped_fields
    page.get_by_role('option', name=value, exact=True).filter(visible=True).first.click(timeout=3000)
    ~~~~~~~~~~~~~~~~~~~~~~~~~~~~~~~~~~~~~~~~~~~~~~~~~~~~~~~~~~~~~~~~~~~~~~~~~~~~~~~~~~~^^^^^^^^^^^^^^
  File "C:\Users\Давыдов Александр\Desktop\REPO\!JIRA_new\env\Lib\site-packages\playwright\sync_api\_generated.py", line 15543, in click
    self._sync(
    ~~~~~~~~~~^
        self._impl_obj.click(
        ^^^^^^^^^^^^^^^^^^^^^
    ...<9 lines>...
        )
        ^
    )
    ^
  File "C:\Users\Давыдов Александр\Desktop\REPO\!JIRA_new\env\Lib\site-packages\playwright\_impl\_sync_base.py", line 115, in _sync
    return task.result()
           ~~~~~~~~~~~^^
  File "C:\Users\Давыдов Александр\Desktop\REPO\!JIRA_new\env\Lib\site-packages\playwright\_impl\_locator.py", line 160, in click
    return await self._frame.click(self._selector, strict=True, **params)
           ^^^^^^^^^^^^^^^^^^^^^^^^^^^^^^^^^^^^^^^^^^^^^^^^^^^^^^^^^^^^^^
  File "C:\Users\Давыдов Александр\Desktop\REPO\!JIRA_new\env\Lib\site-packages\playwright\_impl\_frame.py", line 549, in click
    await self._channel.send("click", self._timeout, locals_to_params(locals()))
  File "C:\Users\Давыдов Александр\Desktop\REPO\!JIRA_new\env\Lib\site-packages\playwright\_impl\_connection.py", line 69, in send
    return await self._connection.wrap_api_call(
           ^^^^^^^^^^^^^^^^^^^^^^^^^^^^^^^^^^^^^
    ...<3 lines>...
    )
    ^
  File "C:\Users\Давыдов Александр\Desktop\REPO\!JIRA_new\env\Lib\site-packages\playwright\_impl\_connection.py", line 558, in wrap_api_call
    raise rewrite_error(error, f"{parsed_st['apiName']}: {error}") from None
playwright._impl._errors.TimeoutError: Locator.click: Timeout 3000ms exceeded.
Call log:
  - waiting for get_by_role("option", name="Не заполнено", exact=True).filter(visible=True).first

2026-09-08 15:55:00,019 | ERROR | Пропущено целевое поле Приоритет → #priority-field
Traceback (most recent call last):
  File "C:\Users\Давыдов Александр\Desktop\REPO\!JIRA_new\migration_gui.py", line 272, in execute_migration_process
    fill_mapped_fields(page, [(field, value)])
    ~~~~~~~~~~~~~~~~~~^^^^^^^^^^^^^^^^^^^^^^^^
  File "C:\Users\Давыдов Александр\Desktop\REPO\!JIRA_new\field_picker.py", line 211, in fill_mapped_fields
    page.get_by_role('option', name=value, exact=True).filter(visible=True).first.click(timeout=3000)
    ~~~~~~~~~~~~~~~~~~~~~~~~~~~~~~~~~~~~~~~~~~~~~~~~~~~~~~~~~~~~~~~~~~~~~~~~~~~~~~~~~~~^^^^^^^^^^^^^^
  File "C:\Users\Давыдов Александр\Desktop\REPO\!JIRA_new\env\Lib\site-packages\playwright\sync_api\_generated.py", line 15543, in click
    self._sync(
    ~~~~~~~~~~^
        self._impl_obj.click(
        ^^^^^^^^^^^^^^^^^^^^^
    ...<9 lines>...
        )
        ^
    )
    ^
  File "C:\Users\Давыдов Александр\Desktop\REPO\!JIRA_new\env\Lib\site-packages\playwright\_impl\_sync_base.py", line 115, in _sync
    return task.result()
           ~~~~~~~~~~~^^
  File "C:\Users\Давыдов Александр\Desktop\REPO\!JIRA_new\env\Lib\site-packages\playwright\_impl\_locator.py", line 160, in click
    return await self._frame.click(self._selector, strict=True, **params)
           ^^^^^^^^^^^^^^^^^^^^^^^^^^^^^^^^^^^^^^^^^^^^^^^^^^^^^^^^^^^^^^
  File "C:\Users\Давыдов Александр\Desktop\REPO\!JIRA_new\env\Lib\site-packages\playwright\_impl\_frame.py", line 549, in click
    await self._channel.send("click", self._timeout, locals_to_params(locals()))
  File "C:\Users\Давыдов Александр\Desktop\REPO\!JIRA_new\env\Lib\site-packages\playwright\_impl\_connection.py", line 69, in send
    return await self._connection.wrap_api_call(
           ^^^^^^^^^^^^^^^^^^^^^^^^^^^^^^^^^^^^^
    ...<3 lines>...
    )
    ^
  File "C:\Users\Давыдов Александр\Desktop\REPO\!JIRA_new\env\Lib\site-packages\playwright\_impl\_connection.py", line 558, in wrap_api_call
    raise rewrite_error(error, f"{parsed_st['apiName']}: {error}") from None
playwright._impl._errors.TimeoutError: Locator.click: Timeout 3000ms exceeded.
Call log:
  - waiting for get_by_role("option", name="Блокер", exact=True).filter(visible=True).first

2026-09-08 15:55:03,072 | ERROR | Пропущено целевое поле Метки → #labels-textarea
Traceback (most recent call last):
  File "C:\Users\Давыдов Александр\Desktop\REPO\!JIRA_new\migration_gui.py", line 272, in execute_migration_process
    fill_mapped_fields(page, [(field, value)])
    ~~~~~~~~~~~~~~~~~~^^^^^^^^^^^^^^^^^^^^^^^^
  File "C:\Users\Давыдов Александр\Desktop\REPO\!JIRA_new\field_picker.py", line 211, in fill_mapped_fields
    page.get_by_role('option', name=value, exact=True).filter(visible=True).first.click(timeout=3000)
    ~~~~~~~~~~~~~~~~~~~~~~~~~~~~~~~~~~~~~~~~~~~~~~~~~~~~~~~~~~~~~~~~~~~~~~~~~~~~~~~~~~~^^^^^^^^^^^^^^
  File "C:\Users\Давыдов Александр\Desktop\REPO\!JIRA_new\env\Lib\site-packages\playwright\sync_api\_generated.py", line 15543, in click
    self._sync(
    ~~~~~~~~~~^
        self._impl_obj.click(
        ^^^^^^^^^^^^^^^^^^^^^
    ...<9 lines>...
        )
        ^
    )
    ^
  File "C:\Users\Давыдов Александр\Desktop\REPO\!JIRA_new\env\Lib\site-packages\playwright\_impl\_sync_base.py", line 115, in _sync
    return task.result()
           ~~~~~~~~~~~^^
  File "C:\Users\Давыдов Александр\Desktop\REPO\!JIRA_new\env\Lib\site-packages\playwright\_impl\_locator.py", line 160, in click
    return await self._frame.click(self._selector, strict=True, **params)
           ^^^^^^^^^^^^^^^^^^^^^^^^^^^^^^^^^^^^^^^^^^^^^^^^^^^^^^^^^^^^^^
  File "C:\Users\Давыдов Александр\Desktop\REPO\!JIRA_new\env\Lib\site-packages\playwright\_impl\_frame.py", line 549, in click
    await self._channel.send("click", self._timeout, locals_to_params(locals()))
  File "C:\Users\Давыдов Александр\Desktop\REPO\!JIRA_new\env\Lib\site-packages\playwright\_impl\_connection.py", line 69, in send
    return await self._connection.wrap_api_call(
           ^^^^^^^^^^^^^^^^^^^^^^^^^^^^^^^^^^^^^
    ...<3 lines>...
    )
    ^
  File "C:\Users\Давыдов Александр\Desktop\REPO\!JIRA_new\env\Lib\site-packages\playwright\_impl\_connection.py", line 558, in wrap_api_call
    raise rewrite_error(error, f"{parsed_st['apiName']}: {error}") from None
playwright._impl._errors.TimeoutError: Locator.click: Timeout 3000ms exceeded.
Call log:
  - waiting for get_by_role("option", name="Метки:\nПат.анатомия Педиатрия", exact=True).filter(visible=True).first

2026-09-08 15:55:05,340 | ERROR | Пропущено целевое поле Исправить_в_версиях → #fixVersions-textarea
Traceback (most recent call last):
  File "C:\Users\Давыдов Александр\Desktop\REPO\!JIRA_new\migration_gui.py", line 272, in execute_migration_process
    fill_mapped_fields(page, [(field, value)])
    ~~~~~~~~~~~~~~~~~~^^^^^^^^^^^^^^^^^^^^^^^^
  File "C:\Users\Давыдов Александр\Desktop\REPO\!JIRA_new\field_picker.py", line 214, in fill_mapped_fields
    locator.fill(previous)
    ~~~~~~~~~~~~^^^^^^^^^^
  File "C:\Users\Давыдов Александр\Desktop\REPO\!JIRA_new\env\Lib\site-packages\playwright\sync_api\_generated.py", line 15889, in fill
    self._sync(
    ~~~~~~~~~~^
        self._impl_obj.fill(
        ^^^^^^^^^^^^^^^^^^^^
            value=value, timeout=timeout, noWaitAfter=no_wait_after, force=force
            ^^^^^^^^^^^^^^^^^^^^^^^^^^^^^^^^^^^^^^^^^^^^^^^^^^^^^^^^^^^^^^^^^^^^
        )
        ^
    )
    ^
  File "C:\Users\Давыдов Александр\Desktop\REPO\!JIRA_new\env\Lib\site-packages\playwright\_impl\_sync_base.py", line 115, in _sync
    return task.result()
           ~~~~~~~~~~~^^
  File "C:\Users\Давыдов Александр\Desktop\REPO\!JIRA_new\env\Lib\site-packages\playwright\_impl\_locator.py", line 212, in fill
    return await self._frame.fill(self._selector, strict=True, **params)
           ^^^^^^^^^^^^^^^^^^^^^^^^^^^^^^^^^^^^^^^^^^^^^^^^^^^^^^^^^^^^^
  File "C:\Users\Давыдов Александр\Desktop\REPO\!JIRA_new\env\Lib\site-packages\playwright\_impl\_frame.py", line 590, in fill
    await self._fill(**locals_to_params(locals()))
  File "C:\Users\Давыдов Александр\Desktop\REPO\!JIRA_new\env\Lib\site-packages\playwright\_impl\_frame.py", line 602, in _fill
    await self._channel.send("fill", self._timeout, locals_to_params(locals()))
  File "C:\Users\Давыдов Александр\Desktop\REPO\!JIRA_new\env\Lib\site-packages\playwright\_impl\_connection.py", line 69, in send
    return await self._connection.wrap_api_call(
           ^^^^^^^^^^^^^^^^^^^^^^^^^^^^^^^^^^^^^
    ...<3 lines>...
    )
    ^
  File "C:\Users\Давыдов Александр\Desktop\REPO\!JIRA_new\env\Lib\site-packages\playwright\_impl\_connection.py", line 558, in wrap_api_call
    raise rewrite_error(error, f"{parsed_st['apiName']}: {error}") from None
playwright._impl._errors.TargetClosedError: Locator.fill: Target page, context or browser has been closed
2026-09-08 15:55:05,391 | ERROR | Пропущено целевое поле Описание → #mce_0
Traceback (most recent call last):
  File "C:\Users\Давыдов Александр\Desktop\REPO\!JIRA_new\migration_gui.py", line 272, in execute_migration_process
    fill_mapped_fields(page, [(field, value)])
    ~~~~~~~~~~~~~~~~~~^^^^^^^^^^^^^^^^^^^^^^^^
  File "C:\Users\Давыдов Александр\Desktop\REPO\!JIRA_new\field_picker.py", line 199, in fill_mapped_fields
    if selector in ('#mce_0', '#description') and page.locator('#mce_0_ifr').count():
                                                  ~~~~~~~~~~~~~~~~~~~~~~~~~~~~~~~~^^
  File "C:\Users\Давыдов Александр\Desktop\REPO\!JIRA_new\env\Lib\site-packages\playwright\sync_api\_generated.py", line 16776, in count
    return mapping.from_maybe_impl(self._sync(self._impl_obj.count()))
                                   ~~~~~~~~~~^^^^^^^^^^^^^^^^^^^^^^^^
  File "C:\Users\Давыдов Александр\Desktop\REPO\!JIRA_new\env\Lib\site-packages\playwright\_impl\_sync_base.py", line 115, in _sync
    return task.result()
           ~~~~~~~~~~~^^
  File "C:\Users\Давыдов Александр\Desktop\REPO\!JIRA_new\env\Lib\site-packages\playwright\_impl\_locator.py", line 406, in count
    return await self._frame._query_count(self._selector)
           ^^^^^^^^^^^^^^^^^^^^^^^^^^^^^^^^^^^^^^^^^^^^^^
  File "C:\Users\Давыдов Александр\Desktop\REPO\!JIRA_new\env\Lib\site-packages\playwright\_impl\_frame.py", line 136, in _query_count
    return await self._channel.send("queryCount", None, {"selector": selector})
           ^^^^^^^^^^^^^^^^^^^^^^^^^^^^^^^^^^^^^^^^^^^^^^^^^^^^^^^^^^^^^^^^^^^^
  File "C:\Users\Давыдов Александр\Desktop\REPO\!JIRA_new\env\Lib\site-packages\playwright\_impl\_connection.py", line 69, in send
    return await self._connection.wrap_api_call(
           ^^^^^^^^^^^^^^^^^^^^^^^^^^^^^^^^^^^^^
    ...<3 lines>...
    )
    ^
  File "C:\Users\Давыдов Александр\Desktop\REPO\!JIRA_new\env\Lib\site-packages\playwright\_impl\_connection.py", line 558, in wrap_api_call
    raise rewrite_error(error, f"{parsed_st['apiName']}: {error}") from None
playwright._impl._errors.TargetClosedError: Locator.count: Target page, context or browser has been closed
2026-09-08 15:55:05,402 | ERROR | Пропущено целевое поле Исполнитель → #assignee-field
Traceback (most recent call last):
  File "C:\Users\Давыдов Александр\Desktop\REPO\!JIRA_new\migration_gui.py", line 272, in execute_migration_process
    fill_mapped_fields(page, [(field, value)])
    ~~~~~~~~~~~~~~~~~~^^^^^^^^^^^^^^^^^^^^^^^^
  File "C:\Users\Давыдов Александр\Desktop\REPO\!JIRA_new\field_picker.py", line 203, in fill_mapped_fields
    locator.wait_for(state='visible')
    ~~~~~~~~~~~~~~~~^^^^^^^^^^^^^^^^^
  File "C:\Users\Давыдов Александр\Desktop\REPO\!JIRA_new\env\Lib\site-packages\playwright\sync_api\_generated.py", line 17975, in wait_for
    self._sync(self._impl_obj.wait_for(timeout=timeout, state=state))
    ~~~~~~~~~~^^^^^^^^^^^^^^^^^^^^^^^^^^^^^^^^^^^^^^^^^^^^^^^^^^^^^^^
  File "C:\Users\Давыдов Александр\Desktop\REPO\!JIRA_new\env\Lib\site-packages\playwright\_impl\_sync_base.py", line 115, in _sync
    return task.result()
           ~~~~~~~~~~~^^
  File "C:\Users\Давыдов Александр\Desktop\REPO\!JIRA_new\env\Lib\site-packages\playwright\_impl\_locator.py", line 692, in wait_for
    await self._frame.wait_for_selector(
        self._selector, strict=True, timeout=timeout, state=state
    )
  File "C:\Users\Давыдов Александр\Desktop\REPO\!JIRA_new\env\Lib\site-packages\playwright\_impl\_frame.py", line 369, in wait_for_selector
    await self._channel.send(
        "waitForSelector", self._timeout, locals_to_params(locals())
    )
  File "C:\Users\Давыдов Александр\Desktop\REPO\!JIRA_new\env\Lib\site-packages\playwright\_impl\_connection.py", line 69, in send
    return await self._connection.wrap_api_call(
           ^^^^^^^^^^^^^^^^^^^^^^^^^^^^^^^^^^^^^
    ...<3 lines>...
    )
    ^
  File "C:\Users\Давыдов Александр\Desktop\REPO\!JIRA_new\env\Lib\site-packages\playwright\_impl\_connection.py", line 558, in wrap_api_call
    raise rewrite_error(error, f"{parsed_st['apiName']}: {error}") from None
playwright._impl._errors.TargetClosedError: Locator.wait_for: Target page, context or browser has been closed
2026-09-08 15:55:05,414 | ERROR | Пропущено целевое поле Тестировщик → #customfield_10400-field
Traceback (most recent call last):
  File "C:\Users\Давыдов Александр\Desktop\REPO\!JIRA_new\migration_gui.py", line 272, in execute_migration_process
    fill_mapped_fields(page, [(field, value)])
    ~~~~~~~~~~~~~~~~~~^^^^^^^^^^^^^^^^^^^^^^^^
  File "C:\Users\Давыдов Александр\Desktop\REPO\!JIRA_new\field_picker.py", line 203, in fill_mapped_fields
    locator.wait_for(state='visible')
    ~~~~~~~~~~~~~~~~^^^^^^^^^^^^^^^^^
  File "C:\Users\Давыдов Александр\Desktop\REPO\!JIRA_new\env\Lib\site-packages\playwright\sync_api\_generated.py", line 17975, in wait_for
    self._sync(self._impl_obj.wait_for(timeout=timeout, state=state))
    ~~~~~~~~~~^^^^^^^^^^^^^^^^^^^^^^^^^^^^^^^^^^^^^^^^^^^^^^^^^^^^^^^
  File "C:\Users\Давыдов Александр\Desktop\REPO\!JIRA_new\env\Lib\site-packages\playwright\_impl\_sync_base.py", line 115, in _sync
    return task.result()
           ~~~~~~~~~~~^^
  File "C:\Users\Давыдов Александр\Desktop\REPO\!JIRA_new\env\Lib\site-packages\playwright\_impl\_locator.py", line 692, in wait_for
    await self._frame.wait_for_selector(
        self._selector, strict=True, timeout=timeout, state=state
    )
  File "C:\Users\Давыдов Александр\Desktop\REPO\!JIRA_new\env\Lib\site-packages\playwright\_impl\_frame.py", line 369, in wait_for_selector
    await self._channel.send(
        "waitForSelector", self._timeout, locals_to_params(locals())
    )
  File "C:\Users\Давыдов Александр\Desktop\REPO\!JIRA_new\env\Lib\site-packages\playwright\_impl\_connection.py", line 69, in send
    return await self._connection.wrap_api_call(
           ^^^^^^^^^^^^^^^^^^^^^^^^^^^^^^^^^^^^^
    ...<3 lines>...
    )
    ^
  File "C:\Users\Давыдов Александр\Desktop\REPO\!JIRA_new\env\Lib\site-packages\playwright\_impl\_connection.py", line 558, in wrap_api_call
    raise rewrite_error(error, f"{parsed_st['apiName']}: {error}") from None
playwright._impl._errors.TargetClosedError: Locator.wait_for: Target page, context or browser has been closed
2026-09-08 15:55:23,245 | ERROR | Пропущено целевое поле Приоритет → #priority-field
Traceback (most recent call last):
  File "C:\Users\Давыдов Александр\Desktop\REPO\!JIRA_new\migration_gui.py", line 272, in execute_migration_process
    fill_mapped_fields(page, [(field, value)])
    ~~~~~~~~~~~~~~~~~~^^^^^^^^^^^^^^^^^^^^^^^^
  File "C:\Users\Давыдов Александр\Desktop\REPO\!JIRA_new\field_picker.py", line 211, in fill_mapped_fields
    page.get_by_role('option', name=value, exact=True).filter(visible=True).first.click(timeout=3000)
    ~~~~~~~~~~~~~~~~~~~~~~~~~~~~~~~~~~~~~~~~~~~~~~~~~~~~~~~~~~~~~~~~~~~~~~~~~~~~~~~~~~~^^^^^^^^^^^^^^
  File "C:\Users\Давыдов Александр\Desktop\REPO\!JIRA_new\env\Lib\site-packages\playwright\sync_api\_generated.py", line 15543, in click
    self._sync(
    ~~~~~~~~~~^
        self._impl_obj.click(
        ^^^^^^^^^^^^^^^^^^^^^
    ...<9 lines>...
        )
        ^
    )
    ^
  File "C:\Users\Давыдов Александр\Desktop\REPO\!JIRA_new\env\Lib\site-packages\playwright\_impl\_sync_base.py", line 115, in _sync
    return task.result()
           ~~~~~~~~~~~^^
  File "C:\Users\Давыдов Александр\Desktop\REPO\!JIRA_new\env\Lib\site-packages\playwright\_impl\_locator.py", line 160, in click
    return await self._frame.click(self._selector, strict=True, **params)
           ^^^^^^^^^^^^^^^^^^^^^^^^^^^^^^^^^^^^^^^^^^^^^^^^^^^^^^^^^^^^^^
  File "C:\Users\Давыдов Александр\Desktop\REPO\!JIRA_new\env\Lib\site-packages\playwright\_impl\_frame.py", line 549, in click
    await self._channel.send("click", self._timeout, locals_to_params(locals()))
  File "C:\Users\Давыдов Александр\Desktop\REPO\!JIRA_new\env\Lib\site-packages\playwright\_impl\_connection.py", line 69, in send
    return await self._connection.wrap_api_call(
           ^^^^^^^^^^^^^^^^^^^^^^^^^^^^^^^^^^^^^
    ...<3 lines>...
    )
    ^
  File "C:\Users\Давыдов Александр\Desktop\REPO\!JIRA_new\env\Lib\site-packages\playwright\_impl\_connection.py", line 558, in wrap_api_call
    raise rewrite_error(error, f"{parsed_st['apiName']}: {error}") from None
playwright._impl._errors.TimeoutError: Locator.click: Timeout 3000ms exceeded.
Call log:
  - waiting for get_by_role("option", name="Критический", exact=True).filter(visible=True).first

2026-09-08 15:55:26,305 | ERROR | Пропущено целевое поле Метки → #labels-textarea
Traceback (most recent call last):
  File "C:\Users\Давыдов Александр\Desktop\REPO\!JIRA_new\migration_gui.py", line 272, in execute_migration_process
    fill_mapped_fields(page, [(field, value)])
    ~~~~~~~~~~~~~~~~~~^^^^^^^^^^^^^^^^^^^^^^^^
  File "C:\Users\Давыдов Александр\Desktop\REPO\!JIRA_new\field_picker.py", line 211, in fill_mapped_fields
    page.get_by_role('option', name=value, exact=True).filter(visible=True).first.click(timeout=3000)
    ~~~~~~~~~~~~~~~~~~~~~~~~~~~~~~~~~~~~~~~~~~~~~~~~~~~~~~~~~~~~~~~~~~~~~~~~~~~~~~~~~~~^^^^^^^^^^^^^^
  File "C:\Users\Давыдов Александр\Desktop\REPO\!JIRA_new\env\Lib\site-packages\playwright\sync_api\_generated.py", line 15543, in click
    self._sync(
    ~~~~~~~~~~^
        self._impl_obj.click(
        ^^^^^^^^^^^^^^^^^^^^^
    ...<9 lines>...
        )
        ^
    )
    ^
  File "C:\Users\Давыдов Александр\Desktop\REPO\!JIRA_new\env\Lib\site-packages\playwright\_impl\_sync_base.py", line 115, in _sync
    return task.result()
           ~~~~~~~~~~~^^
  File "C:\Users\Давыдов Александр\Desktop\REPO\!JIRA_new\env\Lib\site-packages\playwright\_impl\_locator.py", line 160, in click
    return await self._frame.click(self._selector, strict=True, **params)
           ^^^^^^^^^^^^^^^^^^^^^^^^^^^^^^^^^^^^^^^^^^^^^^^^^^^^^^^^^^^^^^
  File "C:\Users\Давыдов Александр\Desktop\REPO\!JIRA_new\env\Lib\site-packages\playwright\_impl\_frame.py", line 549, in click
    await self._channel.send("click", self._timeout, locals_to_params(locals()))
  File "C:\Users\Давыдов Александр\Desktop\REPO\!JIRA_new\env\Lib\site-packages\playwright\_impl\_connection.py", line 69, in send
    return await self._connection.wrap_api_call(
           ^^^^^^^^^^^^^^^^^^^^^^^^^^^^^^^^^^^^^
    ...<3 lines>...
    )
    ^
  File "C:\Users\Давыдов Александр\Desktop\REPO\!JIRA_new\env\Lib\site-packages\playwright\_impl\_connection.py", line 558, in wrap_api_call
    raise rewrite_error(error, f"{parsed_st['apiName']}: {error}") from None
playwright._impl._errors.TimeoutError: Locator.click: Timeout 3000ms exceeded.
Call log:
  - waiting for get_by_role("option", name="Метки:\nКИС_КРИТИЧЕСКИЙ_ПУТЬ", exact=True).filter(visible=True).first

2026-09-08 15:55:29,366 | ERROR | Пропущено целевое поле Исправить_в_версиях → #fixVersions-textarea
Traceback (most recent call last):
  File "C:\Users\Давыдов Александр\Desktop\REPO\!JIRA_new\migration_gui.py", line 272, in execute_migration_process
    fill_mapped_fields(page, [(field, value)])
    ~~~~~~~~~~~~~~~~~~^^^^^^^^^^^^^^^^^^^^^^^^
  File "C:\Users\Давыдов Александр\Desktop\REPO\!JIRA_new\field_picker.py", line 211, in fill_mapped_fields
    page.get_by_role('option', name=value, exact=True).filter(visible=True).first.click(timeout=3000)
    ~~~~~~~~~~~~~~~~~~~~~~~~~~~~~~~~~~~~~~~~~~~~~~~~~~~~~~~~~~~~~~~~~~~~~~~~~~~~~~~~~~~^^^^^^^^^^^^^^
  File "C:\Users\Давыдов Александр\Desktop\REPO\!JIRA_new\env\Lib\site-packages\playwright\sync_api\_generated.py", line 15543, in click
    self._sync(
    ~~~~~~~~~~^
        self._impl_obj.click(
        ^^^^^^^^^^^^^^^^^^^^^
    ...<9 lines>...
        )
        ^
    )
    ^
  File "C:\Users\Давыдов Александр\Desktop\REPO\!JIRA_new\env\Lib\site-packages\playwright\_impl\_sync_base.py", line 115, in _sync
    return task.result()
           ~~~~~~~~~~~^^
  File "C:\Users\Давыдов Александр\Desktop\REPO\!JIRA_new\env\Lib\site-packages\playwright\_impl\_locator.py", line 160, in click
    return await self._frame.click(self._selector, strict=True, **params)
           ^^^^^^^^^^^^^^^^^^^^^^^^^^^^^^^^^^^^^^^^^^^^^^^^^^^^^^^^^^^^^^
  File "C:\Users\Давыдов Александр\Desktop\REPO\!JIRA_new\env\Lib\site-packages\playwright\_impl\_frame.py", line 549, in click
    await self._channel.send("click", self._timeout, locals_to_params(locals()))
  File "C:\Users\Давыдов Александр\Desktop\REPO\!JIRA_new\env\Lib\site-packages\playwright\_impl\_connection.py", line 69, in send
    return await self._connection.wrap_api_call(
           ^^^^^^^^^^^^^^^^^^^^^^^^^^^^^^^^^^^^^
    ...<3 lines>...
    )
    ^
  File "C:\Users\Давыдов Александр\Desktop\REPO\!JIRA_new\env\Lib\site-packages\playwright\_impl\_connection.py", line 558, in wrap_api_call
    raise rewrite_error(error, f"{parsed_st['apiName']}: {error}") from None
playwright._impl._errors.TimeoutError: Locator.click: Timeout 3000ms exceeded.
Call log:
  - waiting for get_by_role("option", name="Не заполнено", exact=True).filter(visible=True).first

2026-09-08 15:55:32,474 | ERROR | Пропущено целевое поле Исполнитель → #assignee-field
Traceback (most recent call last):
  File "C:\Users\Давыдов Александр\Desktop\REPO\!JIRA_new\migration_gui.py", line 272, in execute_migration_process
    fill_mapped_fields(page, [(field, value)])
    ~~~~~~~~~~~~~~~~~~^^^^^^^^^^^^^^^^^^^^^^^^
  File "C:\Users\Давыдов Александр\Desktop\REPO\!JIRA_new\field_picker.py", line 211, in fill_mapped_fields
    page.get_by_role('option', name=value, exact=True).filter(visible=True).first.click(timeout=3000)
    ~~~~~~~~~~~~~~~~~~~~~~~~~~~~~~~~~~~~~~~~~~~~~~~~~~~~~~~~~~~~~~~~~~~~~~~~~~~~~~~~~~~^^^^^^^^^^^^^^
  File "C:\Users\Давыдов Александр\Desktop\REPO\!JIRA_new\env\Lib\site-packages\playwright\sync_api\_generated.py", line 15543, in click
    self._sync(
    ~~~~~~~~~~^
        self._impl_obj.click(
        ^^^^^^^^^^^^^^^^^^^^^
    ...<9 lines>...
        )
        ^
    )
    ^
  File "C:\Users\Давыдов Александр\Desktop\REPO\!JIRA_new\env\Lib\site-packages\playwright\_impl\_sync_base.py", line 115, in _sync
    return task.result()
           ~~~~~~~~~~~^^
  File "C:\Users\Давыдов Александр\Desktop\REPO\!JIRA_new\env\Lib\site-packages\playwright\_impl\_locator.py", line 160, in click
    return await self._frame.click(self._selector, strict=True, **params)
           ^^^^^^^^^^^^^^^^^^^^^^^^^^^^^^^^^^^^^^^^^^^^^^^^^^^^^^^^^^^^^^
  File "C:\Users\Давыдов Александр\Desktop\REPO\!JIRA_new\env\Lib\site-packages\playwright\_impl\_frame.py", line 549, in click
    await self._channel.send("click", self._timeout, locals_to_params(locals()))
  File "C:\Users\Давыдов Александр\Desktop\REPO\!JIRA_new\env\Lib\site-packages\playwright\_impl\_connection.py", line 69, in send
    return await self._connection.wrap_api_call(
           ^^^^^^^^^^^^^^^^^^^^^^^^^^^^^^^^^^^^^
    ...<3 lines>...
    )
    ^
  File "C:\Users\Давыдов Александр\Desktop\REPO\!JIRA_new\env\Lib\site-packages\playwright\_impl\_connection.py", line 558, in wrap_api_call
    raise rewrite_error(error, f"{parsed_st['apiName']}: {error}") from None
playwright._impl._errors.TimeoutError: Locator.click: Timeout 3000ms exceeded.
Call log:
  - waiting for get_by_role("option", name="Давыдов Александр Евгеньевич", exact=True).filter(visible=True).first

2026-09-08 15:55:47,487 | ERROR | Пропущено целевое поле Тестировщик → #customfield_10400-field
Traceback (most recent call last):
  File "C:\Users\Давыдов Александр\Desktop\REPO\!JIRA_new\migration_gui.py", line 272, in execute_migration_process
    fill_mapped_fields(page, [(field, value)])
    ~~~~~~~~~~~~~~~~~~^^^^^^^^^^^^^^^^^^^^^^^^
  File "C:\Users\Давыдов Александр\Desktop\REPO\!JIRA_new\field_picker.py", line 203, in fill_mapped_fields
    locator.wait_for(state='visible')
    ~~~~~~~~~~~~~~~~^^^^^^^^^^^^^^^^^
  File "C:\Users\Давыдов Александр\Desktop\REPO\!JIRA_new\env\Lib\site-packages\playwright\sync_api\_generated.py", line 17975, in wait_for
    self._sync(self._impl_obj.wait_for(timeout=timeout, state=state))
    ~~~~~~~~~~^^^^^^^^^^^^^^^^^^^^^^^^^^^^^^^^^^^^^^^^^^^^^^^^^^^^^^^
  File "C:\Users\Давыдов Александр\Desktop\REPO\!JIRA_new\env\Lib\site-packages\playwright\_impl\_sync_base.py", line 115, in _sync
    return task.result()
           ~~~~~~~~~~~^^
  File "C:\Users\Давыдов Александр\Desktop\REPO\!JIRA_new\env\Lib\site-packages\playwright\_impl\_locator.py", line 692, in wait_for
    await self._frame.wait_for_selector(
        self._selector, strict=True, timeout=timeout, state=state
    )
  File "C:\Users\Давыдов Александр\Desktop\REPO\!JIRA_new\env\Lib\site-packages\playwright\_impl\_frame.py", line 369, in wait_for_selector
    await self._channel.send(
        "waitForSelector", self._timeout, locals_to_params(locals())
    )
  File "C:\Users\Давыдов Александр\Desktop\REPO\!JIRA_new\env\Lib\site-packages\playwright\_impl\_connection.py", line 69, in send
    return await self._connection.wrap_api_call(
           ^^^^^^^^^^^^^^^^^^^^^^^^^^^^^^^^^^^^^
    ...<3 lines>...
    )
    ^
  File "C:\Users\Давыдов Александр\Desktop\REPO\!JIRA_new\env\Lib\site-packages\playwright\_impl\_connection.py", line 558, in wrap_api_call
    raise rewrite_error(error, f"{parsed_st['apiName']}: {error}") from None
playwright._impl._errors.TimeoutError: Locator.wait_for: Timeout 15000ms exceeded.
Call log:
  - waiting for locator("#customfield_10400-field") to be visible

2026-09-08 15:56:10,790 | ERROR | Пропущено целевое поле Приоритет → #priority-field
Traceback (most recent call last):
  File "C:\Users\Давыдов Александр\Desktop\REPO\!JIRA_new\migration_gui.py", line 272, in execute_migration_process
    fill_mapped_fields(page, [(field, value)])
    ~~~~~~~~~~~~~~~~~~^^^^^^^^^^^^^^^^^^^^^^^^
  File "C:\Users\Давыдов Александр\Desktop\REPO\!JIRA_new\field_picker.py", line 214, in fill_mapped_fields
    locator.fill(previous)
    ~~~~~~~~~~~~^^^^^^^^^^
  File "C:\Users\Давыдов Александр\Desktop\REPO\!JIRA_new\env\Lib\site-packages\playwright\sync_api\_generated.py", line 15889, in fill
    self._sync(
    ~~~~~~~~~~^
        self._impl_obj.fill(
        ^^^^^^^^^^^^^^^^^^^^
            value=value, timeout=timeout, noWaitAfter=no_wait_after, force=force
            ^^^^^^^^^^^^^^^^^^^^^^^^^^^^^^^^^^^^^^^^^^^^^^^^^^^^^^^^^^^^^^^^^^^^
        )
        ^
    )
    ^
  File "C:\Users\Давыдов Александр\Desktop\REPO\!JIRA_new\env\Lib\site-packages\playwright\_impl\_sync_base.py", line 115, in _sync
    return task.result()
           ~~~~~~~~~~~^^
  File "C:\Users\Давыдов Александр\Desktop\REPO\!JIRA_new\env\Lib\site-packages\playwright\_impl\_locator.py", line 212, in fill
    return await self._frame.fill(self._selector, strict=True, **params)
           ^^^^^^^^^^^^^^^^^^^^^^^^^^^^^^^^^^^^^^^^^^^^^^^^^^^^^^^^^^^^^
  File "C:\Users\Давыдов Александр\Desktop\REPO\!JIRA_new\env\Lib\site-packages\playwright\_impl\_frame.py", line 590, in fill
    await self._fill(**locals_to_params(locals()))
  File "C:\Users\Давыдов Александр\Desktop\REPO\!JIRA_new\env\Lib\site-packages\playwright\_impl\_frame.py", line 602, in _fill
    await self._channel.send("fill", self._timeout, locals_to_params(locals()))
  File "C:\Users\Давыдов Александр\Desktop\REPO\!JIRA_new\env\Lib\site-packages\playwright\_impl\_connection.py", line 69, in send
    return await self._connection.wrap_api_call(
           ^^^^^^^^^^^^^^^^^^^^^^^^^^^^^^^^^^^^^
    ...<3 lines>...
    )
    ^
  File "C:\Users\Давыдов Александр\Desktop\REPO\!JIRA_new\env\Lib\site-packages\playwright\_impl\_connection.py", line 558, in wrap_api_call
    raise rewrite_error(error, f"{parsed_st['apiName']}: {error}") from None
playwright._impl._errors.TargetClosedError: Locator.fill: Target page, context or browser has been closed
2026-09-08 15:56:10,828 | ERROR | Пропущено целевое поле Метки → #labels-textarea
Traceback (most recent call last):
  File "C:\Users\Давыдов Александр\Desktop\REPO\!JIRA_new\migration_gui.py", line 272, in execute_migration_process
    fill_mapped_fields(page, [(field, value)])
    ~~~~~~~~~~~~~~~~~~^^^^^^^^^^^^^^^^^^^^^^^^
  File "C:\Users\Давыдов Александр\Desktop\REPO\!JIRA_new\field_picker.py", line 203, in fill_mapped_fields
    locator.wait_for(state='visible')
    ~~~~~~~~~~~~~~~~^^^^^^^^^^^^^^^^^
  File "C:\Users\Давыдов Александр\Desktop\REPO\!JIRA_new\env\Lib\site-packages\playwright\sync_api\_generated.py", line 17975, in wait_for
    self._sync(self._impl_obj.wait_for(timeout=timeout, state=state))
    ~~~~~~~~~~^^^^^^^^^^^^^^^^^^^^^^^^^^^^^^^^^^^^^^^^^^^^^^^^^^^^^^^
  File "C:\Users\Давыдов Александр\Desktop\REPO\!JIRA_new\env\Lib\site-packages\playwright\_impl\_sync_base.py", line 115, in _sync
    return task.result()
           ~~~~~~~~~~~^^
  File "C:\Users\Давыдов Александр\Desktop\REPO\!JIRA_new\env\Lib\site-packages\playwright\_impl\_locator.py", line 692, in wait_for
    await self._frame.wait_for_selector(
        self._selector, strict=True, timeout=timeout, state=state
    )
  File "C:\Users\Давыдов Александр\Desktop\REPO\!JIRA_new\env\Lib\site-packages\playwright\_impl\_frame.py", line 369, in wait_for_selector
    await self._channel.send(
        "waitForSelector", self._timeout, locals_to_params(locals())
    )
  File "C:\Users\Давыдов Александр\Desktop\REPO\!JIRA_new\env\Lib\site-packages\playwright\_impl\_connection.py", line 69, in send
    return await self._connection.wrap_api_call(
           ^^^^^^^^^^^^^^^^^^^^^^^^^^^^^^^^^^^^^
    ...<3 lines>...
    )
    ^
  File "C:\Users\Давыдов Александр\Desktop\REPO\!JIRA_new\env\Lib\site-packages\playwright\_impl\_connection.py", line 558, in wrap_api_call
    raise rewrite_error(error, f"{parsed_st['apiName']}: {error}") from None
playwright._impl._errors.TargetClosedError: Locator.wait_for: Target page, context or browser has been closed
2026-09-08 15:56:10,854 | ERROR | Пропущено целевое поле Исправить_в_версиях → #fixVersions-textarea
Traceback (most recent call last):
  File "C:\Users\Давыдов Александр\Desktop\REPO\!JIRA_new\migration_gui.py", line 272, in execute_migration_process
    fill_mapped_fields(page, [(field, value)])
    ~~~~~~~~~~~~~~~~~~^^^^^^^^^^^^^^^^^^^^^^^^
  File "C:\Users\Давыдов Александр\Desktop\REPO\!JIRA_new\field_picker.py", line 203, in fill_mapped_fields
    locator.wait_for(state='visible')
    ~~~~~~~~~~~~~~~~^^^^^^^^^^^^^^^^^
  File "C:\Users\Давыдов Александр\Desktop\REPO\!JIRA_new\env\Lib\site-packages\playwright\sync_api\_generated.py", line 17975, in wait_for
    self._sync(self._impl_obj.wait_for(timeout=timeout, state=state))
    ~~~~~~~~~~^^^^^^^^^^^^^^^^^^^^^^^^^^^^^^^^^^^^^^^^^^^^^^^^^^^^^^^
  File "C:\Users\Давыдов Александр\Desktop\REPO\!JIRA_new\env\Lib\site-packages\playwright\_impl\_sync_base.py", line 115, in _sync
    return task.result()
           ~~~~~~~~~~~^^
  File "C:\Users\Давыдов Александр\Desktop\REPO\!JIRA_new\env\Lib\site-packages\playwright\_impl\_locator.py", line 692, in wait_for
    await self._frame.wait_for_selector(
        self._selector, strict=True, timeout=timeout, state=state
    )
  File "C:\Users\Давыдов Александр\Desktop\REPO\!JIRA_new\env\Lib\site-packages\playwright\_impl\_frame.py", line 369, in wait_for_selector
    await self._channel.send(
        "waitForSelector", self._timeout, locals_to_params(locals())
    )
  File "C:\Users\Давыдов Александр\Desktop\REPO\!JIRA_new\env\Lib\site-packages\playwright\_impl\_connection.py", line 69, in send
    return await self._connection.wrap_api_call(
           ^^^^^^^^^^^^^^^^^^^^^^^^^^^^^^^^^^^^^
    ...<3 lines>...
    )
    ^
  File "C:\Users\Давыдов Александр\Desktop\REPO\!JIRA_new\env\Lib\site-packages\playwright\_impl\_connection.py", line 558, in wrap_api_call
    raise rewrite_error(error, f"{parsed_st['apiName']}: {error}") from None
playwright._impl._errors.TargetClosedError: Locator.wait_for: Target page, context or browser has been closed
2026-09-08 15:56:10,866 | ERROR | Пропущено целевое поле Описание → #mce_0
Traceback (most recent call last):
  File "C:\Users\Давыдов Александр\Desktop\REPO\!JIRA_new\migration_gui.py", line 272, in execute_migration_process
    fill_mapped_fields(page, [(field, value)])
    ~~~~~~~~~~~~~~~~~~^^^^^^^^^^^^^^^^^^^^^^^^
  File "C:\Users\Давыдов Александр\Desktop\REPO\!JIRA_new\field_picker.py", line 199, in fill_mapped_fields
    if selector in ('#mce_0', '#description') and page.locator('#mce_0_ifr').count():
                                                  ~~~~~~~~~~~~~~~~~~~~~~~~~~~~~~~~^^
  File "C:\Users\Давыдов Александр\Desktop\REPO\!JIRA_new\env\Lib\site-packages\playwright\sync_api\_generated.py", line 16776, in count
    return mapping.from_maybe_impl(self._sync(self._impl_obj.count()))
                                   ~~~~~~~~~~^^^^^^^^^^^^^^^^^^^^^^^^
  File "C:\Users\Давыдов Александр\Desktop\REPO\!JIRA_new\env\Lib\site-packages\playwright\_impl\_sync_base.py", line 115, in _sync
    return task.result()
           ~~~~~~~~~~~^^
  File "C:\Users\Давыдов Александр\Desktop\REPO\!JIRA_new\env\Lib\site-packages\playwright\_impl\_locator.py", line 406, in count
    return await self._frame._query_count(self._selector)
           ^^^^^^^^^^^^^^^^^^^^^^^^^^^^^^^^^^^^^^^^^^^^^^
  File "C:\Users\Давыдов Александр\Desktop\REPO\!JIRA_new\env\Lib\site-packages\playwright\_impl\_frame.py", line 136, in _query_count
    return await self._channel.send("queryCount", None, {"selector": selector})
           ^^^^^^^^^^^^^^^^^^^^^^^^^^^^^^^^^^^^^^^^^^^^^^^^^^^^^^^^^^^^^^^^^^^^
  File "C:\Users\Давыдов Александр\Desktop\REPO\!JIRA_new\env\Lib\site-packages\playwright\_impl\_connection.py", line 69, in send
    return await self._connection.wrap_api_call(
           ^^^^^^^^^^^^^^^^^^^^^^^^^^^^^^^^^^^^^
    ...<3 lines>...
    )
    ^
  File "C:\Users\Давыдов Александр\Desktop\REPO\!JIRA_new\env\Lib\site-packages\playwright\_impl\_connection.py", line 558, in wrap_api_call
    raise rewrite_error(error, f"{parsed_st['apiName']}: {error}") from None
playwright._impl._errors.TargetClosedError: Locator.count: Target page, context or browser has been closed
2026-09-08 15:56:10,875 | ERROR | Пропущено целевое поле Исполнитель → #assignee-field
Traceback (most recent call last):
  File "C:\Users\Давыдов Александр\Desktop\REPO\!JIRA_new\migration_gui.py", line 272, in execute_migration_process
    fill_mapped_fields(page, [(field, value)])
    ~~~~~~~~~~~~~~~~~~^^^^^^^^^^^^^^^^^^^^^^^^
  File "C:\Users\Давыдов Александр\Desktop\REPO\!JIRA_new\field_picker.py", line 203, in fill_mapped_fields
    locator.wait_for(state='visible')
    ~~~~~~~~~~~~~~~~^^^^^^^^^^^^^^^^^
  File "C:\Users\Давыдов Александр\Desktop\REPO\!JIRA_new\env\Lib\site-packages\playwright\sync_api\_generated.py", line 17975, in wait_for
    self._sync(self._impl_obj.wait_for(timeout=timeout, state=state))
    ~~~~~~~~~~^^^^^^^^^^^^^^^^^^^^^^^^^^^^^^^^^^^^^^^^^^^^^^^^^^^^^^^
  File "C:\Users\Давыдов Александр\Desktop\REPO\!JIRA_new\env\Lib\site-packages\playwright\_impl\_sync_base.py", line 115, in _sync
    return task.result()
           ~~~~~~~~~~~^^
  File "C:\Users\Давыдов Александр\Desktop\REPO\!JIRA_new\env\Lib\site-packages\playwright\_impl\_locator.py", line 692, in wait_for
    await self._frame.wait_for_selector(
        self._selector, strict=True, timeout=timeout, state=state
    )
  File "C:\Users\Давыдов Александр\Desktop\REPO\!JIRA_new\env\Lib\site-packages\playwright\_impl\_frame.py", line 369, in wait_for_selector
    await self._channel.send(
        "waitForSelector", self._timeout, locals_to_params(locals())
    )
  File "C:\Users\Давыдов Александр\Desktop\REPO\!JIRA_new\env\Lib\site-packages\playwright\_impl\_connection.py", line 69, in send
    return await self._connection.wrap_api_call(
           ^^^^^^^^^^^^^^^^^^^^^^^^^^^^^^^^^^^^^
    ...<3 lines>...
    )
    ^
  File "C:\Users\Давыдов Александр\Desktop\REPO\!JIRA_new\env\Lib\site-packages\playwright\_impl\_connection.py", line 558, in wrap_api_call
    raise rewrite_error(error, f"{parsed_st['apiName']}: {error}") from None
playwright._impl._errors.TargetClosedError: Locator.wait_for: Target page, context or browser has been closed
2026-09-08 15:56:10,883 | ERROR | Пропущено целевое поле Тестировщик → #customfield_10400-field
Traceback (most recent call last):
  File "C:\Users\Давыдов Александр\Desktop\REPO\!JIRA_new\migration_gui.py", line 272, in execute_migration_process
    fill_mapped_fields(page, [(field, value)])
    ~~~~~~~~~~~~~~~~~~^^^^^^^^^^^^^^^^^^^^^^^^
  File "C:\Users\Давыдов Александр\Desktop\REPO\!JIRA_new\field_picker.py", line 203, in fill_mapped_fields
    locator.wait_for(state='visible')
    ~~~~~~~~~~~~~~~~^^^^^^^^^^^^^^^^^
  File "C:\Users\Давыдов Александр\Desktop\REPO\!JIRA_new\env\Lib\site-packages\playwright\sync_api\_generated.py", line 17975, in wait_for
    self._sync(self._impl_obj.wait_for(timeout=timeout, state=state))
    ~~~~~~~~~~^^^^^^^^^^^^^^^^^^^^^^^^^^^^^^^^^^^^^^^^^^^^^^^^^^^^^^^
  File "C:\Users\Давыдов Александр\Desktop\REPO\!JIRA_new\env\Lib\site-packages\playwright\_impl\_sync_base.py", line 115, in _sync
    return task.result()
           ~~~~~~~~~~~^^
  File "C:\Users\Давыдов Александр\Desktop\REPO\!JIRA_new\env\Lib\site-packages\playwright\_impl\_locator.py", line 692, in wait_for
    await self._frame.wait_for_selector(
        self._selector, strict=True, timeout=timeout, state=state
    )
  File "C:\Users\Давыдов Александр\Desktop\REPO\!JIRA_new\env\Lib\site-packages\playwright\_impl\_frame.py", line 369, in wait_for_selector
    await self._channel.send(
        "waitForSelector", self._timeout, locals_to_params(locals())
    )
  File "C:\Users\Давыдов Александр\Desktop\REPO\!JIRA_new\env\Lib\site-packages\playwright\_impl\_connection.py", line 69, in send
    return await self._connection.wrap_api_call(
           ^^^^^^^^^^^^^^^^^^^^^^^^^^^^^^^^^^^^^
    ...<3 lines>...
    )
    ^
  File "C:\Users\Давыдов Александр\Desktop\REPO\!JIRA_new\env\Lib\site-packages\playwright\_impl\_connection.py", line 558, in wrap_api_call
    raise rewrite_error(error, f"{parsed_st['apiName']}: {error}") from None
playwright._impl._errors.TargetClosedError: Locator.wait_for: Target page, context or browser has been closed
2026-09-08 15:56:29,829 | ERROR | Пропущено целевое поле Приоритет → #priority-field
Traceback (most recent call last):
  File "C:\Users\Давыдов Александр\Desktop\REPO\!JIRA_new\migration_gui.py", line 272, in execute_migration_process
    fill_mapped_fields(page, [(field, value)])
    ~~~~~~~~~~~~~~~~~~^^^^^^^^^^^^^^^^^^^^^^^^
  File "C:\Users\Давыдов Александр\Desktop\REPO\!JIRA_new\field_picker.py", line 211, in fill_mapped_fields
    page.get_by_role('option', name=value, exact=True).filter(visible=True).first.click(timeout=3000)
    ~~~~~~~~~~~~~~~~~~~~~~~~~~~~~~~~~~~~~~~~~~~~~~~~~~~~~~~~~~~~~~~~~~~~~~~~~~~~~~~~~~~^^^^^^^^^^^^^^
  File "C:\Users\Давыдов Александр\Desktop\REPO\!JIRA_new\env\Lib\site-packages\playwright\sync_api\_generated.py", line 15543, in click
    self._sync(
    ~~~~~~~~~~^
        self._impl_obj.click(
        ^^^^^^^^^^^^^^^^^^^^^
    ...<9 lines>...
        )
        ^
    )
    ^
  File "C:\Users\Давыдов Александр\Desktop\REPO\!JIRA_new\env\Lib\site-packages\playwright\_impl\_sync_base.py", line 115, in _sync
    return task.result()
           ~~~~~~~~~~~^^
  File "C:\Users\Давыдов Александр\Desktop\REPO\!JIRA_new\env\Lib\site-packages\playwright\_impl\_locator.py", line 160, in click
    return await self._frame.click(self._selector, strict=True, **params)
           ^^^^^^^^^^^^^^^^^^^^^^^^^^^^^^^^^^^^^^^^^^^^^^^^^^^^^^^^^^^^^^
  File "C:\Users\Давыдов Александр\Desktop\REPO\!JIRA_new\env\Lib\site-packages\playwright\_impl\_frame.py", line 549, in click
    await self._channel.send("click", self._timeout, locals_to_params(locals()))
  File "C:\Users\Давыдов Александр\Desktop\REPO\!JIRA_new\env\Lib\site-packages\playwright\_impl\_connection.py", line 69, in send
    return await self._connection.wrap_api_call(
           ^^^^^^^^^^^^^^^^^^^^^^^^^^^^^^^^^^^^^
    ...<3 lines>...
    )
    ^
  File "C:\Users\Давыдов Александр\Desktop\REPO\!JIRA_new\env\Lib\site-packages\playwright\_impl\_connection.py", line 558, in wrap_api_call
    raise rewrite_error(error, f"{parsed_st['apiName']}: {error}") from None
playwright._impl._errors.TimeoutError: Locator.click: Timeout 3000ms exceeded.
Call log:
  - waiting for get_by_role("option", name="Критический", exact=True).filter(visible=True).first

2026-09-08 15:56:32,907 | ERROR | Пропущено целевое поле Метки → #labels-textarea
Traceback (most recent call last):
  File "C:\Users\Давыдов Александр\Desktop\REPO\!JIRA_new\migration_gui.py", line 272, in execute_migration_process
    fill_mapped_fields(page, [(field, value)])
    ~~~~~~~~~~~~~~~~~~^^^^^^^^^^^^^^^^^^^^^^^^
  File "C:\Users\Давыдов Александр\Desktop\REPO\!JIRA_new\field_picker.py", line 211, in fill_mapped_fields
    page.get_by_role('option', name=value, exact=True).filter(visible=True).first.click(timeout=3000)
    ~~~~~~~~~~~~~~~~~~~~~~~~~~~~~~~~~~~~~~~~~~~~~~~~~~~~~~~~~~~~~~~~~~~~~~~~~~~~~~~~~~~^^^^^^^^^^^^^^
  File "C:\Users\Давыдов Александр\Desktop\REPO\!JIRA_new\env\Lib\site-packages\playwright\sync_api\_generated.py", line 15543, in click
    self._sync(
    ~~~~~~~~~~^
        self._impl_obj.click(
        ^^^^^^^^^^^^^^^^^^^^^
    ...<9 lines>...
        )
        ^
    )
    ^
  File "C:\Users\Давыдов Александр\Desktop\REPO\!JIRA_new\env\Lib\site-packages\playwright\_impl\_sync_base.py", line 115, in _sync
    return task.result()
           ~~~~~~~~~~~^^
  File "C:\Users\Давыдов Александр\Desktop\REPO\!JIRA_new\env\Lib\site-packages\playwright\_impl\_locator.py", line 160, in click
    return await self._frame.click(self._selector, strict=True, **params)
           ^^^^^^^^^^^^^^^^^^^^^^^^^^^^^^^^^^^^^^^^^^^^^^^^^^^^^^^^^^^^^^
  File "C:\Users\Давыдов Александр\Desktop\REPO\!JIRA_new\env\Lib\site-packages\playwright\_impl\_frame.py", line 549, in click
    await self._channel.send("click", self._timeout, locals_to_params(locals()))
  File "C:\Users\Давыдов Александр\Desktop\REPO\!JIRA_new\env\Lib\site-packages\playwright\_impl\_connection.py", line 69, in send
    return await self._connection.wrap_api_call(
           ^^^^^^^^^^^^^^^^^^^^^^^^^^^^^^^^^^^^^
    ...<3 lines>...
    )
    ^
  File "C:\Users\Давыдов Александр\Desktop\REPO\!JIRA_new\env\Lib\site-packages\playwright\_impl\_connection.py", line 558, in wrap_api_call
    raise rewrite_error(error, f"{parsed_st['apiName']}: {error}") from None
playwright._impl._errors.TimeoutError: Locator.click: Timeout 3000ms exceeded.
Call log:
  - waiting for get_by_role("option", name="Метки:\nКИС_КРИТИЧЕСКИЙ_ПУТЬ", exact=True).filter(visible=True).first

2026-09-08 15:56:35,961 | ERROR | Пропущено целевое поле Исправить_в_версиях → #fixVersions-textarea
Traceback (most recent call last):
  File "C:\Users\Давыдов Александр\Desktop\REPO\!JIRA_new\migration_gui.py", line 272, in execute_migration_process
    fill_mapped_fields(page, [(field, value)])
    ~~~~~~~~~~~~~~~~~~^^^^^^^^^^^^^^^^^^^^^^^^
  File "C:\Users\Давыдов Александр\Desktop\REPO\!JIRA_new\field_picker.py", line 211, in fill_mapped_fields
    page.get_by_role('option', name=value, exact=True).filter(visible=True).first.click(timeout=3000)
    ~~~~~~~~~~~~~~~~~~~~~~~~~~~~~~~~~~~~~~~~~~~~~~~~~~~~~~~~~~~~~~~~~~~~~~~~~~~~~~~~~~~^^^^^^^^^^^^^^
  File "C:\Users\Давыдов Александр\Desktop\REPO\!JIRA_new\env\Lib\site-packages\playwright\sync_api\_generated.py", line 15543, in click
    self._sync(
    ~~~~~~~~~~^
        self._impl_obj.click(
        ^^^^^^^^^^^^^^^^^^^^^
    ...<9 lines>...
        )
        ^
    )
    ^
  File "C:\Users\Давыдов Александр\Desktop\REPO\!JIRA_new\env\Lib\site-packages\playwright\_impl\_sync_base.py", line 115, in _sync
    return task.result()
           ~~~~~~~~~~~^^
  File "C:\Users\Давыдов Александр\Desktop\REPO\!JIRA_new\env\Lib\site-packages\playwright\_impl\_locator.py", line 160, in click
    return await self._frame.click(self._selector, strict=True, **params)
           ^^^^^^^^^^^^^^^^^^^^^^^^^^^^^^^^^^^^^^^^^^^^^^^^^^^^^^^^^^^^^^
  File "C:\Users\Давыдов Александр\Desktop\REPO\!JIRA_new\env\Lib\site-packages\playwright\_impl\_frame.py", line 549, in click
    await self._channel.send("click", self._timeout, locals_to_params(locals()))
  File "C:\Users\Давыдов Александр\Desktop\REPO\!JIRA_new\env\Lib\site-packages\playwright\_impl\_connection.py", line 69, in send
    return await self._connection.wrap_api_call(
           ^^^^^^^^^^^^^^^^^^^^^^^^^^^^^^^^^^^^^
    ...<3 lines>...
    )
    ^
  File "C:\Users\Давыдов Александр\Desktop\REPO\!JIRA_new\env\Lib\site-packages\playwright\_impl\_connection.py", line 558, in wrap_api_call
    raise rewrite_error(error, f"{parsed_st['apiName']}: {error}") from None
playwright._impl._errors.TimeoutError: Locator.click: Timeout 3000ms exceeded.
Call log:
  - waiting for get_by_role("option", name="Не заполнено", exact=True).filter(visible=True).first

2026-09-08 15:56:39,076 | ERROR | Пропущено целевое поле Исполнитель → #assignee-field
Traceback (most recent call last):
  File "C:\Users\Давыдов Александр\Desktop\REPO\!JIRA_new\migration_gui.py", line 272, in execute_migration_process
    fill_mapped_fields(page, [(field, value)])
    ~~~~~~~~~~~~~~~~~~^^^^^^^^^^^^^^^^^^^^^^^^
  File "C:\Users\Давыдов Александр\Desktop\REPO\!JIRA_new\field_picker.py", line 211, in fill_mapped_fields
    page.get_by_role('option', name=value, exact=True).filter(visible=True).first.click(timeout=3000)
    ~~~~~~~~~~~~~~~~~~~~~~~~~~~~~~~~~~~~~~~~~~~~~~~~~~~~~~~~~~~~~~~~~~~~~~~~~~~~~~~~~~~^^^^^^^^^^^^^^
  File "C:\Users\Давыдов Александр\Desktop\REPO\!JIRA_new\env\Lib\site-packages\playwright\sync_api\_generated.py", line 15543, in click
    self._sync(
    ~~~~~~~~~~^
        self._impl_obj.click(
        ^^^^^^^^^^^^^^^^^^^^^
    ...<9 lines>...
        )
        ^
    )
    ^
  File "C:\Users\Давыдов Александр\Desktop\REPO\!JIRA_new\env\Lib\site-packages\playwright\_impl\_sync_base.py", line 115, in _sync
    return task.result()
           ~~~~~~~~~~~^^
  File "C:\Users\Давыдов Александр\Desktop\REPO\!JIRA_new\env\Lib\site-packages\playwright\_impl\_locator.py", line 160, in click
    return await self._frame.click(self._selector, strict=True, **params)
           ^^^^^^^^^^^^^^^^^^^^^^^^^^^^^^^^^^^^^^^^^^^^^^^^^^^^^^^^^^^^^^
  File "C:\Users\Давыдов Александр\Desktop\REPO\!JIRA_new\env\Lib\site-packages\playwright\_impl\_frame.py", line 549, in click
    await self._channel.send("click", self._timeout, locals_to_params(locals()))
  File "C:\Users\Давыдов Александр\Desktop\REPO\!JIRA_new\env\Lib\site-packages\playwright\_impl\_connection.py", line 69, in send
    return await self._connection.wrap_api_call(
           ^^^^^^^^^^^^^^^^^^^^^^^^^^^^^^^^^^^^^
    ...<3 lines>...
    )
    ^
  File "C:\Users\Давыдов Александр\Desktop\REPO\!JIRA_new\env\Lib\site-packages\playwright\_impl\_connection.py", line 558, in wrap_api_call
    raise rewrite_error(error, f"{parsed_st['apiName']}: {error}") from None
playwright._impl._errors.TimeoutError: Locator.click: Timeout 3000ms exceeded.
Call log:
  - waiting for get_by_role("option", name="Давыдов Александр Евгеньевич", exact=True).filter(visible=True).first

2026-09-08 15:56:54,086 | ERROR | Пропущено целевое поле Тестировщик → #customfield_10400-field
Traceback (most recent call last):
  File "C:\Users\Давыдов Александр\Desktop\REPO\!JIRA_new\migration_gui.py", line 272, in execute_migration_process
    fill_mapped_fields(page, [(field, value)])
    ~~~~~~~~~~~~~~~~~~^^^^^^^^^^^^^^^^^^^^^^^^
  File "C:\Users\Давыдов Александр\Desktop\REPO\!JIRA_new\field_picker.py", line 203, in fill_mapped_fields
    locator.wait_for(state='visible')
    ~~~~~~~~~~~~~~~~^^^^^^^^^^^^^^^^^
  File "C:\Users\Давыдов Александр\Desktop\REPO\!JIRA_new\env\Lib\site-packages\playwright\sync_api\_generated.py", line 17975, in wait_for
    self._sync(self._impl_obj.wait_for(timeout=timeout, state=state))
    ~~~~~~~~~~^^^^^^^^^^^^^^^^^^^^^^^^^^^^^^^^^^^^^^^^^^^^^^^^^^^^^^^
  File "C:\Users\Давыдов Александр\Desktop\REPO\!JIRA_new\env\Lib\site-packages\playwright\_impl\_sync_base.py", line 115, in _sync
    return task.result()
           ~~~~~~~~~~~^^
  File "C:\Users\Давыдов Александр\Desktop\REPO\!JIRA_new\env\Lib\site-packages\playwright\_impl\_locator.py", line 692, in wait_for
    await self._frame.wait_for_selector(
        self._selector, strict=True, timeout=timeout, state=state
    )
  File "C:\Users\Давыдов Александр\Desktop\REPO\!JIRA_new\env\Lib\site-packages\playwright\_impl\_frame.py", line 369, in wait_for_selector
    await self._channel.send(
        "waitForSelector", self._timeout, locals_to_params(locals())
    )
  File "C:\Users\Давыдов Александр\Desktop\REPO\!JIRA_new\env\Lib\site-packages\playwright\_impl\_connection.py", line 69, in send
    return await self._connection.wrap_api_call(
           ^^^^^^^^^^^^^^^^^^^^^^^^^^^^^^^^^^^^^
    ...<3 lines>...
    )
    ^
  File "C:\Users\Давыдов Александр\Desktop\REPO\!JIRA_new\env\Lib\site-packages\playwright\_impl\_connection.py", line 558, in wrap_api_call
    raise rewrite_error(error, f"{parsed_st['apiName']}: {error}") from None
playwright._impl._errors.TimeoutError: Locator.wait_for: Timeout 15000ms exceeded.
Call log:
  - waiting for locator("#customfield_10400-field") to be visible

2026-09-08 15:59:35,413 | ERROR | Пропущено целевое поле Приоритет → #priority-field
Traceback (most recent call last):
  File "C:\Users\Давыдов Александр\Desktop\REPO\!JIRA_new\migration_gui.py", line 272, in execute_migration_process
    fill_mapped_fields(page, [(field, value)])
    ~~~~~~~~~~~~~~~~~~^^^^^^^^^^^^^^^^^^^^^^^^
  File "C:\Users\Давыдов Александр\Desktop\REPO\!JIRA_new\field_picker.py", line 211, in fill_mapped_fields
    page.get_by_role('option', name=value, exact=True).filter(visible=True).first.click(timeout=3000)
    ~~~~~~~~~~~~~~~~~~~~~~~~~~~~~~~~~~~~~~~~~~~~~~~~~~~~~~~~~~~~~~~~~~~~~~~~~~~~~~~~~~~^^^^^^^^^^^^^^
  File "C:\Users\Давыдов Александр\Desktop\REPO\!JIRA_new\env\Lib\site-packages\playwright\sync_api\_generated.py", line 15543, in click
    self._sync(
    ~~~~~~~~~~^
        self._impl_obj.click(
        ^^^^^^^^^^^^^^^^^^^^^
    ...<9 lines>...
        )
        ^
    )
    ^
  File "C:\Users\Давыдов Александр\Desktop\REPO\!JIRA_new\env\Lib\site-packages\playwright\_impl\_sync_base.py", line 115, in _sync
    return task.result()
           ~~~~~~~~~~~^^
  File "C:\Users\Давыдов Александр\Desktop\REPO\!JIRA_new\env\Lib\site-packages\playwright\_impl\_locator.py", line 160, in click
    return await self._frame.click(self._selector, strict=True, **params)
           ^^^^^^^^^^^^^^^^^^^^^^^^^^^^^^^^^^^^^^^^^^^^^^^^^^^^^^^^^^^^^^
  File "C:\Users\Давыдов Александр\Desktop\REPO\!JIRA_new\env\Lib\site-packages\playwright\_impl\_frame.py", line 549, in click
    await self._channel.send("click", self._timeout, locals_to_params(locals()))
  File "C:\Users\Давыдов Александр\Desktop\REPO\!JIRA_new\env\Lib\site-packages\playwright\_impl\_connection.py", line 69, in send
    return await self._connection.wrap_api_call(
           ^^^^^^^^^^^^^^^^^^^^^^^^^^^^^^^^^^^^^
    ...<3 lines>...
    )
    ^
  File "C:\Users\Давыдов Александр\Desktop\REPO\!JIRA_new\env\Lib\site-packages\playwright\_impl\_connection.py", line 558, in wrap_api_call
    raise rewrite_error(error, f"{parsed_st['apiName']}: {error}") from None
playwright._impl._errors.TimeoutError: Locator.click: Timeout 3000ms exceeded.
Call log:
  - waiting for get_by_role("option", name="Критический", exact=True).filter(visible=True).first

2026-09-08 15:59:38,465 | ERROR | Пропущено целевое поле Метки → #labels-textarea
Traceback (most recent call last):
  File "C:\Users\Давыдов Александр\Desktop\REPO\!JIRA_new\migration_gui.py", line 272, in execute_migration_process
    fill_mapped_fields(page, [(field, value)])
    ~~~~~~~~~~~~~~~~~~^^^^^^^^^^^^^^^^^^^^^^^^
  File "C:\Users\Давыдов Александр\Desktop\REPO\!JIRA_new\field_picker.py", line 211, in fill_mapped_fields
    page.get_by_role('option', name=value, exact=True).filter(visible=True).first.click(timeout=3000)
    ~~~~~~~~~~~~~~~~~~~~~~~~~~~~~~~~~~~~~~~~~~~~~~~~~~~~~~~~~~~~~~~~~~~~~~~~~~~~~~~~~~~^^^^^^^^^^^^^^
  File "C:\Users\Давыдов Александр\Desktop\REPO\!JIRA_new\env\Lib\site-packages\playwright\sync_api\_generated.py", line 15543, in click
    self._sync(
    ~~~~~~~~~~^
        self._impl_obj.click(
        ^^^^^^^^^^^^^^^^^^^^^
    ...<9 lines>...
        )
        ^
    )
    ^
  File "C:\Users\Давыдов Александр\Desktop\REPO\!JIRA_new\env\Lib\site-packages\playwright\_impl\_sync_base.py", line 115, in _sync
    return task.result()
           ~~~~~~~~~~~^^
  File "C:\Users\Давыдов Александр\Desktop\REPO\!JIRA_new\env\Lib\site-packages\playwright\_impl\_locator.py", line 160, in click
    return await self._frame.click(self._selector, strict=True, **params)
           ^^^^^^^^^^^^^^^^^^^^^^^^^^^^^^^^^^^^^^^^^^^^^^^^^^^^^^^^^^^^^^
  File "C:\Users\Давыдов Александр\Desktop\REPO\!JIRA_new\env\Lib\site-packages\playwright\_impl\_frame.py", line 549, in click
    await self._channel.send("click", self._timeout, locals_to_params(locals()))
  File "C:\Users\Давыдов Александр\Desktop\REPO\!JIRA_new\env\Lib\site-packages\playwright\_impl\_connection.py", line 69, in send
    return await self._connection.wrap_api_call(
           ^^^^^^^^^^^^^^^^^^^^^^^^^^^^^^^^^^^^^
    ...<3 lines>...
    )
    ^
  File "C:\Users\Давыдов Александр\Desktop\REPO\!JIRA_new\env\Lib\site-packages\playwright\_impl\_connection.py", line 558, in wrap_api_call
    raise rewrite_error(error, f"{parsed_st['apiName']}: {error}") from None
playwright._impl._errors.TimeoutError: Locator.click: Timeout 3000ms exceeded.
Call log:
  - waiting for get_by_role("option", name="Метки:\nКИС_КРИТИЧЕСКИЙ_ПУТЬ", exact=True).filter(visible=True).first

2026-09-08 15:59:41,526 | ERROR | Пропущено целевое поле Исправить_в_версиях → #fixVersions-textarea
Traceback (most recent call last):
  File "C:\Users\Давыдов Александр\Desktop\REPO\!JIRA_new\migration_gui.py", line 272, in execute_migration_process
    fill_mapped_fields(page, [(field, value)])
    ~~~~~~~~~~~~~~~~~~^^^^^^^^^^^^^^^^^^^^^^^^
  File "C:\Users\Давыдов Александр\Desktop\REPO\!JIRA_new\field_picker.py", line 211, in fill_mapped_fields
    page.get_by_role('option', name=value, exact=True).filter(visible=True).first.click(timeout=3000)
    ~~~~~~~~~~~~~~~~~~~~~~~~~~~~~~~~~~~~~~~~~~~~~~~~~~~~~~~~~~~~~~~~~~~~~~~~~~~~~~~~~~~^^^^^^^^^^^^^^
  File "C:\Users\Давыдов Александр\Desktop\REPO\!JIRA_new\env\Lib\site-packages\playwright\sync_api\_generated.py", line 15543, in click
    self._sync(
    ~~~~~~~~~~^
        self._impl_obj.click(
        ^^^^^^^^^^^^^^^^^^^^^
    ...<9 lines>...
        )
        ^
    )
    ^
  File "C:\Users\Давыдов Александр\Desktop\REPO\!JIRA_new\env\Lib\site-packages\playwright\_impl\_sync_base.py", line 115, in _sync
    return task.result()
           ~~~~~~~~~~~^^
  File "C:\Users\Давыдов Александр\Desktop\REPO\!JIRA_new\env\Lib\site-packages\playwright\_impl\_locator.py", line 160, in click
    return await self._frame.click(self._selector, strict=True, **params)
           ^^^^^^^^^^^^^^^^^^^^^^^^^^^^^^^^^^^^^^^^^^^^^^^^^^^^^^^^^^^^^^
  File "C:\Users\Давыдов Александр\Desktop\REPO\!JIRA_new\env\Lib\site-packages\playwright\_impl\_frame.py", line 549, in click
    await self._channel.send("click", self._timeout, locals_to_params(locals()))
  File "C:\Users\Давыдов Александр\Desktop\REPO\!JIRA_new\env\Lib\site-packages\playwright\_impl\_connection.py", line 69, in send
    return await self._connection.wrap_api_call(
           ^^^^^^^^^^^^^^^^^^^^^^^^^^^^^^^^^^^^^
    ...<3 lines>...
    )
    ^
  File "C:\Users\Давыдов Александр\Desktop\REPO\!JIRA_new\env\Lib\site-packages\playwright\_impl\_connection.py", line 558, in wrap_api_call
    raise rewrite_error(error, f"{parsed_st['apiName']}: {error}") from None
playwright._impl._errors.TimeoutError: Locator.click: Timeout 3000ms exceeded.
Call log:
  - waiting for get_by_role("option", name="Не заполнено", exact=True).filter(visible=True).first

2026-09-08 15:59:44,630 | ERROR | Пропущено целевое поле Исполнитель → #assignee-field
Traceback (most recent call last):
  File "C:\Users\Давыдов Александр\Desktop\REPO\!JIRA_new\migration_gui.py", line 272, in execute_migration_process
    fill_mapped_fields(page, [(field, value)])
    ~~~~~~~~~~~~~~~~~~^^^^^^^^^^^^^^^^^^^^^^^^
  File "C:\Users\Давыдов Александр\Desktop\REPO\!JIRA_new\field_picker.py", line 211, in fill_mapped_fields
    page.get_by_role('option', name=value, exact=True).filter(visible=True).first.click(timeout=3000)
    ~~~~~~~~~~~~~~~~~~~~~~~~~~~~~~~~~~~~~~~~~~~~~~~~~~~~~~~~~~~~~~~~~~~~~~~~~~~~~~~~~~~^^^^^^^^^^^^^^
  File "C:\Users\Давыдов Александр\Desktop\REPO\!JIRA_new\env\Lib\site-packages\playwright\sync_api\_generated.py", line 15543, in click
    self._sync(
    ~~~~~~~~~~^
        self._impl_obj.click(
        ^^^^^^^^^^^^^^^^^^^^^
    ...<9 lines>...
        )
        ^
    )
    ^
  File "C:\Users\Давыдов Александр\Desktop\REPO\!JIRA_new\env\Lib\site-packages\playwright\_impl\_sync_base.py", line 115, in _sync
    return task.result()
           ~~~~~~~~~~~^^
  File "C:\Users\Давыдов Александр\Desktop\REPO\!JIRA_new\env\Lib\site-packages\playwright\_impl\_locator.py", line 160, in click
    return await self._frame.click(self._selector, strict=True, **params)
           ^^^^^^^^^^^^^^^^^^^^^^^^^^^^^^^^^^^^^^^^^^^^^^^^^^^^^^^^^^^^^^
  File "C:\Users\Давыдов Александр\Desktop\REPO\!JIRA_new\env\Lib\site-packages\playwright\_impl\_frame.py", line 549, in click
    await self._channel.send("click", self._timeout, locals_to_params(locals()))
  File "C:\Users\Давыдов Александр\Desktop\REPO\!JIRA_new\env\Lib\site-packages\playwright\_impl\_connection.py", line 69, in send
    return await self._connection.wrap_api_call(
           ^^^^^^^^^^^^^^^^^^^^^^^^^^^^^^^^^^^^^
    ...<3 lines>...
    )
    ^
  File "C:\Users\Давыдов Александр\Desktop\REPO\!JIRA_new\env\Lib\site-packages\playwright\_impl\_connection.py", line 558, in wrap_api_call
    raise rewrite_error(error, f"{parsed_st['apiName']}: {error}") from None
playwright._impl._errors.TimeoutError: Locator.click: Timeout 3000ms exceeded.
Call log:
  - waiting for get_by_role("option", name="Давыдов Александр Евгеньевич", exact=True).filter(visible=True).first

2026-09-08 15:59:59,647 | ERROR | Пропущено целевое поле Тестировщик → #customfield_10400-field
Traceback (most recent call last):
  File "C:\Users\Давыдов Александр\Desktop\REPO\!JIRA_new\migration_gui.py", line 272, in execute_migration_process
    fill_mapped_fields(page, [(field, value)])
    ~~~~~~~~~~~~~~~~~~^^^^^^^^^^^^^^^^^^^^^^^^
  File "C:\Users\Давыдов Александр\Desktop\REPO\!JIRA_new\field_picker.py", line 203, in fill_mapped_fields
    locator.wait_for(state='visible')
    ~~~~~~~~~~~~~~~~^^^^^^^^^^^^^^^^^
  File "C:\Users\Давыдов Александр\Desktop\REPO\!JIRA_new\env\Lib\site-packages\playwright\sync_api\_generated.py", line 17975, in wait_for
    self._sync(self._impl_obj.wait_for(timeout=timeout, state=state))
    ~~~~~~~~~~^^^^^^^^^^^^^^^^^^^^^^^^^^^^^^^^^^^^^^^^^^^^^^^^^^^^^^^
  File "C:\Users\Давыдов Александр\Desktop\REPO\!JIRA_new\env\Lib\site-packages\playwright\_impl\_sync_base.py", line 115, in _sync
    return task.result()
           ~~~~~~~~~~~^^
  File "C:\Users\Давыдов Александр\Desktop\REPO\!JIRA_new\env\Lib\site-packages\playwright\_impl\_locator.py", line 692, in wait_for
    await self._frame.wait_for_selector(
        self._selector, strict=True, timeout=timeout, state=state
    )
  File "C:\Users\Давыдов Александр\Desktop\REPO\!JIRA_new\env\Lib\site-packages\playwright\_impl\_frame.py", line 369, in wait_for_selector
    await self._channel.send(
        "waitForSelector", self._timeout, locals_to_params(locals())
    )
  File "C:\Users\Давыдов Александр\Desktop\REPO\!JIRA_new\env\Lib\site-packages\playwright\_impl\_connection.py", line 69, in send
    return await self._connection.wrap_api_call(
           ^^^^^^^^^^^^^^^^^^^^^^^^^^^^^^^^^^^^^
    ...<3 lines>...
    )
    ^
  File "C:\Users\Давыдов Александр\Desktop\REPO\!JIRA_new\env\Lib\site-packages\playwright\_impl\_connection.py", line 558, in wrap_api_call
    raise rewrite_error(error, f"{parsed_st['apiName']}: {error}") from None
playwright._impl._errors.TimeoutError: Locator.wait_for: Timeout 15000ms exceeded.
Call log:
  - waiting for locator("#customfield_10400-field") to be visible

2026-09-08 16:00:27,670 | ERROR | Пропущено целевое поле Приоритет → #priority-field
Traceback (most recent call last):
  File "C:\Users\Давыдов Александр\Desktop\REPO\!JIRA_new\migration_gui.py", line 272, in execute_migration_process
    fill_mapped_fields(page, [(field, value)])
    ~~~~~~~~~~~~~~~~~~^^^^^^^^^^^^^^^^^^^^^^^^
  File "C:\Users\Давыдов Александр\Desktop\REPO\!JIRA_new\field_picker.py", line 211, in fill_mapped_fields
    page.get_by_role('option', name=value, exact=True).filter(visible=True).first.click(timeout=3000)
    ~~~~~~~~~~~~~~~~~~~~~~~~~~~~~~~~~~~~~~~~~~~~~~~~~~~~~~~~~~~~~~~~~~~~~~~~~~~~~~~~~~~^^^^^^^^^^^^^^
  File "C:\Users\Давыдов Александр\Desktop\REPO\!JIRA_new\env\Lib\site-packages\playwright\sync_api\_generated.py", line 15543, in click
    self._sync(
    ~~~~~~~~~~^
        self._impl_obj.click(
        ^^^^^^^^^^^^^^^^^^^^^
    ...<9 lines>...
        )
        ^
    )
    ^
  File "C:\Users\Давыдов Александр\Desktop\REPO\!JIRA_new\env\Lib\site-packages\playwright\_impl\_sync_base.py", line 115, in _sync
    return task.result()
           ~~~~~~~~~~~^^
  File "C:\Users\Давыдов Александр\Desktop\REPO\!JIRA_new\env\Lib\site-packages\playwright\_impl\_locator.py", line 160, in click
    return await self._frame.click(self._selector, strict=True, **params)
           ^^^^^^^^^^^^^^^^^^^^^^^^^^^^^^^^^^^^^^^^^^^^^^^^^^^^^^^^^^^^^^
  File "C:\Users\Давыдов Александр\Desktop\REPO\!JIRA_new\env\Lib\site-packages\playwright\_impl\_frame.py", line 549, in click
    await self._channel.send("click", self._timeout, locals_to_params(locals()))
  File "C:\Users\Давыдов Александр\Desktop\REPO\!JIRA_new\env\Lib\site-packages\playwright\_impl\_connection.py", line 69, in send
    return await self._connection.wrap_api_call(
           ^^^^^^^^^^^^^^^^^^^^^^^^^^^^^^^^^^^^^
    ...<3 lines>...
    )
    ^
  File "C:\Users\Давыдов Александр\Desktop\REPO\!JIRA_new\env\Lib\site-packages\playwright\_impl\_connection.py", line 558, in wrap_api_call
    raise rewrite_error(error, f"{parsed_st['apiName']}: {error}") from None
playwright._impl._errors.TimeoutError: Locator.click: Timeout 3000ms exceeded.
Call log:
  - waiting for get_by_role("option", name="Критический", exact=True).filter(visible=True).first

2026-09-08 16:00:30,726 | ERROR | Пропущено целевое поле Метки → #labels-textarea
Traceback (most recent call last):
  File "C:\Users\Давыдов Александр\Desktop\REPO\!JIRA_new\migration_gui.py", line 272, in execute_migration_process
    fill_mapped_fields(page, [(field, value)])
    ~~~~~~~~~~~~~~~~~~^^^^^^^^^^^^^^^^^^^^^^^^
  File "C:\Users\Давыдов Александр\Desktop\REPO\!JIRA_new\field_picker.py", line 211, in fill_mapped_fields
    page.get_by_role('option', name=value, exact=True).filter(visible=True).first.click(timeout=3000)
    ~~~~~~~~~~~~~~~~~~~~~~~~~~~~~~~~~~~~~~~~~~~~~~~~~~~~~~~~~~~~~~~~~~~~~~~~~~~~~~~~~~~^^^^^^^^^^^^^^
  File "C:\Users\Давыдов Александр\Desktop\REPO\!JIRA_new\env\Lib\site-packages\playwright\sync_api\_generated.py", line 15543, in click
    self._sync(
    ~~~~~~~~~~^
        self._impl_obj.click(
        ^^^^^^^^^^^^^^^^^^^^^
    ...<9 lines>...
        )
        ^
    )
    ^
  File "C:\Users\Давыдов Александр\Desktop\REPO\!JIRA_new\env\Lib\site-packages\playwright\_impl\_sync_base.py", line 115, in _sync
    return task.result()
           ~~~~~~~~~~~^^
  File "C:\Users\Давыдов Александр\Desktop\REPO\!JIRA_new\env\Lib\site-packages\playwright\_impl\_locator.py", line 160, in click
    return await self._frame.click(self._selector, strict=True, **params)
           ^^^^^^^^^^^^^^^^^^^^^^^^^^^^^^^^^^^^^^^^^^^^^^^^^^^^^^^^^^^^^^
  File "C:\Users\Давыдов Александр\Desktop\REPO\!JIRA_new\env\Lib\site-packages\playwright\_impl\_frame.py", line 549, in click
    await self._channel.send("click", self._timeout, locals_to_params(locals()))
  File "C:\Users\Давыдов Александр\Desktop\REPO\!JIRA_new\env\Lib\site-packages\playwright\_impl\_connection.py", line 69, in send
    return await self._connection.wrap_api_call(
           ^^^^^^^^^^^^^^^^^^^^^^^^^^^^^^^^^^^^^
    ...<3 lines>...
    )
    ^
  File "C:\Users\Давыдов Александр\Desktop\REPO\!JIRA_new\env\Lib\site-packages\playwright\_impl\_connection.py", line 558, in wrap_api_call
    raise rewrite_error(error, f"{parsed_st['apiName']}: {error}") from None
playwright._impl._errors.TimeoutError: Locator.click: Timeout 3000ms exceeded.
Call log:
  - waiting for get_by_role("option", name="Метки:\nАРМ_Врача_КДО_План_приема КИС_КРИТИЧЕСКИЙ_ПУТЬ", exact=True).filter(visible=True).first

2026-09-08 16:00:33,783 | ERROR | Пропущено целевое поле Исправить_в_версиях → #fixVersions-textarea
Traceback (most recent call last):
  File "C:\Users\Давыдов Александр\Desktop\REPO\!JIRA_new\migration_gui.py", line 272, in execute_migration_process
    fill_mapped_fields(page, [(field, value)])
    ~~~~~~~~~~~~~~~~~~^^^^^^^^^^^^^^^^^^^^^^^^
  File "C:\Users\Давыдов Александр\Desktop\REPO\!JIRA_new\field_picker.py", line 211, in fill_mapped_fields
    page.get_by_role('option', name=value, exact=True).filter(visible=True).first.click(timeout=3000)
    ~~~~~~~~~~~~~~~~~~~~~~~~~~~~~~~~~~~~~~~~~~~~~~~~~~~~~~~~~~~~~~~~~~~~~~~~~~~~~~~~~~~^^^^^^^^^^^^^^
  File "C:\Users\Давыдов Александр\Desktop\REPO\!JIRA_new\env\Lib\site-packages\playwright\sync_api\_generated.py", line 15543, in click
    self._sync(
    ~~~~~~~~~~^
        self._impl_obj.click(
        ^^^^^^^^^^^^^^^^^^^^^
    ...<9 lines>...
        )
        ^
    )
    ^
  File "C:\Users\Давыдов Александр\Desktop\REPO\!JIRA_new\env\Lib\site-packages\playwright\_impl\_sync_base.py", line 115, in _sync
    return task.result()
           ~~~~~~~~~~~^^
  File "C:\Users\Давыдов Александр\Desktop\REPO\!JIRA_new\env\Lib\site-packages\playwright\_impl\_locator.py", line 160, in click
    return await self._frame.click(self._selector, strict=True, **params)
           ^^^^^^^^^^^^^^^^^^^^^^^^^^^^^^^^^^^^^^^^^^^^^^^^^^^^^^^^^^^^^^
  File "C:\Users\Давыдов Александр\Desktop\REPO\!JIRA_new\env\Lib\site-packages\playwright\_impl\_frame.py", line 549, in click
    await self._channel.send("click", self._timeout, locals_to_params(locals()))
  File "C:\Users\Давыдов Александр\Desktop\REPO\!JIRA_new\env\Lib\site-packages\playwright\_impl\_connection.py", line 69, in send
    return await self._connection.wrap_api_call(
           ^^^^^^^^^^^^^^^^^^^^^^^^^^^^^^^^^^^^^
    ...<3 lines>...
    )
    ^
  File "C:\Users\Давыдов Александр\Desktop\REPO\!JIRA_new\env\Lib\site-packages\playwright\_impl\_connection.py", line 558, in wrap_api_call
    raise rewrite_error(error, f"{parsed_st['apiName']}: {error}") from None
playwright._impl._errors.TimeoutError: Locator.click: Timeout 3000ms exceeded.
Call log:
  - waiting for get_by_role("option", name="Не заполнено", exact=True).filter(visible=True).first

2026-09-08 16:00:36,893 | ERROR | Пропущено целевое поле Исполнитель → #assignee-field
Traceback (most recent call last):
  File "C:\Users\Давыдов Александр\Desktop\REPO\!JIRA_new\migration_gui.py", line 272, in execute_migration_process
    fill_mapped_fields(page, [(field, value)])
    ~~~~~~~~~~~~~~~~~~^^^^^^^^^^^^^^^^^^^^^^^^
  File "C:\Users\Давыдов Александр\Desktop\REPO\!JIRA_new\field_picker.py", line 211, in fill_mapped_fields
    page.get_by_role('option', name=value, exact=True).filter(visible=True).first.click(timeout=3000)
    ~~~~~~~~~~~~~~~~~~~~~~~~~~~~~~~~~~~~~~~~~~~~~~~~~~~~~~~~~~~~~~~~~~~~~~~~~~~~~~~~~~~^^^^^^^^^^^^^^
  File "C:\Users\Давыдов Александр\Desktop\REPO\!JIRA_new\env\Lib\site-packages\playwright\sync_api\_generated.py", line 15543, in click
    self._sync(
    ~~~~~~~~~~^
        self._impl_obj.click(
        ^^^^^^^^^^^^^^^^^^^^^
    ...<9 lines>...
        )
        ^
    )
    ^
  File "C:\Users\Давыдов Александр\Desktop\REPO\!JIRA_new\env\Lib\site-packages\playwright\_impl\_sync_base.py", line 115, in _sync
    return task.result()
           ~~~~~~~~~~~^^
  File "C:\Users\Давыдов Александр\Desktop\REPO\!JIRA_new\env\Lib\site-packages\playwright\_impl\_locator.py", line 160, in click
    return await self._frame.click(self._selector, strict=True, **params)
           ^^^^^^^^^^^^^^^^^^^^^^^^^^^^^^^^^^^^^^^^^^^^^^^^^^^^^^^^^^^^^^
  File "C:\Users\Давыдов Александр\Desktop\REPO\!JIRA_new\env\Lib\site-packages\playwright\_impl\_frame.py", line 549, in click
    await self._channel.send("click", self._timeout, locals_to_params(locals()))
  File "C:\Users\Давыдов Александр\Desktop\REPO\!JIRA_new\env\Lib\site-packages\playwright\_impl\_connection.py", line 69, in send
    return await self._connection.wrap_api_call(
           ^^^^^^^^^^^^^^^^^^^^^^^^^^^^^^^^^^^^^
    ...<3 lines>...
    )
    ^
  File "C:\Users\Давыдов Александр\Desktop\REPO\!JIRA_new\env\Lib\site-packages\playwright\_impl\_connection.py", line 558, in wrap_api_call
    raise rewrite_error(error, f"{parsed_st['apiName']}: {error}") from None
playwright._impl._errors.TimeoutError: Locator.click: Timeout 3000ms exceeded.
Call log:
  - waiting for get_by_role("option", name="Давыдов Александр Евгеньевич", exact=True).filter(visible=True).first

2026-09-08 16:00:51,904 | ERROR | Пропущено целевое поле Тестировщик → #customfield_10400-field
Traceback (most recent call last):
  File "C:\Users\Давыдов Александр\Desktop\REPO\!JIRA_new\migration_gui.py", line 272, in execute_migration_process
    fill_mapped_fields(page, [(field, value)])
    ~~~~~~~~~~~~~~~~~~^^^^^^^^^^^^^^^^^^^^^^^^
  File "C:\Users\Давыдов Александр\Desktop\REPO\!JIRA_new\field_picker.py", line 203, in fill_mapped_fields
    locator.wait_for(state='visible')
    ~~~~~~~~~~~~~~~~^^^^^^^^^^^^^^^^^
  File "C:\Users\Давыдов Александр\Desktop\REPO\!JIRA_new\env\Lib\site-packages\playwright\sync_api\_generated.py", line 17975, in wait_for
    self._sync(self._impl_obj.wait_for(timeout=timeout, state=state))
    ~~~~~~~~~~^^^^^^^^^^^^^^^^^^^^^^^^^^^^^^^^^^^^^^^^^^^^^^^^^^^^^^^
  File "C:\Users\Давыдов Александр\Desktop\REPO\!JIRA_new\env\Lib\site-packages\playwright\_impl\_sync_base.py", line 115, in _sync
    return task.result()
           ~~~~~~~~~~~^^
  File "C:\Users\Давыдов Александр\Desktop\REPO\!JIRA_new\env\Lib\site-packages\playwright\_impl\_locator.py", line 692, in wait_for
    await self._frame.wait_for_selector(
        self._selector, strict=True, timeout=timeout, state=state
    )
  File "C:\Users\Давыдов Александр\Desktop\REPO\!JIRA_new\env\Lib\site-packages\playwright\_impl\_frame.py", line 369, in wait_for_selector
    await self._channel.send(
        "waitForSelector", self._timeout, locals_to_params(locals())
    )
  File "C:\Users\Давыдов Александр\Desktop\REPO\!JIRA_new\env\Lib\site-packages\playwright\_impl\_connection.py", line 69, in send
    return await self._connection.wrap_api_call(
           ^^^^^^^^^^^^^^^^^^^^^^^^^^^^^^^^^^^^^
    ...<3 lines>...
    )
    ^
  File "C:\Users\Давыдов Александр\Desktop\REPO\!JIRA_new\env\Lib\site-packages\playwright\_impl\_connection.py", line 558, in wrap_api_call
    raise rewrite_error(error, f"{parsed_st['apiName']}: {error}") from None
playwright._impl._errors.TimeoutError: Locator.wait_for: Timeout 15000ms exceeded.
Call log:
  - waiting for locator("#customfield_10400-field") to be visible

2026-09-08 16:02:13,750 | ERROR | Ошибка миграции: задача=KISEMIAS2025-1421 система=jira проект=КИС 2.0 (REFACT)
Traceback (most recent call last):
  File "C:\Users\Давыдов Александр\Desktop\REPO\!JIRA_new\migration_gui.py", line 231, in execute_migration_process
    source_url = source_page.open_issue(prefix, task_id)
  File "C:\Users\Давыдов Александр\Desktop\REPO\!JIRA_new\jrf.py", line 103, in open_issue
    self.verify_issue_url(url)
    ~~~~~~~~~~~~~~~~~~~~~^^^^^
  File "C:\Users\Давыдов Александр\Desktop\REPO\!JIRA_new\jrf.py", line 95, in verify_issue_url
    raise RuntimeError(f'Jira перенаправила на другую страницу. Ожидалась {expected_url}, открыта {self.page.url}. Копирование отменено.')
RuntimeError: Jira перенаправила на другую страницу. Ожидалась https://jira.mos.social/browse/KISEMIAS2025-1421, открыта https://jira.mos.social/browse/REFACT-6691. Копирование отменено.
2026-09-08 16:02:49,129 | ERROR | Ошибка миграции: задача=KISEMIAS2019-1421 система=jira проект=КИС ЕМИАС (KIS)
Traceback (most recent call last):
  File "C:\Users\Давыдов Александр\Desktop\REPO\!JIRA_new\migration_gui.py", line 231, in execute_migration_process
    source_url = source_page.open_issue(prefix, task_id)
  File "C:\Users\Давыдов Александр\Desktop\REPO\!JIRA_new\jrf.py", line 99, in open_issue
    self.page.goto(url, wait_until='domcontentloaded')
    ~~~~~~~~~~~~~~^^^^^^^^^^^^^^^^^^^^^^^^^^^^^^^^^^^^
  File "C:\Users\Давыдов Александр\Desktop\REPO\!JIRA_new\env\Lib\site-packages\playwright\sync_api\_generated.py", line 9019, in goto
    self._sync(
    ~~~~~~~~~~^
        self._impl_obj.goto(
        ^^^^^^^^^^^^^^^^^^^^
            url=url, timeout=timeout, waitUntil=wait_until, referer=referer
            ^^^^^^^^^^^^^^^^^^^^^^^^^^^^^^^^^^^^^^^^^^^^^^^^^^^^^^^^^^^^^^^
        )
        ^
    )
    ^
  File "C:\Users\Давыдов Александр\Desktop\REPO\!JIRA_new\env\Lib\site-packages\playwright\_impl\_sync_base.py", line 115, in _sync
    return task.result()
           ~~~~~~~~~~~^^
  File "C:\Users\Давыдов Александр\Desktop\REPO\!JIRA_new\env\Lib\site-packages\playwright\_impl\_page.py", line 556, in goto
    return await self._main_frame.goto(**locals_to_params(locals()))
           ^^^^^^^^^^^^^^^^^^^^^^^^^^^^^^^^^^^^^^^^^^^^^^^^^^^^^^^^^
  File "C:\Users\Давыдов Александр\Desktop\REPO\!JIRA_new\env\Lib\site-packages\playwright\_impl\_frame.py", line 153, in goto
    await self._channel.send(
        "goto", self._navigation_timeout, locals_to_params(locals())
    )
  File "C:\Users\Давыдов Александр\Desktop\REPO\!JIRA_new\env\Lib\site-packages\playwright\_impl\_connection.py", line 69, in send
    return await self._connection.wrap_api_call(
           ^^^^^^^^^^^^^^^^^^^^^^^^^^^^^^^^^^^^^
    ...<3 lines>...
    )
    ^
  File "C:\Users\Давыдов Александр\Desktop\REPO\!JIRA_new\env\Lib\site-packages\playwright\_impl\_connection.py", line 558, in wrap_api_call
    raise rewrite_error(error, f"{parsed_st['apiName']}: {error}") from None
playwright._impl._errors.Error: Page.goto: net::ERR_ABORTED; maybe frame was detached?
Call log:
  - navigating to "https://jira.mos.social/browse/KISEMIAS2019-1421", waiting until "domcontentloaded"

2026-09-08 16:03:10,336 | ERROR | Ошибка миграции: задача=KISEMIAS2025-1421 система=jira проект=КИС 2.0 (REFACT)
Traceback (most recent call last):
  File "C:\Users\Давыдов Александр\Desktop\REPO\!JIRA_new\migration_gui.py", line 231, in execute_migration_process
    source_url = source_page.open_issue(prefix, task_id)
  File "C:\Users\Давыдов Александр\Desktop\REPO\!JIRA_new\jrf.py", line 103, in open_issue
    self.verify_issue_url(url)
    ~~~~~~~~~~~~~~~~~~~~~^^^^^
  File "C:\Users\Давыдов Александр\Desktop\REPO\!JIRA_new\jrf.py", line 95, in verify_issue_url
    raise RuntimeError(f'Jira перенаправила на другую страницу. Ожидалась {expected_url}, открыта {self.page.url}. Копирование отменено.')
RuntimeError: Jira перенаправила на другую страницу. Ожидалась https://jira.mos.social/browse/KISEMIAS2025-1421, открыта https://jira.mos.social/browse/REFACT-6691. Копирование отменено.
2026-09-08 16:03:41,990 | ERROR | Ошибка миграции: задача=KISEMIAS2025-1421 система=jira проект=КИС 2.0 (REFACT)
Traceback (most recent call last):
  File "C:\Users\Давыдов Александр\Desktop\REPO\!JIRA_new\migration_gui.py", line 231, in execute_migration_process
    source_url = source_page.open_issue(prefix, task_id)
  File "C:\Users\Давыдов Александр\Desktop\REPO\!JIRA_new\jrf.py", line 103, in open_issue
    self.verify_issue_url(url)
    ~~~~~~~~~~~~~~~~~~~~~^^^^^
  File "C:\Users\Давыдов Александр\Desktop\REPO\!JIRA_new\jrf.py", line 95, in verify_issue_url
    raise RuntimeError(f'Jira перенаправила на другую страницу. Ожидалась {expected_url}, открыта {self.page.url}. Копирование отменено.')
RuntimeError: Jira перенаправила на другую страницу. Ожидалась https://jira.mos.social/browse/KISEMIAS2025-1421, открыта https://jira.mos.social/browse/REFACT-6691. Копирование отменено.
2026-09-08 16:07:06,018 | ERROR | Пропущено целевое поле Приоритет → #priority-field
Traceback (most recent call last):
  File "C:\Users\Давыдов Александр\Desktop\REPO\!JIRA_new\migration_gui.py", line 272, in execute_migration_process
    fill_mapped_fields(page, [(field, value)])
    ~~~~~~~~~~~~~~~~~~^^^^^^^^^^^^^^^^^^^^^^^^
  File "C:\Users\Давыдов Александр\Desktop\REPO\!JIRA_new\field_picker.py", line 214, in fill_mapped_fields
    locator.fill(previous)
    ~~~~~~~~~~~~^^^^^^^^^^
  File "C:\Users\Давыдов Александр\Desktop\REPO\!JIRA_new\env\Lib\site-packages\playwright\sync_api\_generated.py", line 15889, in fill
    self._sync(
    ~~~~~~~~~~^
        self._impl_obj.fill(
        ^^^^^^^^^^^^^^^^^^^^
            value=value, timeout=timeout, noWaitAfter=no_wait_after, force=force
            ^^^^^^^^^^^^^^^^^^^^^^^^^^^^^^^^^^^^^^^^^^^^^^^^^^^^^^^^^^^^^^^^^^^^
        )
        ^
    )
    ^
  File "C:\Users\Давыдов Александр\Desktop\REPO\!JIRA_new\env\Lib\site-packages\playwright\_impl\_sync_base.py", line 115, in _sync
    return task.result()
           ~~~~~~~~~~~^^
  File "C:\Users\Давыдов Александр\Desktop\REPO\!JIRA_new\env\Lib\site-packages\playwright\_impl\_locator.py", line 212, in fill
    return await self._frame.fill(self._selector, strict=True, **params)
           ^^^^^^^^^^^^^^^^^^^^^^^^^^^^^^^^^^^^^^^^^^^^^^^^^^^^^^^^^^^^^
  File "C:\Users\Давыдов Александр\Desktop\REPO\!JIRA_new\env\Lib\site-packages\playwright\_impl\_frame.py", line 590, in fill
    await self._fill(**locals_to_params(locals()))
  File "C:\Users\Давыдов Александр\Desktop\REPO\!JIRA_new\env\Lib\site-packages\playwright\_impl\_frame.py", line 602, in _fill
    await self._channel.send("fill", self._timeout, locals_to_params(locals()))
  File "C:\Users\Давыдов Александр\Desktop\REPO\!JIRA_new\env\Lib\site-packages\playwright\_impl\_connection.py", line 69, in send
    return await self._connection.wrap_api_call(
           ^^^^^^^^^^^^^^^^^^^^^^^^^^^^^^^^^^^^^
    ...<3 lines>...
    )
    ^
  File "C:\Users\Давыдов Александр\Desktop\REPO\!JIRA_new\env\Lib\site-packages\playwright\_impl\_connection.py", line 558, in wrap_api_call
    raise rewrite_error(error, f"{parsed_st['apiName']}: {error}") from None
playwright._impl._errors.TargetClosedError: Locator.fill: Target page, context or browser has been closed
2026-09-08 16:07:06,064 | ERROR | Пропущено целевое поле Метки → #labels-textarea
Traceback (most recent call last):
  File "C:\Users\Давыдов Александр\Desktop\REPO\!JIRA_new\migration_gui.py", line 272, in execute_migration_process
    fill_mapped_fields(page, [(field, value)])
    ~~~~~~~~~~~~~~~~~~^^^^^^^^^^^^^^^^^^^^^^^^
  File "C:\Users\Давыдов Александр\Desktop\REPO\!JIRA_new\field_picker.py", line 203, in fill_mapped_fields
    locator.wait_for(state='visible')
    ~~~~~~~~~~~~~~~~^^^^^^^^^^^^^^^^^
  File "C:\Users\Давыдов Александр\Desktop\REPO\!JIRA_new\env\Lib\site-packages\playwright\sync_api\_generated.py", line 17975, in wait_for
    self._sync(self._impl_obj.wait_for(timeout=timeout, state=state))
    ~~~~~~~~~~^^^^^^^^^^^^^^^^^^^^^^^^^^^^^^^^^^^^^^^^^^^^^^^^^^^^^^^
  File "C:\Users\Давыдов Александр\Desktop\REPO\!JIRA_new\env\Lib\site-packages\playwright\_impl\_sync_base.py", line 115, in _sync
    return task.result()
           ~~~~~~~~~~~^^
  File "C:\Users\Давыдов Александр\Desktop\REPO\!JIRA_new\env\Lib\site-packages\playwright\_impl\_locator.py", line 692, in wait_for
    await self._frame.wait_for_selector(
        self._selector, strict=True, timeout=timeout, state=state
    )
  File "C:\Users\Давыдов Александр\Desktop\REPO\!JIRA_new\env\Lib\site-packages\playwright\_impl\_frame.py", line 369, in wait_for_selector
    await self._channel.send(
        "waitForSelector", self._timeout, locals_to_params(locals())
    )
  File "C:\Users\Давыдов Александр\Desktop\REPO\!JIRA_new\env\Lib\site-packages\playwright\_impl\_connection.py", line 69, in send
    return await self._connection.wrap_api_call(
           ^^^^^^^^^^^^^^^^^^^^^^^^^^^^^^^^^^^^^
    ...<3 lines>...
    )
    ^
  File "C:\Users\Давыдов Александр\Desktop\REPO\!JIRA_new\env\Lib\site-packages\playwright\_impl\_connection.py", line 558, in wrap_api_call
    raise rewrite_error(error, f"{parsed_st['apiName']}: {error}") from None
playwright._impl._errors.TargetClosedError: Locator.wait_for: Target page, context or browser has been closed
2026-09-08 16:07:06,074 | ERROR | Пропущено целевое поле Исправить_в_версиях → #fixVersions-textarea
Traceback (most recent call last):
  File "C:\Users\Давыдов Александр\Desktop\REPO\!JIRA_new\migration_gui.py", line 272, in execute_migration_process
    fill_mapped_fields(page, [(field, value)])
    ~~~~~~~~~~~~~~~~~~^^^^^^^^^^^^^^^^^^^^^^^^
  File "C:\Users\Давыдов Александр\Desktop\REPO\!JIRA_new\field_picker.py", line 203, in fill_mapped_fields
    locator.wait_for(state='visible')
    ~~~~~~~~~~~~~~~~^^^^^^^^^^^^^^^^^
  File "C:\Users\Давыдов Александр\Desktop\REPO\!JIRA_new\env\Lib\site-packages\playwright\sync_api\_generated.py", line 17975, in wait_for
    self._sync(self._impl_obj.wait_for(timeout=timeout, state=state))
    ~~~~~~~~~~^^^^^^^^^^^^^^^^^^^^^^^^^^^^^^^^^^^^^^^^^^^^^^^^^^^^^^^
  File "C:\Users\Давыдов Александр\Desktop\REPO\!JIRA_new\env\Lib\site-packages\playwright\_impl\_sync_base.py", line 115, in _sync
    return task.result()
           ~~~~~~~~~~~^^
  File "C:\Users\Давыдов Александр\Desktop\REPO\!JIRA_new\env\Lib\site-packages\playwright\_impl\_locator.py", line 692, in wait_for
    await self._frame.wait_for_selector(
        self._selector, strict=True, timeout=timeout, state=state
    )
  File "C:\Users\Давыдов Александр\Desktop\REPO\!JIRA_new\env\Lib\site-packages\playwright\_impl\_frame.py", line 369, in wait_for_selector
    await self._channel.send(
        "waitForSelector", self._timeout, locals_to_params(locals())
    )
  File "C:\Users\Давыдов Александр\Desktop\REPO\!JIRA_new\env\Lib\site-packages\playwright\_impl\_connection.py", line 69, in send
    return await self._connection.wrap_api_call(
           ^^^^^^^^^^^^^^^^^^^^^^^^^^^^^^^^^^^^^
    ...<3 lines>...
    )
    ^
  File "C:\Users\Давыдов Александр\Desktop\REPO\!JIRA_new\env\Lib\site-packages\playwright\_impl\_connection.py", line 558, in wrap_api_call
    raise rewrite_error(error, f"{parsed_st['apiName']}: {error}") from None
playwright._impl._errors.TargetClosedError: Locator.wait_for: Target page, context or browser has been closed
2026-09-08 16:07:06,083 | ERROR | Пропущено целевое поле Описание → #mce_0
Traceback (most recent call last):
  File "C:\Users\Давыдов Александр\Desktop\REPO\!JIRA_new\migration_gui.py", line 272, in execute_migration_process
    fill_mapped_fields(page, [(field, value)])
    ~~~~~~~~~~~~~~~~~~^^^^^^^^^^^^^^^^^^^^^^^^
  File "C:\Users\Давыдов Александр\Desktop\REPO\!JIRA_new\field_picker.py", line 199, in fill_mapped_fields
    if selector in ('#mce_0', '#description') and page.locator('#mce_0_ifr').count():
                                                  ~~~~~~~~~~~~~~~~~~~~~~~~~~~~~~~~^^
  File "C:\Users\Давыдов Александр\Desktop\REPO\!JIRA_new\env\Lib\site-packages\playwright\sync_api\_generated.py", line 16776, in count
    return mapping.from_maybe_impl(self._sync(self._impl_obj.count()))
                                   ~~~~~~~~~~^^^^^^^^^^^^^^^^^^^^^^^^
  File "C:\Users\Давыдов Александр\Desktop\REPO\!JIRA_new\env\Lib\site-packages\playwright\_impl\_sync_base.py", line 115, in _sync
    return task.result()
           ~~~~~~~~~~~^^
  File "C:\Users\Давыдов Александр\Desktop\REPO\!JIRA_new\env\Lib\site-packages\playwright\_impl\_locator.py", line 406, in count
    return await self._frame._query_count(self._selector)
           ^^^^^^^^^^^^^^^^^^^^^^^^^^^^^^^^^^^^^^^^^^^^^^
  File "C:\Users\Давыдов Александр\Desktop\REPO\!JIRA_new\env\Lib\site-packages\playwright\_impl\_frame.py", line 136, in _query_count
    return await self._channel.send("queryCount", None, {"selector": selector})
           ^^^^^^^^^^^^^^^^^^^^^^^^^^^^^^^^^^^^^^^^^^^^^^^^^^^^^^^^^^^^^^^^^^^^
  File "C:\Users\Давыдов Александр\Desktop\REPO\!JIRA_new\env\Lib\site-packages\playwright\_impl\_connection.py", line 69, in send
    return await self._connection.wrap_api_call(
           ^^^^^^^^^^^^^^^^^^^^^^^^^^^^^^^^^^^^^
    ...<3 lines>...
    )
    ^
  File "C:\Users\Давыдов Александр\Desktop\REPO\!JIRA_new\env\Lib\site-packages\playwright\_impl\_connection.py", line 558, in wrap_api_call
    raise rewrite_error(error, f"{parsed_st['apiName']}: {error}") from None
playwright._impl._errors.TargetClosedError: Locator.count: Target page, context or browser has been closed
2026-09-08 16:07:06,091 | ERROR | Пропущено целевое поле Исполнитель → #assignee-field
Traceback (most recent call last):
  File "C:\Users\Давыдов Александр\Desktop\REPO\!JIRA_new\migration_gui.py", line 272, in execute_migration_process
    fill_mapped_fields(page, [(field, value)])
    ~~~~~~~~~~~~~~~~~~^^^^^^^^^^^^^^^^^^^^^^^^
  File "C:\Users\Давыдов Александр\Desktop\REPO\!JIRA_new\field_picker.py", line 203, in fill_mapped_fields
    locator.wait_for(state='visible')
    ~~~~~~~~~~~~~~~~^^^^^^^^^^^^^^^^^
  File "C:\Users\Давыдов Александр\Desktop\REPO\!JIRA_new\env\Lib\site-packages\playwright\sync_api\_generated.py", line 17975, in wait_for
    self._sync(self._impl_obj.wait_for(timeout=timeout, state=state))
    ~~~~~~~~~~^^^^^^^^^^^^^^^^^^^^^^^^^^^^^^^^^^^^^^^^^^^^^^^^^^^^^^^
  File "C:\Users\Давыдов Александр\Desktop\REPO\!JIRA_new\env\Lib\site-packages\playwright\_impl\_sync_base.py", line 115, in _sync
    return task.result()
           ~~~~~~~~~~~^^
  File "C:\Users\Давыдов Александр\Desktop\REPO\!JIRA_new\env\Lib\site-packages\playwright\_impl\_locator.py", line 692, in wait_for
    await self._frame.wait_for_selector(
        self._selector, strict=True, timeout=timeout, state=state
    )
  File "C:\Users\Давыдов Александр\Desktop\REPO\!JIRA_new\env\Lib\site-packages\playwright\_impl\_frame.py", line 369, in wait_for_selector
    await self._channel.send(
        "waitForSelector", self._timeout, locals_to_params(locals())
    )
  File "C:\Users\Давыдов Александр\Desktop\REPO\!JIRA_new\env\Lib\site-packages\playwright\_impl\_connection.py", line 69, in send
    return await self._connection.wrap_api_call(
           ^^^^^^^^^^^^^^^^^^^^^^^^^^^^^^^^^^^^^
    ...<3 lines>...
    )
    ^
  File "C:\Users\Давыдов Александр\Desktop\REPO\!JIRA_new\env\Lib\site-packages\playwright\_impl\_connection.py", line 558, in wrap_api_call
    raise rewrite_error(error, f"{parsed_st['apiName']}: {error}") from None
playwright._impl._errors.TargetClosedError: Locator.wait_for: Target page, context or browser has been closed
2026-09-08 16:07:06,098 | ERROR | Пропущено целевое поле Тестировщик → #customfield_10400-field
Traceback (most recent call last):
  File "C:\Users\Давыдов Александр\Desktop\REPO\!JIRA_new\migration_gui.py", line 272, in execute_migration_process
    fill_mapped_fields(page, [(field, value)])
    ~~~~~~~~~~~~~~~~~~^^^^^^^^^^^^^^^^^^^^^^^^
  File "C:\Users\Давыдов Александр\Desktop\REPO\!JIRA_new\field_picker.py", line 203, in fill_mapped_fields
    locator.wait_for(state='visible')
    ~~~~~~~~~~~~~~~~^^^^^^^^^^^^^^^^^
  File "C:\Users\Давыдов Александр\Desktop\REPO\!JIRA_new\env\Lib\site-packages\playwright\sync_api\_generated.py", line 17975, in wait_for
    self._sync(self._impl_obj.wait_for(timeout=timeout, state=state))
    ~~~~~~~~~~^^^^^^^^^^^^^^^^^^^^^^^^^^^^^^^^^^^^^^^^^^^^^^^^^^^^^^^
  File "C:\Users\Давыдов Александр\Desktop\REPO\!JIRA_new\env\Lib\site-packages\playwright\_impl\_sync_base.py", line 115, in _sync
    return task.result()
           ~~~~~~~~~~~^^
  File "C:\Users\Давыдов Александр\Desktop\REPO\!JIRA_new\env\Lib\site-packages\playwright\_impl\_locator.py", line 692, in wait_for
    await self._frame.wait_for_selector(
        self._selector, strict=True, timeout=timeout, state=state
    )
  File "C:\Users\Давыдов Александр\Desktop\REPO\!JIRA_new\env\Lib\site-packages\playwright\_impl\_frame.py", line 369, in wait_for_selector
    await self._channel.send(
        "waitForSelector", self._timeout, locals_to_params(locals())
    )
  File "C:\Users\Давыдов Александр\Desktop\REPO\!JIRA_new\env\Lib\site-packages\playwright\_impl\_connection.py", line 69, in send
    return await self._connection.wrap_api_call(
           ^^^^^^^^^^^^^^^^^^^^^^^^^^^^^^^^^^^^^
    ...<3 lines>...
    )
    ^
  File "C:\Users\Давыдов Александр\Desktop\REPO\!JIRA_new\env\Lib\site-packages\playwright\_impl\_connection.py", line 558, in wrap_api_call
    raise rewrite_error(error, f"{parsed_st['apiName']}: {error}") from None
playwright._impl._errors.TargetClosedError: Locator.wait_for: Target page, context or browser has been closed
2026-09-08 16:07:59,209 | ERROR | Пропущено целевое поле Приоритет → #priority-field
Traceback (most recent call last):
  File "C:\Users\Давыдов Александр\Desktop\REPO\!JIRA_new\migration_gui.py", line 272, in execute_migration_process
    fill_mapped_fields(page, [(field, value)])
    ~~~~~~~~~~~~~~~~~~^^^^^^^^^^^^^^^^^^^^^^^^
  File "C:\Users\Давыдов Александр\Desktop\REPO\!JIRA_new\field_picker.py", line 211, in fill_mapped_fields
    page.get_by_role('option', name=value, exact=True).filter(visible=True).first.click(timeout=3000)
    ~~~~~~~~~~~~~~~~~~~~~~~~~~~~~~~~~~~~~~~~~~~~~~~~~~~~~~~~~~~~~~~~~~~~~~~~~~~~~~~~~~~^^^^^^^^^^^^^^
  File "C:\Users\Давыдов Александр\Desktop\REPO\!JIRA_new\env\Lib\site-packages\playwright\sync_api\_generated.py", line 15543, in click
    self._sync(
    ~~~~~~~~~~^
        self._impl_obj.click(
        ^^^^^^^^^^^^^^^^^^^^^
    ...<9 lines>...
        )
        ^
    )
    ^
  File "C:\Users\Давыдов Александр\Desktop\REPO\!JIRA_new\env\Lib\site-packages\playwright\_impl\_sync_base.py", line 115, in _sync
    return task.result()
           ~~~~~~~~~~~^^
  File "C:\Users\Давыдов Александр\Desktop\REPO\!JIRA_new\env\Lib\site-packages\playwright\_impl\_locator.py", line 160, in click
    return await self._frame.click(self._selector, strict=True, **params)
           ^^^^^^^^^^^^^^^^^^^^^^^^^^^^^^^^^^^^^^^^^^^^^^^^^^^^^^^^^^^^^^
  File "C:\Users\Давыдов Александр\Desktop\REPO\!JIRA_new\env\Lib\site-packages\playwright\_impl\_frame.py", line 549, in click
    await self._channel.send("click", self._timeout, locals_to_params(locals()))
  File "C:\Users\Давыдов Александр\Desktop\REPO\!JIRA_new\env\Lib\site-packages\playwright\_impl\_connection.py", line 69, in send
    return await self._connection.wrap_api_call(
           ^^^^^^^^^^^^^^^^^^^^^^^^^^^^^^^^^^^^^
    ...<3 lines>...
    )
    ^
  File "C:\Users\Давыдов Александр\Desktop\REPO\!JIRA_new\env\Lib\site-packages\playwright\_impl\_connection.py", line 558, in wrap_api_call
    raise rewrite_error(error, f"{parsed_st['apiName']}: {error}") from None
playwright._impl._errors.TimeoutError: Locator.click: Timeout 3000ms exceeded.
Call log:
  - waiting for get_by_role("option", name="Серьезный", exact=True).filter(visible=True).first

2026-09-08 16:08:02,272 | ERROR | Пропущено целевое поле Метки → #labels-textarea
Traceback (most recent call last):
  File "C:\Users\Давыдов Александр\Desktop\REPO\!JIRA_new\migration_gui.py", line 272, in execute_migration_process
    fill_mapped_fields(page, [(field, value)])
    ~~~~~~~~~~~~~~~~~~^^^^^^^^^^^^^^^^^^^^^^^^
  File "C:\Users\Давыдов Александр\Desktop\REPO\!JIRA_new\field_picker.py", line 211, in fill_mapped_fields
    page.get_by_role('option', name=value, exact=True).filter(visible=True).first.click(timeout=3000)
    ~~~~~~~~~~~~~~~~~~~~~~~~~~~~~~~~~~~~~~~~~~~~~~~~~~~~~~~~~~~~~~~~~~~~~~~~~~~~~~~~~~~^^^^^^^^^^^^^^
  File "C:\Users\Давыдов Александр\Desktop\REPO\!JIRA_new\env\Lib\site-packages\playwright\sync_api\_generated.py", line 15543, in click
    self._sync(
    ~~~~~~~~~~^
        self._impl_obj.click(
        ^^^^^^^^^^^^^^^^^^^^^
    ...<9 lines>...
        )
        ^
    )
    ^
  File "C:\Users\Давыдов Александр\Desktop\REPO\!JIRA_new\env\Lib\site-packages\playwright\_impl\_sync_base.py", line 115, in _sync
    return task.result()
           ~~~~~~~~~~~^^
  File "C:\Users\Давыдов Александр\Desktop\REPO\!JIRA_new\env\Lib\site-packages\playwright\_impl\_locator.py", line 160, in click
    return await self._frame.click(self._selector, strict=True, **params)
           ^^^^^^^^^^^^^^^^^^^^^^^^^^^^^^^^^^^^^^^^^^^^^^^^^^^^^^^^^^^^^^
  File "C:\Users\Давыдов Александр\Desktop\REPO\!JIRA_new\env\Lib\site-packages\playwright\_impl\_frame.py", line 549, in click
    await self._channel.send("click", self._timeout, locals_to_params(locals()))
  File "C:\Users\Давыдов Александр\Desktop\REPO\!JIRA_new\env\Lib\site-packages\playwright\_impl\_connection.py", line 69, in send
    return await self._connection.wrap_api_call(
           ^^^^^^^^^^^^^^^^^^^^^^^^^^^^^^^^^^^^^
    ...<3 lines>...
    )
    ^
  File "C:\Users\Давыдов Александр\Desktop\REPO\!JIRA_new\env\Lib\site-packages\playwright\_impl\_connection.py", line 558, in wrap_api_call
    raise rewrite_error(error, f"{parsed_st['apiName']}: {error}") from None
playwright._impl._errors.TimeoutError: Locator.click: Timeout 3000ms exceeded.
Call log:
  - waiting for get_by_role("option", name="Метки:\nАРМУМС КИС_КРИТИЧЕСКИЙ_ПУТЬ катетеры", exact=True).filter(visible=True).first

2026-09-08 16:08:05,455 | ERROR | Пропущено целевое поле Исполнитель → #assignee-field
Traceback (most recent call last):
  File "C:\Users\Давыдов Александр\Desktop\REPO\!JIRA_new\migration_gui.py", line 272, in execute_migration_process
    fill_mapped_fields(page, [(field, value)])
    ~~~~~~~~~~~~~~~~~~^^^^^^^^^^^^^^^^^^^^^^^^
  File "C:\Users\Давыдов Александр\Desktop\REPO\!JIRA_new\field_picker.py", line 211, in fill_mapped_fields
    page.get_by_role('option', name=value, exact=True).filter(visible=True).first.click(timeout=3000)
    ~~~~~~~~~~~~~~~~~~~~~~~~~~~~~~~~~~~~~~~~~~~~~~~~~~~~~~~~~~~~~~~~~~~~~~~~~~~~~~~~~~~^^^^^^^^^^^^^^
  File "C:\Users\Давыдов Александр\Desktop\REPO\!JIRA_new\env\Lib\site-packages\playwright\sync_api\_generated.py", line 15543, in click
    self._sync(
    ~~~~~~~~~~^
        self._impl_obj.click(
        ^^^^^^^^^^^^^^^^^^^^^
    ...<9 lines>...
        )
        ^
    )
    ^
  File "C:\Users\Давыдов Александр\Desktop\REPO\!JIRA_new\env\Lib\site-packages\playwright\_impl\_sync_base.py", line 115, in _sync
    return task.result()
           ~~~~~~~~~~~^^
  File "C:\Users\Давыдов Александр\Desktop\REPO\!JIRA_new\env\Lib\site-packages\playwright\_impl\_locator.py", line 160, in click
    return await self._frame.click(self._selector, strict=True, **params)
           ^^^^^^^^^^^^^^^^^^^^^^^^^^^^^^^^^^^^^^^^^^^^^^^^^^^^^^^^^^^^^^
  File "C:\Users\Давыдов Александр\Desktop\REPO\!JIRA_new\env\Lib\site-packages\playwright\_impl\_frame.py", line 549, in click
    await self._channel.send("click", self._timeout, locals_to_params(locals()))
  File "C:\Users\Давыдов Александр\Desktop\REPO\!JIRA_new\env\Lib\site-packages\playwright\_impl\_connection.py", line 69, in send
    return await self._connection.wrap_api_call(
           ^^^^^^^^^^^^^^^^^^^^^^^^^^^^^^^^^^^^^
    ...<3 lines>...
    )
    ^
  File "C:\Users\Давыдов Александр\Desktop\REPO\!JIRA_new\env\Lib\site-packages\playwright\_impl\_connection.py", line 558, in wrap_api_call
    raise rewrite_error(error, f"{parsed_st['apiName']}: {error}") from None
playwright._impl._errors.TimeoutError: Locator.click: Timeout 3000ms exceeded.
Call log:
  - waiting for get_by_role("option", name="Давыдов Александр Евгеньевич", exact=True).filter(visible=True).first

2026-09-08 16:08:08,521 | ERROR | Пропущено целевое поле Тестировщик → #customfield_10400-field
Traceback (most recent call last):
  File "C:\Users\Давыдов Александр\Desktop\REPO\!JIRA_new\migration_gui.py", line 272, in execute_migration_process
    fill_mapped_fields(page, [(field, value)])
    ~~~~~~~~~~~~~~~~~~^^^^^^^^^^^^^^^^^^^^^^^^
  File "C:\Users\Давыдов Александр\Desktop\REPO\!JIRA_new\field_picker.py", line 211, in fill_mapped_fields
    page.get_by_role('option', name=value, exact=True).filter(visible=True).first.click(timeout=3000)
    ~~~~~~~~~~~~~~~~~~~~~~~~~~~~~~~~~~~~~~~~~~~~~~~~~~~~~~~~~~~~~~~~~~~~~~~~~~~~~~~~~~~^^^^^^^^^^^^^^
  File "C:\Users\Давыдов Александр\Desktop\REPO\!JIRA_new\env\Lib\site-packages\playwright\sync_api\_generated.py", line 15543, in click
    self._sync(
    ~~~~~~~~~~^
        self._impl_obj.click(
        ^^^^^^^^^^^^^^^^^^^^^
    ...<9 lines>...
        )
        ^
    )
    ^
  File "C:\Users\Давыдов Александр\Desktop\REPO\!JIRA_new\env\Lib\site-packages\playwright\_impl\_sync_base.py", line 115, in _sync
    return task.result()
           ~~~~~~~~~~~^^
  File "C:\Users\Давыдов Александр\Desktop\REPO\!JIRA_new\env\Lib\site-packages\playwright\_impl\_locator.py", line 160, in click
    return await self._frame.click(self._selector, strict=True, **params)
           ^^^^^^^^^^^^^^^^^^^^^^^^^^^^^^^^^^^^^^^^^^^^^^^^^^^^^^^^^^^^^^
  File "C:\Users\Давыдов Александр\Desktop\REPO\!JIRA_new\env\Lib\site-packages\playwright\_impl\_frame.py", line 549, in click
    await self._channel.send("click", self._timeout, locals_to_params(locals()))
  File "C:\Users\Давыдов Александр\Desktop\REPO\!JIRA_new\env\Lib\site-packages\playwright\_impl\_connection.py", line 69, in send
    return await self._connection.wrap_api_call(
           ^^^^^^^^^^^^^^^^^^^^^^^^^^^^^^^^^^^^^
    ...<3 lines>...
    )
    ^
  File "C:\Users\Давыдов Александр\Desktop\REPO\!JIRA_new\env\Lib\site-packages\playwright\_impl\_connection.py", line 558, in wrap_api_call
    raise rewrite_error(error, f"{parsed_st['apiName']}: {error}") from None
playwright._impl._errors.TimeoutError: Locator.click: Timeout 3000ms exceeded.
Call log:
  - waiting for get_by_role("option", name="Давыдов Александр Евгеньевич", exact=True).filter(visible=True).first

2026-09-08 16:10:25,508 | ERROR | Пропущено целевое поле Приоритет → #priority-field
Traceback (most recent call last):
  File "C:\Users\Давыдов Александр\Desktop\REPO\!JIRA_new\migration_gui.py", line 270, in execute_migration_process
    fill_mapped_fields(page, [(field, value)])
    ~~~~~~~~~~~~~~~~~~^^^^^^^^^^^^^^^^^^^^^^^^
  File "C:\Users\Давыдов Александр\Desktop\REPO\!JIRA_new\field_picker.py", line 211, in fill_mapped_fields
    page.get_by_role('option', name=value, exact=True).filter(visible=True).first.click(timeout=3000)
    ~~~~~~~~~~~~~~~~~~~~~~~~~~~~~~~~~~~~~~~~~~~~~~~~~~~~~~~~~~~~~~~~~~~~~~~~~~~~~~~~~~~^^^^^^^^^^^^^^
  File "C:\Users\Давыдов Александр\Desktop\REPO\!JIRA_new\env\Lib\site-packages\playwright\sync_api\_generated.py", line 15543, in click
    self._sync(
    ~~~~~~~~~~^
        self._impl_obj.click(
        ^^^^^^^^^^^^^^^^^^^^^
    ...<9 lines>...
        )
        ^
    )
    ^
  File "C:\Users\Давыдов Александр\Desktop\REPO\!JIRA_new\env\Lib\site-packages\playwright\_impl\_sync_base.py", line 115, in _sync
    return task.result()
           ~~~~~~~~~~~^^
  File "C:\Users\Давыдов Александр\Desktop\REPO\!JIRA_new\env\Lib\site-packages\playwright\_impl\_locator.py", line 160, in click
    return await self._frame.click(self._selector, strict=True, **params)
           ^^^^^^^^^^^^^^^^^^^^^^^^^^^^^^^^^^^^^^^^^^^^^^^^^^^^^^^^^^^^^^
  File "C:\Users\Давыдов Александр\Desktop\REPO\!JIRA_new\env\Lib\site-packages\playwright\_impl\_frame.py", line 549, in click
    await self._channel.send("click", self._timeout, locals_to_params(locals()))
  File "C:\Users\Давыдов Александр\Desktop\REPO\!JIRA_new\env\Lib\site-packages\playwright\_impl\_connection.py", line 69, in send
    return await self._connection.wrap_api_call(
           ^^^^^^^^^^^^^^^^^^^^^^^^^^^^^^^^^^^^^
    ...<3 lines>...
    )
    ^
  File "C:\Users\Давыдов Александр\Desktop\REPO\!JIRA_new\env\Lib\site-packages\playwright\_impl\_connection.py", line 558, in wrap_api_call
    raise rewrite_error(error, f"{parsed_st['apiName']}: {error}") from None
playwright._impl._errors.TimeoutError: Locator.click: Timeout 3000ms exceeded.
Call log:
  - waiting for get_by_role("option", name="Серьезный", exact=True).filter(visible=True).first

2026-09-08 16:10:28,565 | ERROR | Пропущено целевое поле Метки → #labels-textarea
Traceback (most recent call last):
  File "C:\Users\Давыдов Александр\Desktop\REPO\!JIRA_new\migration_gui.py", line 270, in execute_migration_process
    fill_mapped_fields(page, [(field, value)])
    ~~~~~~~~~~~~~~~~~~^^^^^^^^^^^^^^^^^^^^^^^^
  File "C:\Users\Давыдов Александр\Desktop\REPO\!JIRA_new\field_picker.py", line 211, in fill_mapped_fields
    page.get_by_role('option', name=value, exact=True).filter(visible=True).first.click(timeout=3000)
    ~~~~~~~~~~~~~~~~~~~~~~~~~~~~~~~~~~~~~~~~~~~~~~~~~~~~~~~~~~~~~~~~~~~~~~~~~~~~~~~~~~~^^^^^^^^^^^^^^
  File "C:\Users\Давыдов Александр\Desktop\REPO\!JIRA_new\env\Lib\site-packages\playwright\sync_api\_generated.py", line 15543, in click
    self._sync(
    ~~~~~~~~~~^
        self._impl_obj.click(
        ^^^^^^^^^^^^^^^^^^^^^
    ...<9 lines>...
        )
        ^
    )
    ^
  File "C:\Users\Давыдов Александр\Desktop\REPO\!JIRA_new\env\Lib\site-packages\playwright\_impl\_sync_base.py", line 115, in _sync
    return task.result()
           ~~~~~~~~~~~^^
  File "C:\Users\Давыдов Александр\Desktop\REPO\!JIRA_new\env\Lib\site-packages\playwright\_impl\_locator.py", line 160, in click
    return await self._frame.click(self._selector, strict=True, **params)
           ^^^^^^^^^^^^^^^^^^^^^^^^^^^^^^^^^^^^^^^^^^^^^^^^^^^^^^^^^^^^^^
  File "C:\Users\Давыдов Александр\Desktop\REPO\!JIRA_new\env\Lib\site-packages\playwright\_impl\_frame.py", line 549, in click
    await self._channel.send("click", self._timeout, locals_to_params(locals()))
  File "C:\Users\Давыдов Александр\Desktop\REPO\!JIRA_new\env\Lib\site-packages\playwright\_impl\_connection.py", line 69, in send
    return await self._connection.wrap_api_call(
           ^^^^^^^^^^^^^^^^^^^^^^^^^^^^^^^^^^^^^
    ...<3 lines>...
    )
    ^
  File "C:\Users\Давыдов Александр\Desktop\REPO\!JIRA_new\env\Lib\site-packages\playwright\_impl\_connection.py", line 558, in wrap_api_call
    raise rewrite_error(error, f"{parsed_st['apiName']}: {error}") from None
playwright._impl._errors.TimeoutError: Locator.click: Timeout 3000ms exceeded.
Call log:
  - waiting for get_by_role("option", name="Метки:\nАРМУМС КИС_КРИТИЧЕСКИЙ_ПУТЬ катетеры", exact=True).filter(visible=True).first

2026-09-08 16:10:31,752 | ERROR | Пропущено целевое поле Исполнитель → #assignee-field
Traceback (most recent call last):
  File "C:\Users\Давыдов Александр\Desktop\REPO\!JIRA_new\migration_gui.py", line 270, in execute_migration_process
    fill_mapped_fields(page, [(field, value)])
    ~~~~~~~~~~~~~~~~~~^^^^^^^^^^^^^^^^^^^^^^^^
  File "C:\Users\Давыдов Александр\Desktop\REPO\!JIRA_new\field_picker.py", line 211, in fill_mapped_fields
    page.get_by_role('option', name=value, exact=True).filter(visible=True).first.click(timeout=3000)
    ~~~~~~~~~~~~~~~~~~~~~~~~~~~~~~~~~~~~~~~~~~~~~~~~~~~~~~~~~~~~~~~~~~~~~~~~~~~~~~~~~~~^^^^^^^^^^^^^^
  File "C:\Users\Давыдов Александр\Desktop\REPO\!JIRA_new\env\Lib\site-packages\playwright\sync_api\_generated.py", line 15543, in click
    self._sync(
    ~~~~~~~~~~^
        self._impl_obj.click(
        ^^^^^^^^^^^^^^^^^^^^^
    ...<9 lines>...
        )
        ^
    )
    ^
  File "C:\Users\Давыдов Александр\Desktop\REPO\!JIRA_new\env\Lib\site-packages\playwright\_impl\_sync_base.py", line 115, in _sync
    return task.result()
           ~~~~~~~~~~~^^
  File "C:\Users\Давыдов Александр\Desktop\REPO\!JIRA_new\env\Lib\site-packages\playwright\_impl\_locator.py", line 160, in click
    return await self._frame.click(self._selector, strict=True, **params)
           ^^^^^^^^^^^^^^^^^^^^^^^^^^^^^^^^^^^^^^^^^^^^^^^^^^^^^^^^^^^^^^
  File "C:\Users\Давыдов Александр\Desktop\REPO\!JIRA_new\env\Lib\site-packages\playwright\_impl\_frame.py", line 549, in click
    await self._channel.send("click", self._timeout, locals_to_params(locals()))
  File "C:\Users\Давыдов Александр\Desktop\REPO\!JIRA_new\env\Lib\site-packages\playwright\_impl\_connection.py", line 69, in send
    return await self._connection.wrap_api_call(
           ^^^^^^^^^^^^^^^^^^^^^^^^^^^^^^^^^^^^^
    ...<3 lines>...
    )
    ^
  File "C:\Users\Давыдов Александр\Desktop\REPO\!JIRA_new\env\Lib\site-packages\playwright\_impl\_connection.py", line 558, in wrap_api_call
    raise rewrite_error(error, f"{parsed_st['apiName']}: {error}") from None
playwright._impl._errors.TimeoutError: Locator.click: Timeout 3000ms exceeded.
Call log:
  - waiting for get_by_role("option", name="Давыдов Александр", exact=True).filter(visible=True).first

2026-09-08 16:10:34,797 | ERROR | Пропущено целевое поле Тестировщик → #customfield_10400-field
Traceback (most recent call last):
  File "C:\Users\Давыдов Александр\Desktop\REPO\!JIRA_new\migration_gui.py", line 270, in execute_migration_process
    fill_mapped_fields(page, [(field, value)])
    ~~~~~~~~~~~~~~~~~~^^^^^^^^^^^^^^^^^^^^^^^^
  File "C:\Users\Давыдов Александр\Desktop\REPO\!JIRA_new\field_picker.py", line 211, in fill_mapped_fields
    page.get_by_role('option', name=value, exact=True).filter(visible=True).first.click(timeout=3000)
    ~~~~~~~~~~~~~~~~~~~~~~~~~~~~~~~~~~~~~~~~~~~~~~~~~~~~~~~~~~~~~~~~~~~~~~~~~~~~~~~~~~~^^^^^^^^^^^^^^
  File "C:\Users\Давыдов Александр\Desktop\REPO\!JIRA_new\env\Lib\site-packages\playwright\sync_api\_generated.py", line 15543, in click
    self._sync(
    ~~~~~~~~~~^
        self._impl_obj.click(
        ^^^^^^^^^^^^^^^^^^^^^
    ...<9 lines>...
        )
        ^
    )
    ^
  File "C:\Users\Давыдов Александр\Desktop\REPO\!JIRA_new\env\Lib\site-packages\playwright\_impl\_sync_base.py", line 115, in _sync
    return task.result()
           ~~~~~~~~~~~^^
  File "C:\Users\Давыдов Александр\Desktop\REPO\!JIRA_new\env\Lib\site-packages\playwright\_impl\_locator.py", line 160, in click
    return await self._frame.click(self._selector, strict=True, **params)
           ^^^^^^^^^^^^^^^^^^^^^^^^^^^^^^^^^^^^^^^^^^^^^^^^^^^^^^^^^^^^^^
  File "C:\Users\Давыдов Александр\Desktop\REPO\!JIRA_new\env\Lib\site-packages\playwright\_impl\_frame.py", line 549, in click
    await self._channel.send("click", self._timeout, locals_to_params(locals()))
  File "C:\Users\Давыдов Александр\Desktop\REPO\!JIRA_new\env\Lib\site-packages\playwright\_impl\_connection.py", line 69, in send
    return await self._connection.wrap_api_call(
           ^^^^^^^^^^^^^^^^^^^^^^^^^^^^^^^^^^^^^
    ...<3 lines>...
    )
    ^
  File "C:\Users\Давыдов Александр\Desktop\REPO\!JIRA_new\env\Lib\site-packages\playwright\_impl\_connection.py", line 558, in wrap_api_call
    raise rewrite_error(error, f"{parsed_st['apiName']}: {error}") from None
playwright._impl._errors.TimeoutError: Locator.click: Timeout 3000ms exceeded.
Call log:
  - waiting for get_by_role("option", name="Давыдов Александр", exact=True).filter(visible=True).first

2026-09-08 16:13:54,923 | ERROR | Пропущено целевое поле Приоритет → #priority-field
Traceback (most recent call last):
  File "C:\Users\Давыдов Александр\Desktop\REPO\!JIRA_new\migration_gui.py", line 270, in execute_migration_process
    fill_mapped_fields(page, [(field, value)])
    ~~~~~~~~~~~~~~~~~~^^^^^^^^^^^^^^^^^^^^^^^^
  File "C:\Users\Давыдов Александр\Desktop\REPO\!JIRA_new\field_picker.py", line 211, in fill_mapped_fields
    page.get_by_role('option', name=value, exact=True).filter(visible=True).first.click(timeout=3000)
    ~~~~~~~~~~~~~~~~~~~~~~~~~~~~~~~~~~~~~~~~~~~~~~~~~~~~~~~~~~~~~~~~~~~~~~~~~~~~~~~~~~~^^^^^^^^^^^^^^
  File "C:\Users\Давыдов Александр\Desktop\REPO\!JIRA_new\env\Lib\site-packages\playwright\sync_api\_generated.py", line 15543, in click
    self._sync(
    ~~~~~~~~~~^
        self._impl_obj.click(
        ^^^^^^^^^^^^^^^^^^^^^
    ...<9 lines>...
        )
        ^
    )
    ^
  File "C:\Users\Давыдов Александр\Desktop\REPO\!JIRA_new\env\Lib\site-packages\playwright\_impl\_sync_base.py", line 115, in _sync
    return task.result()
           ~~~~~~~~~~~^^
  File "C:\Users\Давыдов Александр\Desktop\REPO\!JIRA_new\env\Lib\site-packages\playwright\_impl\_locator.py", line 160, in click
    return await self._frame.click(self._selector, strict=True, **params)
           ^^^^^^^^^^^^^^^^^^^^^^^^^^^^^^^^^^^^^^^^^^^^^^^^^^^^^^^^^^^^^^
  File "C:\Users\Давыдов Александр\Desktop\REPO\!JIRA_new\env\Lib\site-packages\playwright\_impl\_frame.py", line 549, in click
    await self._channel.send("click", self._timeout, locals_to_params(locals()))
  File "C:\Users\Давыдов Александр\Desktop\REPO\!JIRA_new\env\Lib\site-packages\playwright\_impl\_connection.py", line 69, in send
    return await self._connection.wrap_api_call(
           ^^^^^^^^^^^^^^^^^^^^^^^^^^^^^^^^^^^^^
    ...<3 lines>...
    )
    ^
  File "C:\Users\Давыдов Александр\Desktop\REPO\!JIRA_new\env\Lib\site-packages\playwright\_impl\_connection.py", line 558, in wrap_api_call
    raise rewrite_error(error, f"{parsed_st['apiName']}: {error}") from None
playwright._impl._errors.TimeoutError: Locator.click: Timeout 3000ms exceeded.
Call log:
  - waiting for get_by_role("option", name="Серьезный", exact=True).filter(visible=True).first

2026-09-08 16:13:57,983 | ERROR | Пропущено целевое поле Метки → #labels-textarea
Traceback (most recent call last):
  File "C:\Users\Давыдов Александр\Desktop\REPO\!JIRA_new\migration_gui.py", line 270, in execute_migration_process
    fill_mapped_fields(page, [(field, value)])
    ~~~~~~~~~~~~~~~~~~^^^^^^^^^^^^^^^^^^^^^^^^
  File "C:\Users\Давыдов Александр\Desktop\REPO\!JIRA_new\field_picker.py", line 211, in fill_mapped_fields
    page.get_by_role('option', name=value, exact=True).filter(visible=True).first.click(timeout=3000)
    ~~~~~~~~~~~~~~~~~~~~~~~~~~~~~~~~~~~~~~~~~~~~~~~~~~~~~~~~~~~~~~~~~~~~~~~~~~~~~~~~~~~^^^^^^^^^^^^^^
  File "C:\Users\Давыдов Александр\Desktop\REPO\!JIRA_new\env\Lib\site-packages\playwright\sync_api\_generated.py", line 15543, in click
    self._sync(
    ~~~~~~~~~~^
        self._impl_obj.click(
        ^^^^^^^^^^^^^^^^^^^^^
    ...<9 lines>...
        )
        ^
    )
    ^
  File "C:\Users\Давыдов Александр\Desktop\REPO\!JIRA_new\env\Lib\site-packages\playwright\_impl\_sync_base.py", line 115, in _sync
    return task.result()
           ~~~~~~~~~~~^^
  File "C:\Users\Давыдов Александр\Desktop\REPO\!JIRA_new\env\Lib\site-packages\playwright\_impl\_locator.py", line 160, in click
    return await self._frame.click(self._selector, strict=True, **params)
           ^^^^^^^^^^^^^^^^^^^^^^^^^^^^^^^^^^^^^^^^^^^^^^^^^^^^^^^^^^^^^^
  File "C:\Users\Давыдов Александр\Desktop\REPO\!JIRA_new\env\Lib\site-packages\playwright\_impl\_frame.py", line 549, in click
    await self._channel.send("click", self._timeout, locals_to_params(locals()))
  File "C:\Users\Давыдов Александр\Desktop\REPO\!JIRA_new\env\Lib\site-packages\playwright\_impl\_connection.py", line 69, in send
    return await self._connection.wrap_api_call(
           ^^^^^^^^^^^^^^^^^^^^^^^^^^^^^^^^^^^^^
    ...<3 lines>...
    )
    ^
  File "C:\Users\Давыдов Александр\Desktop\REPO\!JIRA_new\env\Lib\site-packages\playwright\_impl\_connection.py", line 558, in wrap_api_call
    raise rewrite_error(error, f"{parsed_st['apiName']}: {error}") from None
playwright._impl._errors.TimeoutError: Locator.click: Timeout 3000ms exceeded.
Call log:
  - waiting for get_by_role("option", name="Метки:\nАРМУМС КИС_КРИТИЧЕСКИЙ_ПУТЬ катетеры", exact=True).filter(visible=True).first

2026-09-08 16:14:01,180 | ERROR | Пропущено целевое поле Исполнитель → #assignee-field
Traceback (most recent call last):
  File "C:\Users\Давыдов Александр\Desktop\REPO\!JIRA_new\migration_gui.py", line 270, in execute_migration_process
    fill_mapped_fields(page, [(field, value)])
    ~~~~~~~~~~~~~~~~~~^^^^^^^^^^^^^^^^^^^^^^^^
  File "C:\Users\Давыдов Александр\Desktop\REPO\!JIRA_new\field_picker.py", line 211, in fill_mapped_fields
    page.get_by_role('option', name=value, exact=True).filter(visible=True).first.click(timeout=3000)
    ~~~~~~~~~~~~~~~~~~~~~~~~~~~~~~~~~~~~~~~~~~~~~~~~~~~~~~~~~~~~~~~~~~~~~~~~~~~~~~~~~~~^^^^^^^^^^^^^^
  File "C:\Users\Давыдов Александр\Desktop\REPO\!JIRA_new\env\Lib\site-packages\playwright\sync_api\_generated.py", line 15543, in click
    self._sync(
    ~~~~~~~~~~^
        self._impl_obj.click(
        ^^^^^^^^^^^^^^^^^^^^^
    ...<9 lines>...
        )
        ^
    )
    ^
  File "C:\Users\Давыдов Александр\Desktop\REPO\!JIRA_new\env\Lib\site-packages\playwright\_impl\_sync_base.py", line 115, in _sync
    return task.result()
           ~~~~~~~~~~~^^
  File "C:\Users\Давыдов Александр\Desktop\REPO\!JIRA_new\env\Lib\site-packages\playwright\_impl\_locator.py", line 160, in click
    return await self._frame.click(self._selector, strict=True, **params)
           ^^^^^^^^^^^^^^^^^^^^^^^^^^^^^^^^^^^^^^^^^^^^^^^^^^^^^^^^^^^^^^
  File "C:\Users\Давыдов Александр\Desktop\REPO\!JIRA_new\env\Lib\site-packages\playwright\_impl\_frame.py", line 549, in click
    await self._channel.send("click", self._timeout, locals_to_params(locals()))
  File "C:\Users\Давыдов Александр\Desktop\REPO\!JIRA_new\env\Lib\site-packages\playwright\_impl\_connection.py", line 69, in send
    return await self._connection.wrap_api_call(
           ^^^^^^^^^^^^^^^^^^^^^^^^^^^^^^^^^^^^^
    ...<3 lines>...
    )
    ^
  File "C:\Users\Давыдов Александр\Desktop\REPO\!JIRA_new\env\Lib\site-packages\playwright\_impl\_connection.py", line 558, in wrap_api_call
    raise rewrite_error(error, f"{parsed_st['apiName']}: {error}") from None
playwright._impl._errors.TimeoutError: Locator.click: Timeout 3000ms exceeded.
Call log:
  - waiting for get_by_role("option", name="Давыдов Александр", exact=True).filter(visible=True).first

2026-09-08 16:14:04,230 | ERROR | Пропущено целевое поле Тестировщик → #customfield_10400-field
Traceback (most recent call last):
  File "C:\Users\Давыдов Александр\Desktop\REPO\!JIRA_new\migration_gui.py", line 270, in execute_migration_process
    fill_mapped_fields(page, [(field, value)])
    ~~~~~~~~~~~~~~~~~~^^^^^^^^^^^^^^^^^^^^^^^^
  File "C:\Users\Давыдов Александр\Desktop\REPO\!JIRA_new\field_picker.py", line 211, in fill_mapped_fields
    page.get_by_role('option', name=value, exact=True).filter(visible=True).first.click(timeout=3000)
    ~~~~~~~~~~~~~~~~~~~~~~~~~~~~~~~~~~~~~~~~~~~~~~~~~~~~~~~~~~~~~~~~~~~~~~~~~~~~~~~~~~~^^^^^^^^^^^^^^
  File "C:\Users\Давыдов Александр\Desktop\REPO\!JIRA_new\env\Lib\site-packages\playwright\sync_api\_generated.py", line 15543, in click
    self._sync(
    ~~~~~~~~~~^
        self._impl_obj.click(
        ^^^^^^^^^^^^^^^^^^^^^
    ...<9 lines>...
        )
        ^
    )
    ^
  File "C:\Users\Давыдов Александр\Desktop\REPO\!JIRA_new\env\Lib\site-packages\playwright\_impl\_sync_base.py", line 115, in _sync
    return task.result()
           ~~~~~~~~~~~^^
  File "C:\Users\Давыдов Александр\Desktop\REPO\!JIRA_new\env\Lib\site-packages\playwright\_impl\_locator.py", line 160, in click
    return await self._frame.click(self._selector, strict=True, **params)
           ^^^^^^^^^^^^^^^^^^^^^^^^^^^^^^^^^^^^^^^^^^^^^^^^^^^^^^^^^^^^^^
  File "C:\Users\Давыдов Александр\Desktop\REPO\!JIRA_new\env\Lib\site-packages\playwright\_impl\_frame.py", line 549, in click
    await self._channel.send("click", self._timeout, locals_to_params(locals()))
  File "C:\Users\Давыдов Александр\Desktop\REPO\!JIRA_new\env\Lib\site-packages\playwright\_impl\_connection.py", line 69, in send
    return await self._connection.wrap_api_call(
           ^^^^^^^^^^^^^^^^^^^^^^^^^^^^^^^^^^^^^
    ...<3 lines>...
    )
    ^
  File "C:\Users\Давыдов Александр\Desktop\REPO\!JIRA_new\env\Lib\site-packages\playwright\_impl\_connection.py", line 558, in wrap_api_call
    raise rewrite_error(error, f"{parsed_st['apiName']}: {error}") from None
playwright._impl._errors.TimeoutError: Locator.click: Timeout 3000ms exceeded.
Call log:
  - waiting for get_by_role("option", name="Давыдов Александр", exact=True).filter(visible=True).first

2026-09-08 16:20:43,388 | ERROR | Пропущено целевое поле Приоритет → #priority-field
Traceback (most recent call last):
  File "C:\Users\Давыдов Александр\Desktop\REPO\!JIRA_new\migration_gui.py", line 270, in execute_migration_process
    fill_mapped_fields(page, [(field, value)])
    ~~~~~~~~~~~~~~~~~~^^^^^^^^^^^^^^^^^^^^^^^^
  File "C:\Users\Давыдов Александр\Desktop\REPO\!JIRA_new\field_picker.py", line 211, in fill_mapped_fields
    page.get_by_role('option', name=value, exact=True).filter(visible=True).first.click(timeout=3000)
    ~~~~~~~~~~~~~~~~~~~~~~~~~~~~~~~~~~~~~~~~~~~~~~~~~~~~~~~~~~~~~~~~~~~~~~~~~~~~~~~~~~~^^^^^^^^^^^^^^
  File "C:\Users\Давыдов Александр\Desktop\REPO\!JIRA_new\env\Lib\site-packages\playwright\sync_api\_generated.py", line 15543, in click
    self._sync(
    ~~~~~~~~~~^
        self._impl_obj.click(
        ^^^^^^^^^^^^^^^^^^^^^
    ...<9 lines>...
        )
        ^
    )
    ^
  File "C:\Users\Давыдов Александр\Desktop\REPO\!JIRA_new\env\Lib\site-packages\playwright\_impl\_sync_base.py", line 115, in _sync
    return task.result()
           ~~~~~~~~~~~^^
  File "C:\Users\Давыдов Александр\Desktop\REPO\!JIRA_new\env\Lib\site-packages\playwright\_impl\_locator.py", line 160, in click
    return await self._frame.click(self._selector, strict=True, **params)
           ^^^^^^^^^^^^^^^^^^^^^^^^^^^^^^^^^^^^^^^^^^^^^^^^^^^^^^^^^^^^^^
  File "C:\Users\Давыдов Александр\Desktop\REPO\!JIRA_new\env\Lib\site-packages\playwright\_impl\_frame.py", line 549, in click
    await self._channel.send("click", self._timeout, locals_to_params(locals()))
  File "C:\Users\Давыдов Александр\Desktop\REPO\!JIRA_new\env\Lib\site-packages\playwright\_impl\_connection.py", line 69, in send
    return await self._connection.wrap_api_call(
           ^^^^^^^^^^^^^^^^^^^^^^^^^^^^^^^^^^^^^
    ...<3 lines>...
    )
    ^
  File "C:\Users\Давыдов Александр\Desktop\REPO\!JIRA_new\env\Lib\site-packages\playwright\_impl\_connection.py", line 558, in wrap_api_call
    raise rewrite_error(error, f"{parsed_st['apiName']}: {error}") from None
playwright._impl._errors.TimeoutError: Locator.click: Timeout 3000ms exceeded.
Call log:
  - waiting for get_by_role("option", name="Серьезный", exact=True).filter(visible=True).first

2026-09-08 16:20:46,445 | ERROR | Пропущено целевое поле Метки → #labels-textarea
Traceback (most recent call last):
  File "C:\Users\Давыдов Александр\Desktop\REPO\!JIRA_new\migration_gui.py", line 270, in execute_migration_process
    fill_mapped_fields(page, [(field, value)])
    ~~~~~~~~~~~~~~~~~~^^^^^^^^^^^^^^^^^^^^^^^^
  File "C:\Users\Давыдов Александр\Desktop\REPO\!JIRA_new\field_picker.py", line 211, in fill_mapped_fields
    page.get_by_role('option', name=value, exact=True).filter(visible=True).first.click(timeout=3000)
    ~~~~~~~~~~~~~~~~~~~~~~~~~~~~~~~~~~~~~~~~~~~~~~~~~~~~~~~~~~~~~~~~~~~~~~~~~~~~~~~~~~~^^^^^^^^^^^^^^
  File "C:\Users\Давыдов Александр\Desktop\REPO\!JIRA_new\env\Lib\site-packages\playwright\sync_api\_generated.py", line 15543, in click
    self._sync(
    ~~~~~~~~~~^
        self._impl_obj.click(
        ^^^^^^^^^^^^^^^^^^^^^
    ...<9 lines>...
        )
        ^
    )
    ^
  File "C:\Users\Давыдов Александр\Desktop\REPO\!JIRA_new\env\Lib\site-packages\playwright\_impl\_sync_base.py", line 115, in _sync
    return task.result()
           ~~~~~~~~~~~^^
  File "C:\Users\Давыдов Александр\Desktop\REPO\!JIRA_new\env\Lib\site-packages\playwright\_impl\_locator.py", line 160, in click
    return await self._frame.click(self._selector, strict=True, **params)
           ^^^^^^^^^^^^^^^^^^^^^^^^^^^^^^^^^^^^^^^^^^^^^^^^^^^^^^^^^^^^^^
  File "C:\Users\Давыдов Александр\Desktop\REPO\!JIRA_new\env\Lib\site-packages\playwright\_impl\_frame.py", line 549, in click
    await self._channel.send("click", self._timeout, locals_to_params(locals()))
  File "C:\Users\Давыдов Александр\Desktop\REPO\!JIRA_new\env\Lib\site-packages\playwright\_impl\_connection.py", line 69, in send
    return await self._connection.wrap_api_call(
           ^^^^^^^^^^^^^^^^^^^^^^^^^^^^^^^^^^^^^
    ...<3 lines>...
    )
    ^
  File "C:\Users\Давыдов Александр\Desktop\REPO\!JIRA_new\env\Lib\site-packages\playwright\_impl\_connection.py", line 558, in wrap_api_call
    raise rewrite_error(error, f"{parsed_st['apiName']}: {error}") from None
playwright._impl._errors.TimeoutError: Locator.click: Timeout 3000ms exceeded.
Call log:
  - waiting for get_by_role("option", name="Метки:\nКИС_КРИТИЧЕСКИЙ_ПУТЬ Ядро", exact=True).filter(visible=True).first

2026-09-08 16:20:49,503 | ERROR | Пропущено целевое поле Исправить_в_версиях → #fixVersions-textarea
Traceback (most recent call last):
  File "C:\Users\Давыдов Александр\Desktop\REPO\!JIRA_new\migration_gui.py", line 270, in execute_migration_process
    fill_mapped_fields(page, [(field, value)])
    ~~~~~~~~~~~~~~~~~~^^^^^^^^^^^^^^^^^^^^^^^^
  File "C:\Users\Давыдов Александр\Desktop\REPO\!JIRA_new\field_picker.py", line 211, in fill_mapped_fields
    page.get_by_role('option', name=value, exact=True).filter(visible=True).first.click(timeout=3000)
    ~~~~~~~~~~~~~~~~~~~~~~~~~~~~~~~~~~~~~~~~~~~~~~~~~~~~~~~~~~~~~~~~~~~~~~~~~~~~~~~~~~~^^^^^^^^^^^^^^
  File "C:\Users\Давыдов Александр\Desktop\REPO\!JIRA_new\env\Lib\site-packages\playwright\sync_api\_generated.py", line 15543, in click
    self._sync(
    ~~~~~~~~~~^
        self._impl_obj.click(
        ^^^^^^^^^^^^^^^^^^^^^
    ...<9 lines>...
        )
        ^
    )
    ^
  File "C:\Users\Давыдов Александр\Desktop\REPO\!JIRA_new\env\Lib\site-packages\playwright\_impl\_sync_base.py", line 115, in _sync
    return task.result()
           ~~~~~~~~~~~^^
  File "C:\Users\Давыдов Александр\Desktop\REPO\!JIRA_new\env\Lib\site-packages\playwright\_impl\_locator.py", line 160, in click
    return await self._frame.click(self._selector, strict=True, **params)
           ^^^^^^^^^^^^^^^^^^^^^^^^^^^^^^^^^^^^^^^^^^^^^^^^^^^^^^^^^^^^^^
  File "C:\Users\Давыдов Александр\Desktop\REPO\!JIRA_new\env\Lib\site-packages\playwright\_impl\_frame.py", line 549, in click
    await self._channel.send("click", self._timeout, locals_to_params(locals()))
  File "C:\Users\Давыдов Александр\Desktop\REPO\!JIRA_new\env\Lib\site-packages\playwright\_impl\_connection.py", line 69, in send
    return await self._connection.wrap_api_call(
           ^^^^^^^^^^^^^^^^^^^^^^^^^^^^^^^^^^^^^
    ...<3 lines>...
    )
    ^
  File "C:\Users\Давыдов Александр\Desktop\REPO\!JIRA_new\env\Lib\site-packages\playwright\_impl\_connection.py", line 558, in wrap_api_call
    raise rewrite_error(error, f"{parsed_st['apiName']}: {error}") from None
playwright._impl._errors.TimeoutError: Locator.click: Timeout 3000ms exceeded.
Call log:
  - waiting for get_by_role("option", name="31.08.26", exact=True).filter(visible=True).first

2026-09-08 16:20:52,634 | ERROR | Пропущено целевое поле Исполнитель → #assignee-field
Traceback (most recent call last):
  File "C:\Users\Давыдов Александр\Desktop\REPO\!JIRA_new\migration_gui.py", line 270, in execute_migration_process
    fill_mapped_fields(page, [(field, value)])
    ~~~~~~~~~~~~~~~~~~^^^^^^^^^^^^^^^^^^^^^^^^
  File "C:\Users\Давыдов Александр\Desktop\REPO\!JIRA_new\field_picker.py", line 211, in fill_mapped_fields
    page.get_by_role('option', name=value, exact=True).filter(visible=True).first.click(timeout=3000)
    ~~~~~~~~~~~~~~~~~~~~~~~~~~~~~~~~~~~~~~~~~~~~~~~~~~~~~~~~~~~~~~~~~~~~~~~~~~~~~~~~~~~^^^^^^^^^^^^^^
  File "C:\Users\Давыдов Александр\Desktop\REPO\!JIRA_new\env\Lib\site-packages\playwright\sync_api\_generated.py", line 15543, in click
    self._sync(
    ~~~~~~~~~~^
        self._impl_obj.click(
        ^^^^^^^^^^^^^^^^^^^^^
    ...<9 lines>...
        )
        ^
    )
    ^
  File "C:\Users\Давыдов Александр\Desktop\REPO\!JIRA_new\env\Lib\site-packages\playwright\_impl\_sync_base.py", line 115, in _sync
    return task.result()
           ~~~~~~~~~~~^^
  File "C:\Users\Давыдов Александр\Desktop\REPO\!JIRA_new\env\Lib\site-packages\playwright\_impl\_locator.py", line 160, in click
    return await self._frame.click(self._selector, strict=True, **params)
           ^^^^^^^^^^^^^^^^^^^^^^^^^^^^^^^^^^^^^^^^^^^^^^^^^^^^^^^^^^^^^^
  File "C:\Users\Давыдов Александр\Desktop\REPO\!JIRA_new\env\Lib\site-packages\playwright\_impl\_frame.py", line 549, in click
    await self._channel.send("click", self._timeout, locals_to_params(locals()))
  File "C:\Users\Давыдов Александр\Desktop\REPO\!JIRA_new\env\Lib\site-packages\playwright\_impl\_connection.py", line 69, in send
    return await self._connection.wrap_api_call(
           ^^^^^^^^^^^^^^^^^^^^^^^^^^^^^^^^^^^^^
    ...<3 lines>...
    )
    ^
  File "C:\Users\Давыдов Александр\Desktop\REPO\!JIRA_new\env\Lib\site-packages\playwright\_impl\_connection.py", line 558, in wrap_api_call
    raise rewrite_error(error, f"{parsed_st['apiName']}: {error}") from None
playwright._impl._errors.TimeoutError: Locator.click: Timeout 3000ms exceeded.
Call log:
  - waiting for get_by_role("option", name="Давыдов Александр", exact=True).filter(visible=True).first

2026-09-08 16:21:07,656 | ERROR | Пропущено целевое поле Тестировщик → #customfield_10400-field
Traceback (most recent call last):
  File "C:\Users\Давыдов Александр\Desktop\REPO\!JIRA_new\migration_gui.py", line 270, in execute_migration_process
    fill_mapped_fields(page, [(field, value)])
    ~~~~~~~~~~~~~~~~~~^^^^^^^^^^^^^^^^^^^^^^^^
  File "C:\Users\Давыдов Александр\Desktop\REPO\!JIRA_new\field_picker.py", line 203, in fill_mapped_fields
    locator.wait_for(state='visible')
    ~~~~~~~~~~~~~~~~^^^^^^^^^^^^^^^^^
  File "C:\Users\Давыдов Александр\Desktop\REPO\!JIRA_new\env\Lib\site-packages\playwright\sync_api\_generated.py", line 17975, in wait_for
    self._sync(self._impl_obj.wait_for(timeout=timeout, state=state))
    ~~~~~~~~~~^^^^^^^^^^^^^^^^^^^^^^^^^^^^^^^^^^^^^^^^^^^^^^^^^^^^^^^
  File "C:\Users\Давыдов Александр\Desktop\REPO\!JIRA_new\env\Lib\site-packages\playwright\_impl\_sync_base.py", line 115, in _sync
    return task.result()
           ~~~~~~~~~~~^^
  File "C:\Users\Давыдов Александр\Desktop\REPO\!JIRA_new\env\Lib\site-packages\playwright\_impl\_locator.py", line 692, in wait_for
    await self._frame.wait_for_selector(
        self._selector, strict=True, timeout=timeout, state=state
    )
  File "C:\Users\Давыдов Александр\Desktop\REPO\!JIRA_new\env\Lib\site-packages\playwright\_impl\_frame.py", line 369, in wait_for_selector
    await self._channel.send(
        "waitForSelector", self._timeout, locals_to_params(locals())
    )
  File "C:\Users\Давыдов Александр\Desktop\REPO\!JIRA_new\env\Lib\site-packages\playwright\_impl\_connection.py", line 69, in send
    return await self._connection.wrap_api_call(
           ^^^^^^^^^^^^^^^^^^^^^^^^^^^^^^^^^^^^^
    ...<3 lines>...
    )
    ^
  File "C:\Users\Давыдов Александр\Desktop\REPO\!JIRA_new\env\Lib\site-packages\playwright\_impl\_connection.py", line 558, in wrap_api_call
    raise rewrite_error(error, f"{parsed_st['apiName']}: {error}") from None
playwright._impl._errors.TimeoutError: Locator.wait_for: Timeout 15000ms exceeded.
Call log:
  - waiting for locator("#customfield_10400-field") to be visible

2026-09-08 16:21:34,451 | ERROR | Ошибка миграции: задача=KISEMIAS2019-21625 система=redmine проект=КИС ЕМИАС (KIS)
Traceback (most recent call last):
  File "C:\Users\Давыдов Александр\Desktop\REPO\!JIRA_new\migration_gui.py", line 231, in execute_migration_process
    source_page.open_issue(prefix, task_id)
    ~~~~~~~~~~~~~~~~~~~~~~^^^^^^^^^^^^^^^^^
  File "C:\Users\Давыдов Александр\Desktop\REPO\!JIRA_new\jrf.py", line 92, in open_issue
    self.page.goto(url, wait_until='domcontentloaded')
    ~~~~~~~~~~~~~~^^^^^^^^^^^^^^^^^^^^^^^^^^^^^^^^^^^^
  File "C:\Users\Давыдов Александр\Desktop\REPO\!JIRA_new\env\Lib\site-packages\playwright\sync_api\_generated.py", line 9019, in goto
    self._sync(
    ~~~~~~~~~~^
        self._impl_obj.goto(
        ^^^^^^^^^^^^^^^^^^^^
            url=url, timeout=timeout, waitUntil=wait_until, referer=referer
            ^^^^^^^^^^^^^^^^^^^^^^^^^^^^^^^^^^^^^^^^^^^^^^^^^^^^^^^^^^^^^^^
        )
        ^
    )
    ^
  File "C:\Users\Давыдов Александр\Desktop\REPO\!JIRA_new\env\Lib\site-packages\playwright\_impl\_sync_base.py", line 115, in _sync
    return task.result()
           ~~~~~~~~~~~^^
  File "C:\Users\Давыдов Александр\Desktop\REPO\!JIRA_new\env\Lib\site-packages\playwright\_impl\_page.py", line 556, in goto
    return await self._main_frame.goto(**locals_to_params(locals()))
           ^^^^^^^^^^^^^^^^^^^^^^^^^^^^^^^^^^^^^^^^^^^^^^^^^^^^^^^^^
  File "C:\Users\Давыдов Александр\Desktop\REPO\!JIRA_new\env\Lib\site-packages\playwright\_impl\_frame.py", line 153, in goto
    await self._channel.send(
        "goto", self._navigation_timeout, locals_to_params(locals())
    )
  File "C:\Users\Давыдов Александр\Desktop\REPO\!JIRA_new\env\Lib\site-packages\playwright\_impl\_connection.py", line 69, in send
    return await self._connection.wrap_api_call(
           ^^^^^^^^^^^^^^^^^^^^^^^^^^^^^^^^^^^^^
    ...<3 lines>...
    )
    ^
  File "C:\Users\Давыдов Александр\Desktop\REPO\!JIRA_new\env\Lib\site-packages\playwright\_impl\_connection.py", line 558, in wrap_api_call
    raise rewrite_error(error, f"{parsed_st['apiName']}: {error}") from None
playwright._impl._errors.TimeoutError: Page.goto: Timeout 15000ms exceeded.
Call log:
  - navigating to "https://jira.mos.social/browse/KISEMIAS2019-21625", waiting until "domcontentloaded"

2026-09-08 16:21:57,323 | ERROR | Пропущено целевое поле Срок_Исполнения → #issue_custom_field_values_2
Traceback (most recent call last):
  File "C:\Users\Давыдов Александр\Desktop\REPO\!JIRA_new\migration_gui.py", line 270, in execute_migration_process
    fill_mapped_fields(page, [(field, value)])
    ~~~~~~~~~~~~~~~~~~^^^^^^^^^^^^^^^^^^^^^^^^
  File "C:\Users\Давыдов Александр\Desktop\REPO\!JIRA_new\field_picker.py", line 218, in fill_mapped_fields
    locator.fill(value)
    ~~~~~~~~~~~~^^^^^^^
  File "C:\Users\Давыдов Александр\Desktop\REPO\!JIRA_new\env\Lib\site-packages\playwright\sync_api\_generated.py", line 15889, in fill
    self._sync(
    ~~~~~~~~~~^
        self._impl_obj.fill(
        ^^^^^^^^^^^^^^^^^^^^
            value=value, timeout=timeout, noWaitAfter=no_wait_after, force=force
            ^^^^^^^^^^^^^^^^^^^^^^^^^^^^^^^^^^^^^^^^^^^^^^^^^^^^^^^^^^^^^^^^^^^^
        )
        ^
    )
    ^
  File "C:\Users\Давыдов Александр\Desktop\REPO\!JIRA_new\env\Lib\site-packages\playwright\_impl\_sync_base.py", line 115, in _sync
    return task.result()
           ~~~~~~~~~~~^^
  File "C:\Users\Давыдов Александр\Desktop\REPO\!JIRA_new\env\Lib\site-packages\playwright\_impl\_locator.py", line 212, in fill
    return await self._frame.fill(self._selector, strict=True, **params)
           ^^^^^^^^^^^^^^^^^^^^^^^^^^^^^^^^^^^^^^^^^^^^^^^^^^^^^^^^^^^^^
  File "C:\Users\Давыдов Александр\Desktop\REPO\!JIRA_new\env\Lib\site-packages\playwright\_impl\_frame.py", line 590, in fill
    await self._fill(**locals_to_params(locals()))
  File "C:\Users\Давыдов Александр\Desktop\REPO\!JIRA_new\env\Lib\site-packages\playwright\_impl\_frame.py", line 602, in _fill
    await self._channel.send("fill", self._timeout, locals_to_params(locals()))
  File "C:\Users\Давыдов Александр\Desktop\REPO\!JIRA_new\env\Lib\site-packages\playwright\_impl\_connection.py", line 69, in send
    return await self._connection.wrap_api_call(
           ^^^^^^^^^^^^^^^^^^^^^^^^^^^^^^^^^^^^^
    ...<3 lines>...
    )
    ^
  File "C:\Users\Давыдов Александр\Desktop\REPO\!JIRA_new\env\Lib\site-packages\playwright\_impl\_connection.py", line 558, in wrap_api_call
    raise rewrite_error(error, f"{parsed_st['apiName']}: {error}") from None
playwright._impl._errors.Error: Locator.fill: Error: Malformed value
Call log:
  - waiting for locator("#issue_custom_field_values_2")
    - locator resolved to <input value="" size="10" type="date" class="date_cf date" id="issue_custom_field_values_2" name="issue[custom_field_values][2]"/>
    - fill("28.09.26")
  - attempting fill action
    - waiting for element to be visible, enabled and editable

2026-09-08 16:22:12,378 | ERROR | Пропущено целевое поле Тип → #issue_tracker_id
Traceback (most recent call last):
  File "C:\Users\Давыдов Александр\Desktop\REPO\!JIRA_new\migration_gui.py", line 270, in execute_migration_process
    fill_mapped_fields(page, [(field, value)])
    ~~~~~~~~~~~~~~~~~~^^^^^^^^^^^^^^^^^^^^^^^^
  File "C:\Users\Давыдов Александр\Desktop\REPO\!JIRA_new\field_picker.py", line 206, in fill_mapped_fields
    locator.select_option(label=value)
    ~~~~~~~~~~~~~~~~~~~~~^^^^^^^^^^^^^
  File "C:\Users\Давыдов Александр\Desktop\REPO\!JIRA_new\env\Lib\site-packages\playwright\sync_api\_generated.py", line 17531, in select_option
    self._sync(
    ~~~~~~~~~~^
        self._impl_obj.select_option(
        ^^^^^^^^^^^^^^^^^^^^^^^^^^^^^
    ...<7 lines>...
        )
        ^
    )
    ^
  File "C:\Users\Давыдов Александр\Desktop\REPO\!JIRA_new\env\Lib\site-packages\playwright\_impl\_sync_base.py", line 115, in _sync
    return task.result()
           ~~~~~~~~~~~^^
  File "C:\Users\Давыдов Александр\Desktop\REPO\!JIRA_new\env\Lib\site-packages\playwright\_impl\_locator.py", line 579, in select_option
    return await self._frame.select_option(
           ^^^^^^^^^^^^^^^^^^^^^^^^^^^^^^^^
    ...<3 lines>...
    )
    ^
  File "C:\Users\Давыдов Александр\Desktop\REPO\!JIRA_new\env\Lib\site-packages\playwright\_impl\_frame.py", line 763, in select_option
    return await self._channel.send("selectOption", self._timeout, params)
           ^^^^^^^^^^^^^^^^^^^^^^^^^^^^^^^^^^^^^^^^^^^^^^^^^^^^^^^^^^^^^^^
  File "C:\Users\Давыдов Александр\Desktop\REPO\!JIRA_new\env\Lib\site-packages\playwright\_impl\_connection.py", line 69, in send
    return await self._connection.wrap_api_call(
           ^^^^^^^^^^^^^^^^^^^^^^^^^^^^^^^^^^^^^
    ...<3 lines>...
    )
    ^
  File "C:\Users\Давыдов Александр\Desktop\REPO\!JIRA_new\env\Lib\site-packages\playwright\_impl\_connection.py", line 558, in wrap_api_call
    raise rewrite_error(error, f"{parsed_st['apiName']}: {error}") from None
playwright._impl._errors.TimeoutError: Locator.select_option: Timeout 15000ms exceeded.
Call log:
  - waiting for locator("#issue_tracker_id")
    - locator resolved to <select id="issue_tracker_id" name="issue[tracker_id]" onchange="updateIssueFrom('/redmine/projects/mehr/issues/new.js', this)">…</select>
  - attempting select option action
    2 × waiting for element to be visible and enabled
      - did not find some options
    - retrying select option action
    - waiting 20ms
    2 × waiting for element to be visible and enabled
      - did not find some options
    - retrying select option action
      - waiting 100ms
    29 × waiting for element to be visible and enabled
       - did not find some options
     - retrying select option action
       - waiting 500ms

2026-09-08 16:22:27,403 | ERROR | Пропущено целевое поле Приоритет → #issue_priority_id
Traceback (most recent call last):
  File "C:\Users\Давыдов Александр\Desktop\REPO\!JIRA_new\migration_gui.py", line 270, in execute_migration_process
    fill_mapped_fields(page, [(field, value)])
    ~~~~~~~~~~~~~~~~~~^^^^^^^^^^^^^^^^^^^^^^^^
  File "C:\Users\Давыдов Александр\Desktop\REPO\!JIRA_new\field_picker.py", line 206, in fill_mapped_fields
    locator.select_option(label=value)
    ~~~~~~~~~~~~~~~~~~~~~^^^^^^^^^^^^^
  File "C:\Users\Давыдов Александр\Desktop\REPO\!JIRA_new\env\Lib\site-packages\playwright\sync_api\_generated.py", line 17531, in select_option
    self._sync(
    ~~~~~~~~~~^
        self._impl_obj.select_option(
        ^^^^^^^^^^^^^^^^^^^^^^^^^^^^^
    ...<7 lines>...
        )
        ^
    )
    ^
  File "C:\Users\Давыдов Александр\Desktop\REPO\!JIRA_new\env\Lib\site-packages\playwright\_impl\_sync_base.py", line 115, in _sync
    return task.result()
           ~~~~~~~~~~~^^
  File "C:\Users\Давыдов Александр\Desktop\REPO\!JIRA_new\env\Lib\site-packages\playwright\_impl\_locator.py", line 579, in select_option
    return await self._frame.select_option(
           ^^^^^^^^^^^^^^^^^^^^^^^^^^^^^^^^
    ...<3 lines>...
    )
    ^
  File "C:\Users\Давыдов Александр\Desktop\REPO\!JIRA_new\env\Lib\site-packages\playwright\_impl\_frame.py", line 763, in select_option
    return await self._channel.send("selectOption", self._timeout, params)
           ^^^^^^^^^^^^^^^^^^^^^^^^^^^^^^^^^^^^^^^^^^^^^^^^^^^^^^^^^^^^^^^
  File "C:\Users\Давыдов Александр\Desktop\REPO\!JIRA_new\env\Lib\site-packages\playwright\_impl\_connection.py", line 69, in send
    return await self._connection.wrap_api_call(
           ^^^^^^^^^^^^^^^^^^^^^^^^^^^^^^^^^^^^^
    ...<3 lines>...
    )
    ^
  File "C:\Users\Давыдов Александр\Desktop\REPO\!JIRA_new\env\Lib\site-packages\playwright\_impl\_connection.py", line 558, in wrap_api_call
    raise rewrite_error(error, f"{parsed_st['apiName']}: {error}") from None
playwright._impl._errors.TimeoutError: Locator.select_option: Timeout 15000ms exceeded.
Call log:
  - waiting for locator("#issue_priority_id")
    - locator resolved to <select id="issue_priority_id" name="issue[priority_id]">…</select>
  - attempting select option action
    2 × waiting for element to be visible and enabled
      - did not find some options
    - retrying select option action
    - waiting 20ms
    2 × waiting for element to be visible and enabled
      - did not find some options
    - retrying select option action
      - waiting 100ms
    30 × waiting for element to be visible and enabled
       - did not find some options
     - retrying select option action
       - waiting 500ms

2026-09-08 16:54:16,859 | ERROR | Пропущено целевое поле Срок_Исполнения → #issue_custom_field_values_2
Traceback (most recent call last):
  File "C:\Users\Давыдов Александр\Desktop\REPO\!JIRA_new\migration_gui.py", line 275, in execute_migration_process
    fill_mapped_fields(page, [(field, value)])
    ~~~~~~~~~~~~~~~~~~^^^^^^^^^^^^^^^^^^^^^^^^
  File "C:\Users\Давыдов Александр\Desktop\REPO\!JIRA_new\field_picker.py", line 229, in fill_mapped_fields
    locator.fill(value)
    ~~~~~~~~~~~~^^^^^^^
  File "C:\Users\Давыдов Александр\Desktop\REPO\!JIRA_new\env\Lib\site-packages\playwright\sync_api\_generated.py", line 15889, in fill
    self._sync(
    ~~~~~~~~~~^
        self._impl_obj.fill(
        ^^^^^^^^^^^^^^^^^^^^
            value=value, timeout=timeout, noWaitAfter=no_wait_after, force=force
            ^^^^^^^^^^^^^^^^^^^^^^^^^^^^^^^^^^^^^^^^^^^^^^^^^^^^^^^^^^^^^^^^^^^^
        )
        ^
    )
    ^
  File "C:\Users\Давыдов Александр\Desktop\REPO\!JIRA_new\env\Lib\site-packages\playwright\_impl\_sync_base.py", line 115, in _sync
    return task.result()
           ~~~~~~~~~~~^^
  File "C:\Users\Давыдов Александр\Desktop\REPO\!JIRA_new\env\Lib\site-packages\playwright\_impl\_locator.py", line 212, in fill
    return await self._frame.fill(self._selector, strict=True, **params)
           ^^^^^^^^^^^^^^^^^^^^^^^^^^^^^^^^^^^^^^^^^^^^^^^^^^^^^^^^^^^^^
  File "C:\Users\Давыдов Александр\Desktop\REPO\!JIRA_new\env\Lib\site-packages\playwright\_impl\_frame.py", line 590, in fill
    await self._fill(**locals_to_params(locals()))
  File "C:\Users\Давыдов Александр\Desktop\REPO\!JIRA_new\env\Lib\site-packages\playwright\_impl\_frame.py", line 602, in _fill
    await self._channel.send("fill", self._timeout, locals_to_params(locals()))
  File "C:\Users\Давыдов Александр\Desktop\REPO\!JIRA_new\env\Lib\site-packages\playwright\_impl\_connection.py", line 69, in send
    return await self._connection.wrap_api_call(
           ^^^^^^^^^^^^^^^^^^^^^^^^^^^^^^^^^^^^^
    ...<3 lines>...
    )
    ^
  File "C:\Users\Давыдов Александр\Desktop\REPO\!JIRA_new\env\Lib\site-packages\playwright\_impl\_connection.py", line 558, in wrap_api_call
    raise rewrite_error(error, f"{parsed_st['apiName']}: {error}") from None
playwright._impl._errors.Error: Locator.fill: Error: Malformed value
Call log:
  - waiting for locator("#issue_custom_field_values_2")
    - locator resolved to <input value="" size="10" type="date" class="date_cf date" id="issue_custom_field_values_2" name="issue[custom_field_values][2]"/>
    - fill("28.09.26")
  - attempting fill action
    - waiting for element to be visible, enabled and editable

2026-09-08 16:55:38,494 | ERROR | Пропущено целевое поле Срок_Исполнения → #issue_custom_field_values_2
Traceback (most recent call last):
  File "C:\Users\Давыдов Александр\Desktop\REPO\!JIRA_new\migration_gui.py", line 275, in execute_migration_process
    fill_mapped_fields(page, [(field, value)])
    ~~~~~~~~~~~~~~~~~~^^^^^^^^^^^^^^^^^^^^^^^^
  File "C:\Users\Давыдов Александр\Desktop\REPO\!JIRA_new\field_picker.py", line 229, in fill_mapped_fields
    locator.fill(value)
    ~~~~~~~~~~~~^^^^^^^
  File "C:\Users\Давыдов Александр\Desktop\REPO\!JIRA_new\env\Lib\site-packages\playwright\sync_api\_generated.py", line 15889, in fill
    self._sync(
    ~~~~~~~~~~^
        self._impl_obj.fill(
        ^^^^^^^^^^^^^^^^^^^^
            value=value, timeout=timeout, noWaitAfter=no_wait_after, force=force
            ^^^^^^^^^^^^^^^^^^^^^^^^^^^^^^^^^^^^^^^^^^^^^^^^^^^^^^^^^^^^^^^^^^^^
        )
        ^
    )
    ^
  File "C:\Users\Давыдов Александр\Desktop\REPO\!JIRA_new\env\Lib\site-packages\playwright\_impl\_sync_base.py", line 115, in _sync
    return task.result()
           ~~~~~~~~~~~^^
  File "C:\Users\Давыдов Александр\Desktop\REPO\!JIRA_new\env\Lib\site-packages\playwright\_impl\_locator.py", line 212, in fill
    return await self._frame.fill(self._selector, strict=True, **params)
           ^^^^^^^^^^^^^^^^^^^^^^^^^^^^^^^^^^^^^^^^^^^^^^^^^^^^^^^^^^^^^
  File "C:\Users\Давыдов Александр\Desktop\REPO\!JIRA_new\env\Lib\site-packages\playwright\_impl\_frame.py", line 590, in fill
    await self._fill(**locals_to_params(locals()))
  File "C:\Users\Давыдов Александр\Desktop\REPO\!JIRA_new\env\Lib\site-packages\playwright\_impl\_frame.py", line 602, in _fill
    await self._channel.send("fill", self._timeout, locals_to_params(locals()))
  File "C:\Users\Давыдов Александр\Desktop\REPO\!JIRA_new\env\Lib\site-packages\playwright\_impl\_connection.py", line 69, in send
    return await self._connection.wrap_api_call(
           ^^^^^^^^^^^^^^^^^^^^^^^^^^^^^^^^^^^^^
    ...<3 lines>...
    )
    ^
  File "C:\Users\Давыдов Александр\Desktop\REPO\!JIRA_new\env\Lib\site-packages\playwright\_impl\_connection.py", line 558, in wrap_api_call
    raise rewrite_error(error, f"{parsed_st['apiName']}: {error}") from None
playwright._impl._errors.Error: Locator.fill: Error: Malformed value
Call log:
  - waiting for locator("#issue_custom_field_values_2")
    - locator resolved to <input value="" size="10" type="date" class="date_cf date" id="issue_custom_field_values_2" name="issue[custom_field_values][2]"/>
    - fill("28.09.26")
  - attempting fill action
    - waiting for element to be visible, enabled and editable

2026-09-08 16:55:47,010 | ERROR | Пропущено целевое поле Срок_Исполнения → #issue_custom_field_values_2
Traceback (most recent call last):
  File "C:\Users\Давыдов Александр\Desktop\REPO\!JIRA_new\migration_gui.py", line 275, in execute_migration_process
    fill_mapped_fields(page, [(field, value)])
    ~~~~~~~~~~~~~~~~~~^^^^^^^^^^^^^^^^^^^^^^^^
  File "C:\Users\Давыдов Александр\Desktop\REPO\!JIRA_new\field_picker.py", line 229, in fill_mapped_fields
    locator.fill(value)
    ~~~~~~~~~~~~^^^^^^^
  File "C:\Users\Давыдов Александр\Desktop\REPO\!JIRA_new\env\Lib\site-packages\playwright\sync_api\_generated.py", line 15889, in fill
    self._sync(
    ~~~~~~~~~~^
        self._impl_obj.fill(
        ^^^^^^^^^^^^^^^^^^^^
            value=value, timeout=timeout, noWaitAfter=no_wait_after, force=force
            ^^^^^^^^^^^^^^^^^^^^^^^^^^^^^^^^^^^^^^^^^^^^^^^^^^^^^^^^^^^^^^^^^^^^
        )
        ^
    )
    ^
  File "C:\Users\Давыдов Александр\Desktop\REPO\!JIRA_new\env\Lib\site-packages\playwright\_impl\_sync_base.py", line 115, in _sync
    return task.result()
           ~~~~~~~~~~~^^
  File "C:\Users\Давыдов Александр\Desktop\REPO\!JIRA_new\env\Lib\site-packages\playwright\_impl\_locator.py", line 212, in fill
    return await self._frame.fill(self._selector, strict=True, **params)
           ^^^^^^^^^^^^^^^^^^^^^^^^^^^^^^^^^^^^^^^^^^^^^^^^^^^^^^^^^^^^^
  File "C:\Users\Давыдов Александр\Desktop\REPO\!JIRA_new\env\Lib\site-packages\playwright\_impl\_frame.py", line 590, in fill
    await self._fill(**locals_to_params(locals()))
  File "C:\Users\Давыдов Александр\Desktop\REPO\!JIRA_new\env\Lib\site-packages\playwright\_impl\_frame.py", line 602, in _fill
    await self._channel.send("fill", self._timeout, locals_to_params(locals()))
  File "C:\Users\Давыдов Александр\Desktop\REPO\!JIRA_new\env\Lib\site-packages\playwright\_impl\_connection.py", line 69, in send
    return await self._connection.wrap_api_call(
           ^^^^^^^^^^^^^^^^^^^^^^^^^^^^^^^^^^^^^
    ...<3 lines>...
    )
    ^
  File "C:\Users\Давыдов Александр\Desktop\REPO\!JIRA_new\env\Lib\site-packages\playwright\_impl\_connection.py", line 558, in wrap_api_call
    raise rewrite_error(error, f"{parsed_st['apiName']}: {error}") from None
playwright._impl._errors.Error: Locator.fill: Error: Malformed value
Call log:
  - waiting for locator("#issue_custom_field_values_2")
    - locator resolved to <input value="" size="10" type="date" class="date_cf date" id="issue_custom_field_values_2" name="issue[custom_field_values][2]"/>
    - fill("28.09.26")
  - attempting fill action
    - waiting for element to be visible, enabled and editable

2026-09-08 16:57:25,276 | ERROR | Ошибка миграции: задача=KISEMIAS2019-21625 система=redmine проект=КИС ЕМИАС (KIS)
Traceback (most recent call last):
  File "C:\Users\Давыдов Александр\Desktop\REPO\!JIRA_new\migration_gui.py", line 231, in execute_migration_process
    source_page.open_issue(prefix, task_id)
    ~~~~~~~~~~~~~~~~~~~~~~^^^^^^^^^^^^^^^^^
  File "C:\Users\Давыдов Александр\Desktop\REPO\!JIRA_new\jrf.py", line 94, in open_issue
    self.page.locator(SJ['summary']).wait_for(state='visible', timeout=30_000)
    ~~~~~~~~~~~~~~~~~~~~~~~~~~~~~~~~~~~~~~~~~^^^^^^^^^^^^^^^^^^^^^^^^^^^^^^^^^
  File "C:\Users\Давыдов Александр\Desktop\REPO\!JIRA_new\env\Lib\site-packages\playwright\sync_api\_generated.py", line 17975, in wait_for
    self._sync(self._impl_obj.wait_for(timeout=timeout, state=state))
    ~~~~~~~~~~^^^^^^^^^^^^^^^^^^^^^^^^^^^^^^^^^^^^^^^^^^^^^^^^^^^^^^^
  File "C:\Users\Давыдов Александр\Desktop\REPO\!JIRA_new\env\Lib\site-packages\playwright\_impl\_sync_base.py", line 115, in _sync
    return task.result()
           ~~~~~~~~~~~^^
  File "C:\Users\Давыдов Александр\Desktop\REPO\!JIRA_new\env\Lib\site-packages\playwright\_impl\_locator.py", line 692, in wait_for
    await self._frame.wait_for_selector(
        self._selector, strict=True, timeout=timeout, state=state
    )
  File "C:\Users\Давыдов Александр\Desktop\REPO\!JIRA_new\env\Lib\site-packages\playwright\_impl\_frame.py", line 369, in wait_for_selector
    await self._channel.send(
        "waitForSelector", self._timeout, locals_to_params(locals())
    )
  File "C:\Users\Давыдов Александр\Desktop\REPO\!JIRA_new\env\Lib\site-packages\playwright\_impl\_connection.py", line 69, in send
    return await self._connection.wrap_api_call(
           ^^^^^^^^^^^^^^^^^^^^^^^^^^^^^^^^^^^^^
    ...<3 lines>...
    )
    ^
  File "C:\Users\Давыдов Александр\Desktop\REPO\!JIRA_new\env\Lib\site-packages\playwright\_impl\_connection.py", line 558, in wrap_api_call
    raise rewrite_error(error, f"{parsed_st['apiName']}: {error}") from None
playwright._impl._errors.TargetClosedError: Locator.wait_for: Target page, context or browser has been closed
Call log:
  - waiting for locator("#summary-val") to be visible

2026-09-08 16:57:35,626 | ERROR | Ошибка миграции: задача=KISEMIAS2019-21625 система=jira проект=КИС ЕМИАС (KIS)
Traceback (most recent call last):
  File "C:\Users\Давыдов Александр\Desktop\REPO\!JIRA_new\migration_gui.py", line 231, in execute_migration_process
    source_page.open_issue(prefix, task_id)
    ~~~~~~~~~~~~~~~~~~~~~~^^^^^^^^^^^^^^^^^
  File "C:\Users\Давыдов Александр\Desktop\REPO\!JIRA_new\jrf.py", line 92, in open_issue
    self.page.goto(url, wait_until='domcontentloaded')
    ~~~~~~~~~~~~~~^^^^^^^^^^^^^^^^^^^^^^^^^^^^^^^^^^^^
  File "C:\Users\Давыдов Александр\Desktop\REPO\!JIRA_new\env\Lib\site-packages\playwright\sync_api\_generated.py", line 9019, in goto
    self._sync(
    ~~~~~~~~~~^
        self._impl_obj.goto(
        ^^^^^^^^^^^^^^^^^^^^
            url=url, timeout=timeout, waitUntil=wait_until, referer=referer
            ^^^^^^^^^^^^^^^^^^^^^^^^^^^^^^^^^^^^^^^^^^^^^^^^^^^^^^^^^^^^^^^
        )
        ^
    )
    ^
  File "C:\Users\Давыдов Александр\Desktop\REPO\!JIRA_new\env\Lib\site-packages\playwright\_impl\_sync_base.py", line 115, in _sync
    return task.result()
           ~~~~~~~~~~~^^
  File "C:\Users\Давыдов Александр\Desktop\REPO\!JIRA_new\env\Lib\site-packages\playwright\_impl\_page.py", line 556, in goto
    return await self._main_frame.goto(**locals_to_params(locals()))
           ^^^^^^^^^^^^^^^^^^^^^^^^^^^^^^^^^^^^^^^^^^^^^^^^^^^^^^^^^
  File "C:\Users\Давыдов Александр\Desktop\REPO\!JIRA_new\env\Lib\site-packages\playwright\_impl\_frame.py", line 153, in goto
    await self._channel.send(
        "goto", self._navigation_timeout, locals_to_params(locals())
    )
  File "C:\Users\Давыдов Александр\Desktop\REPO\!JIRA_new\env\Lib\site-packages\playwright\_impl\_connection.py", line 69, in send
    return await self._connection.wrap_api_call(
           ^^^^^^^^^^^^^^^^^^^^^^^^^^^^^^^^^^^^^
    ...<3 lines>...
    )
    ^
  File "C:\Users\Давыдов Александр\Desktop\REPO\!JIRA_new\env\Lib\site-packages\playwright\_impl\_connection.py", line 558, in wrap_api_call
    raise rewrite_error(error, f"{parsed_st['apiName']}: {error}") from None
playwright._impl._errors.TargetClosedError: Page.goto: Target page, context or browser has been closed
Call log:
  - navigating to "https://jira.mos.social/browse/KISEMIAS2019-21625", waiting until "domcontentloaded"

2026-09-08 16:57:53,564 | ERROR | Ошибка миграции: задача=KISEMIAS2019-21625 система=redmine проект=КИС ЕМИАС (KIS)
Traceback (most recent call last):
  File "C:\Users\Давыдов Александр\Desktop\REPO\!JIRA_new\migration_gui.py", line 231, in execute_migration_process
    source_page.open_issue(prefix, task_id)
    ~~~~~~~~~~~~~~~~~~~~~~^^^^^^^^^^^^^^^^^
  File "C:\Users\Давыдов Александр\Desktop\REPO\!JIRA_new\jrf.py", line 94, in open_issue
    self.page.locator(SJ['summary']).wait_for(state='visible', timeout=30_000)
    ~~~~~~~~~~~~~~~~~~~~~~~~~~~~~~~~~~~~~~~~~^^^^^^^^^^^^^^^^^^^^^^^^^^^^^^^^^
  File "C:\Users\Давыдов Александр\Desktop\REPO\!JIRA_new\env\Lib\site-packages\playwright\sync_api\_generated.py", line 17975, in wait_for
    self._sync(self._impl_obj.wait_for(timeout=timeout, state=state))
    ~~~~~~~~~~^^^^^^^^^^^^^^^^^^^^^^^^^^^^^^^^^^^^^^^^^^^^^^^^^^^^^^^
  File "C:\Users\Давыдов Александр\Desktop\REPO\!JIRA_new\env\Lib\site-packages\playwright\_impl\_sync_base.py", line 115, in _sync
    return task.result()
           ~~~~~~~~~~~^^
  File "C:\Users\Давыдов Александр\Desktop\REPO\!JIRA_new\env\Lib\site-packages\playwright\_impl\_locator.py", line 692, in wait_for
    await self._frame.wait_for_selector(
        self._selector, strict=True, timeout=timeout, state=state
    )
  File "C:\Users\Давыдов Александр\Desktop\REPO\!JIRA_new\env\Lib\site-packages\playwright\_impl\_frame.py", line 369, in wait_for_selector
    await self._channel.send(
        "waitForSelector", self._timeout, locals_to_params(locals())
    )
  File "C:\Users\Давыдов Александр\Desktop\REPO\!JIRA_new\env\Lib\site-packages\playwright\_impl\_connection.py", line 69, in send
    return await self._connection.wrap_api_call(
           ^^^^^^^^^^^^^^^^^^^^^^^^^^^^^^^^^^^^^
    ...<3 lines>...
    )
    ^
  File "C:\Users\Давыдов Александр\Desktop\REPO\!JIRA_new\env\Lib\site-packages\playwright\_impl\_connection.py", line 558, in wrap_api_call
    raise rewrite_error(error, f"{parsed_st['apiName']}: {error}") from None
playwright._impl._errors.TargetClosedError: Locator.wait_for: Target page, context or browser has been closed
Call log:
  - waiting for locator("#summary-val") to be visible

2026-09-08 16:58:06,247 | ERROR | Пропущено целевое поле Срок_Исполнения → #issue_custom_field_values_2
Traceback (most recent call last):
  File "C:\Users\Давыдов Александр\Desktop\REPO\!JIRA_new\migration_gui.py", line 275, in execute_migration_process
    fill_mapped_fields(page, [(field, value)])
    ~~~~~~~~~~~~~~~~~~^^^^^^^^^^^^^^^^^^^^^^^^
  File "C:\Users\Давыдов Александр\Desktop\REPO\!JIRA_new\field_picker.py", line 229, in fill_mapped_fields
    locator.fill(value)
    ~~~~~~~~~~~~^^^^^^^
  File "C:\Users\Давыдов Александр\Desktop\REPO\!JIRA_new\env\Lib\site-packages\playwright\sync_api\_generated.py", line 15889, in fill
    self._sync(
    ~~~~~~~~~~^
        self._impl_obj.fill(
        ^^^^^^^^^^^^^^^^^^^^
            value=value, timeout=timeout, noWaitAfter=no_wait_after, force=force
            ^^^^^^^^^^^^^^^^^^^^^^^^^^^^^^^^^^^^^^^^^^^^^^^^^^^^^^^^^^^^^^^^^^^^
        )
        ^
    )
    ^
  File "C:\Users\Давыдов Александр\Desktop\REPO\!JIRA_new\env\Lib\site-packages\playwright\_impl\_sync_base.py", line 115, in _sync
    return task.result()
           ~~~~~~~~~~~^^
  File "C:\Users\Давыдов Александр\Desktop\REPO\!JIRA_new\env\Lib\site-packages\playwright\_impl\_locator.py", line 212, in fill
    return await self._frame.fill(self._selector, strict=True, **params)
           ^^^^^^^^^^^^^^^^^^^^^^^^^^^^^^^^^^^^^^^^^^^^^^^^^^^^^^^^^^^^^
  File "C:\Users\Давыдов Александр\Desktop\REPO\!JIRA_new\env\Lib\site-packages\playwright\_impl\_frame.py", line 590, in fill
    await self._fill(**locals_to_params(locals()))
  File "C:\Users\Давыдов Александр\Desktop\REPO\!JIRA_new\env\Lib\site-packages\playwright\_impl\_frame.py", line 602, in _fill
    await self._channel.send("fill", self._timeout, locals_to_params(locals()))
  File "C:\Users\Давыдов Александр\Desktop\REPO\!JIRA_new\env\Lib\site-packages\playwright\_impl\_connection.py", line 69, in send
    return await self._connection.wrap_api_call(
           ^^^^^^^^^^^^^^^^^^^^^^^^^^^^^^^^^^^^^
    ...<3 lines>...
    )
    ^
  File "C:\Users\Давыдов Александр\Desktop\REPO\!JIRA_new\env\Lib\site-packages\playwright\_impl\_connection.py", line 558, in wrap_api_call
    raise rewrite_error(error, f"{parsed_st['apiName']}: {error}") from None
playwright._impl._errors.Error: Locator.fill: Error: Malformed value
Call log:
  - waiting for locator("#issue_custom_field_values_2")
    - locator resolved to <input value="" size="10" type="date" class="date_cf date" id="issue_custom_field_values_2" name="issue[custom_field_values][2]"/>
    - fill("28.09.26")
  - attempting fill action
    - waiting for element to be visible, enabled and editable

2026-09-08 16:58:13,591 | ERROR | Пропущено целевое поле Срок_Исполнения → #issue_custom_field_values_2
Traceback (most recent call last):
  File "C:\Users\Давыдов Александр\Desktop\REPO\!JIRA_new\migration_gui.py", line 275, in execute_migration_process
    fill_mapped_fields(page, [(field, value)])
    ~~~~~~~~~~~~~~~~~~^^^^^^^^^^^^^^^^^^^^^^^^
  File "C:\Users\Давыдов Александр\Desktop\REPO\!JIRA_new\field_picker.py", line 229, in fill_mapped_fields
    locator.fill(value)
    ~~~~~~~~~~~~^^^^^^^
  File "C:\Users\Давыдов Александр\Desktop\REPO\!JIRA_new\env\Lib\site-packages\playwright\sync_api\_generated.py", line 15889, in fill
    self._sync(
    ~~~~~~~~~~^
        self._impl_obj.fill(
        ^^^^^^^^^^^^^^^^^^^^
            value=value, timeout=timeout, noWaitAfter=no_wait_after, force=force
            ^^^^^^^^^^^^^^^^^^^^^^^^^^^^^^^^^^^^^^^^^^^^^^^^^^^^^^^^^^^^^^^^^^^^
        )
        ^
    )
    ^
  File "C:\Users\Давыдов Александр\Desktop\REPO\!JIRA_new\env\Lib\site-packages\playwright\_impl\_sync_base.py", line 115, in _sync
    return task.result()
           ~~~~~~~~~~~^^
  File "C:\Users\Давыдов Александр\Desktop\REPO\!JIRA_new\env\Lib\site-packages\playwright\_impl\_locator.py", line 212, in fill
    return await self._frame.fill(self._selector, strict=True, **params)
           ^^^^^^^^^^^^^^^^^^^^^^^^^^^^^^^^^^^^^^^^^^^^^^^^^^^^^^^^^^^^^
  File "C:\Users\Давыдов Александр\Desktop\REPO\!JIRA_new\env\Lib\site-packages\playwright\_impl\_frame.py", line 590, in fill
    await self._fill(**locals_to_params(locals()))
  File "C:\Users\Давыдов Александр\Desktop\REPO\!JIRA_new\env\Lib\site-packages\playwright\_impl\_frame.py", line 602, in _fill
    await self._channel.send("fill", self._timeout, locals_to_params(locals()))
  File "C:\Users\Давыдов Александр\Desktop\REPO\!JIRA_new\env\Lib\site-packages\playwright\_impl\_connection.py", line 69, in send
    return await self._connection.wrap_api_call(
           ^^^^^^^^^^^^^^^^^^^^^^^^^^^^^^^^^^^^^
    ...<3 lines>...
    )
    ^
  File "C:\Users\Давыдов Александр\Desktop\REPO\!JIRA_new\env\Lib\site-packages\playwright\_impl\_connection.py", line 558, in wrap_api_call
    raise rewrite_error(error, f"{parsed_st['apiName']}: {error}") from None
playwright._impl._errors.Error: Locator.fill: Error: Malformed value
Call log:
  - waiting for locator("#issue_custom_field_values_2")
    - locator resolved to <input value="" size="10" type="date" class="date_cf date" id="issue_custom_field_values_2" name="issue[custom_field_values][2]"/>
    - fill("28.09.26")
  - attempting fill action
    - waiting for element to be visible, enabled and editable

2026-09-09 12:01:14,827 | ERROR | Пропущено целевое поле Приоритет → #priority-field
Traceback (most recent call last):
  File "C:\Users\Давыдов Александр\Desktop\REPO\!JIRA_new\migration_gui.py", line 276, in execute_migration_process
    fill_mapped_fields(page, [(field, value)])
    ~~~~~~~~~~~~~~~~~~^^^^^^^^^^^^^^^^^^^^^^^^
  File "C:\Users\Давыдов Александр\Desktop\REPO\!JIRA_new\field_picker.py", line 222, in fill_mapped_fields
    page.get_by_role('option', name=value, exact=True).filter(visible=True).first.click(timeout=3000)
    ~~~~~~~~~~~~~~~~~~~~~~~~~~~~~~~~~~~~~~~~~~~~~~~~~~~~~~~~~~~~~~~~~~~~~~~~~~~~~~~~~~~^^^^^^^^^^^^^^
  File "C:\Users\Давыдов Александр\Desktop\REPO\!JIRA_new\env\Lib\site-packages\playwright\sync_api\_generated.py", line 15543, in click
    self._sync(
    ~~~~~~~~~~^
        self._impl_obj.click(
        ^^^^^^^^^^^^^^^^^^^^^
    ...<9 lines>...
        )
        ^
    )
    ^
  File "C:\Users\Давыдов Александр\Desktop\REPO\!JIRA_new\env\Lib\site-packages\playwright\_impl\_sync_base.py", line 115, in _sync
    return task.result()
           ~~~~~~~~~~~^^
  File "C:\Users\Давыдов Александр\Desktop\REPO\!JIRA_new\env\Lib\site-packages\playwright\_impl\_locator.py", line 160, in click
    return await self._frame.click(self._selector, strict=True, **params)
           ^^^^^^^^^^^^^^^^^^^^^^^^^^^^^^^^^^^^^^^^^^^^^^^^^^^^^^^^^^^^^^
  File "C:\Users\Давыдов Александр\Desktop\REPO\!JIRA_new\env\Lib\site-packages\playwright\_impl\_frame.py", line 549, in click
    await self._channel.send("click", self._timeout, locals_to_params(locals()))
  File "C:\Users\Давыдов Александр\Desktop\REPO\!JIRA_new\env\Lib\site-packages\playwright\_impl\_connection.py", line 69, in send
    return await self._connection.wrap_api_call(
           ^^^^^^^^^^^^^^^^^^^^^^^^^^^^^^^^^^^^^
    ...<3 lines>...
    )
    ^
  File "C:\Users\Давыдов Александр\Desktop\REPO\!JIRA_new\env\Lib\site-packages\playwright\_impl\_connection.py", line 558, in wrap_api_call
    raise rewrite_error(error, f"{parsed_st['apiName']}: {error}") from None
playwright._impl._errors.TimeoutError: Locator.click: Timeout 3000ms exceeded.
Call log:
  - waiting for get_by_role("option", name="Критический", exact=True).filter(visible=True).first

2026-09-09 12:01:17,887 | ERROR | Пропущено целевое поле Метки → #labels-textarea
Traceback (most recent call last):
  File "C:\Users\Давыдов Александр\Desktop\REPO\!JIRA_new\migration_gui.py", line 276, in execute_migration_process
    fill_mapped_fields(page, [(field, value)])
    ~~~~~~~~~~~~~~~~~~^^^^^^^^^^^^^^^^^^^^^^^^
  File "C:\Users\Давыдов Александр\Desktop\REPO\!JIRA_new\field_picker.py", line 222, in fill_mapped_fields
    page.get_by_role('option', name=value, exact=True).filter(visible=True).first.click(timeout=3000)
    ~~~~~~~~~~~~~~~~~~~~~~~~~~~~~~~~~~~~~~~~~~~~~~~~~~~~~~~~~~~~~~~~~~~~~~~~~~~~~~~~~~~^^^^^^^^^^^^^^
  File "C:\Users\Давыдов Александр\Desktop\REPO\!JIRA_new\env\Lib\site-packages\playwright\sync_api\_generated.py", line 15543, in click
    self._sync(
    ~~~~~~~~~~^
        self._impl_obj.click(
        ^^^^^^^^^^^^^^^^^^^^^
    ...<9 lines>...
        )
        ^
    )
    ^
  File "C:\Users\Давыдов Александр\Desktop\REPO\!JIRA_new\env\Lib\site-packages\playwright\_impl\_sync_base.py", line 115, in _sync
    return task.result()
           ~~~~~~~~~~~^^
  File "C:\Users\Давыдов Александр\Desktop\REPO\!JIRA_new\env\Lib\site-packages\playwright\_impl\_locator.py", line 160, in click
    return await self._frame.click(self._selector, strict=True, **params)
           ^^^^^^^^^^^^^^^^^^^^^^^^^^^^^^^^^^^^^^^^^^^^^^^^^^^^^^^^^^^^^^
  File "C:\Users\Давыдов Александр\Desktop\REPO\!JIRA_new\env\Lib\site-packages\playwright\_impl\_frame.py", line 549, in click
    await self._channel.send("click", self._timeout, locals_to_params(locals()))
  File "C:\Users\Давыдов Александр\Desktop\REPO\!JIRA_new\env\Lib\site-packages\playwright\_impl\_connection.py", line 69, in send
    return await self._connection.wrap_api_call(
           ^^^^^^^^^^^^^^^^^^^^^^^^^^^^^^^^^^^^^
    ...<3 lines>...
    )
    ^
  File "C:\Users\Давыдов Александр\Desktop\REPO\!JIRA_new\env\Lib\site-packages\playwright\_impl\_connection.py", line 558, in wrap_api_call
    raise rewrite_error(error, f"{parsed_st['apiName']}: {error}") from None
playwright._impl._errors.TimeoutError: Locator.click: Timeout 3000ms exceeded.
Call log:
  - waiting for get_by_role("option", name="Метки:\nКИС_КРИТИЧЕСКИЙ_ПУТЬ ОТ ПМУ", exact=True).filter(visible=True).first

2026-09-09 12:01:20,944 | ERROR | Пропущено целевое поле Исправить_в_версиях → #fixVersions-textarea
Traceback (most recent call last):
  File "C:\Users\Давыдов Александр\Desktop\REPO\!JIRA_new\migration_gui.py", line 276, in execute_migration_process
    fill_mapped_fields(page, [(field, value)])
    ~~~~~~~~~~~~~~~~~~^^^^^^^^^^^^^^^^^^^^^^^^
  File "C:\Users\Давыдов Александр\Desktop\REPO\!JIRA_new\field_picker.py", line 222, in fill_mapped_fields
    page.get_by_role('option', name=value, exact=True).filter(visible=True).first.click(timeout=3000)
    ~~~~~~~~~~~~~~~~~~~~~~~~~~~~~~~~~~~~~~~~~~~~~~~~~~~~~~~~~~~~~~~~~~~~~~~~~~~~~~~~~~~^^^^^^^^^^^^^^
  File "C:\Users\Давыдов Александр\Desktop\REPO\!JIRA_new\env\Lib\site-packages\playwright\sync_api\_generated.py", line 15543, in click
    self._sync(
    ~~~~~~~~~~^
        self._impl_obj.click(
        ^^^^^^^^^^^^^^^^^^^^^
    ...<9 lines>...
        )
        ^
    )
    ^
  File "C:\Users\Давыдов Александр\Desktop\REPO\!JIRA_new\env\Lib\site-packages\playwright\_impl\_sync_base.py", line 115, in _sync
    return task.result()
           ~~~~~~~~~~~^^
  File "C:\Users\Давыдов Александр\Desktop\REPO\!JIRA_new\env\Lib\site-packages\playwright\_impl\_locator.py", line 160, in click
    return await self._frame.click(self._selector, strict=True, **params)
           ^^^^^^^^^^^^^^^^^^^^^^^^^^^^^^^^^^^^^^^^^^^^^^^^^^^^^^^^^^^^^^
  File "C:\Users\Давыдов Александр\Desktop\REPO\!JIRA_new\env\Lib\site-packages\playwright\_impl\_frame.py", line 549, in click
    await self._channel.send("click", self._timeout, locals_to_params(locals()))
  File "C:\Users\Давыдов Александр\Desktop\REPO\!JIRA_new\env\Lib\site-packages\playwright\_impl\_connection.py", line 69, in send
    return await self._connection.wrap_api_call(
           ^^^^^^^^^^^^^^^^^^^^^^^^^^^^^^^^^^^^^
    ...<3 lines>...
    )
    ^
  File "C:\Users\Давыдов Александр\Desktop\REPO\!JIRA_new\env\Lib\site-packages\playwright\_impl\_connection.py", line 558, in wrap_api_call
    raise rewrite_error(error, f"{parsed_st['apiName']}: {error}") from None
playwright._impl._errors.TimeoutError: Locator.click: Timeout 3000ms exceeded.
Call log:
  - waiting for get_by_role("option", name="Не заполнено", exact=True).filter(visible=True).first

2026-09-09 12:04:02,525 | ERROR | Пропущено целевое поле Приоритет → #priority-field
Traceback (most recent call last):
  File "C:\Users\Давыдов Александр\Desktop\REPO\!JIRA_new\migration_gui.py", line 287, in execute_migration_process
    fill_mapped_fields(page, [(field, value)])
    ~~~~~~~~~~~~~~~~~~^^^^^^^^^^^^^^^^^^^^^^^^
  File "C:\Users\Давыдов Александр\Desktop\REPO\!JIRA_new\field_picker.py", line 232, in fill_mapped_fields
    page.get_by_role('option', name=value, exact=True).filter(visible=True).first.click(timeout=3000)
    ~~~~~~~~~~~~~~~~~~~~~~~~~~~~~~~~~~~~~~~~~~~~~~~~~~~~~~~~~~~~~~~~~~~~~~~~~~~~~~~~~~~^^^^^^^^^^^^^^
  File "C:\Users\Давыдов Александр\Desktop\REPO\!JIRA_new\env\Lib\site-packages\playwright\sync_api\_generated.py", line 15543, in click
    self._sync(
    ~~~~~~~~~~^
        self._impl_obj.click(
        ^^^^^^^^^^^^^^^^^^^^^
    ...<9 lines>...
        )
        ^
    )
    ^
  File "C:\Users\Давыдов Александр\Desktop\REPO\!JIRA_new\env\Lib\site-packages\playwright\_impl\_sync_base.py", line 115, in _sync
    return task.result()
           ~~~~~~~~~~~^^
  File "C:\Users\Давыдов Александр\Desktop\REPO\!JIRA_new\env\Lib\site-packages\playwright\_impl\_locator.py", line 160, in click
    return await self._frame.click(self._selector, strict=True, **params)
           ^^^^^^^^^^^^^^^^^^^^^^^^^^^^^^^^^^^^^^^^^^^^^^^^^^^^^^^^^^^^^^
  File "C:\Users\Давыдов Александр\Desktop\REPO\!JIRA_new\env\Lib\site-packages\playwright\_impl\_frame.py", line 549, in click
    await self._channel.send("click", self._timeout, locals_to_params(locals()))
  File "C:\Users\Давыдов Александр\Desktop\REPO\!JIRA_new\env\Lib\site-packages\playwright\_impl\_connection.py", line 69, in send
    return await self._connection.wrap_api_call(
           ^^^^^^^^^^^^^^^^^^^^^^^^^^^^^^^^^^^^^
    ...<3 lines>...
    )
    ^
  File "C:\Users\Давыдов Александр\Desktop\REPO\!JIRA_new\env\Lib\site-packages\playwright\_impl\_connection.py", line 558, in wrap_api_call
    raise rewrite_error(error, f"{parsed_st['apiName']}: {error}") from None
playwright._impl._errors.TimeoutError: Locator.click: Timeout 3000ms exceeded.
Call log:
  - waiting for get_by_role("option", name="Критический", exact=True).filter(visible=True).first

2026-09-09 12:04:05,603 | ERROR | Пропущено целевое поле Метки → #labels-textarea
Traceback (most recent call last):
  File "C:\Users\Давыдов Александр\Desktop\REPO\!JIRA_new\migration_gui.py", line 287, in execute_migration_process
    fill_mapped_fields(page, [(field, value)])
    ~~~~~~~~~~~~~~~~~~^^^^^^^^^^^^^^^^^^^^^^^^
  File "C:\Users\Давыдов Александр\Desktop\REPO\!JIRA_new\field_picker.py", line 232, in fill_mapped_fields
    page.get_by_role('option', name=value, exact=True).filter(visible=True).first.click(timeout=3000)
    ~~~~~~~~~~~~~~~~~~~~~~~~~~~~~~~~~~~~~~~~~~~~~~~~~~~~~~~~~~~~~~~~~~~~~~~~~~~~~~~~~~~^^^^^^^^^^^^^^
  File "C:\Users\Давыдов Александр\Desktop\REPO\!JIRA_new\env\Lib\site-packages\playwright\sync_api\_generated.py", line 15543, in click
    self._sync(
    ~~~~~~~~~~^
        self._impl_obj.click(
        ^^^^^^^^^^^^^^^^^^^^^
    ...<9 lines>...
        )
        ^
    )
    ^
  File "C:\Users\Давыдов Александр\Desktop\REPO\!JIRA_new\env\Lib\site-packages\playwright\_impl\_sync_base.py", line 115, in _sync
    return task.result()
           ~~~~~~~~~~~^^
  File "C:\Users\Давыдов Александр\Desktop\REPO\!JIRA_new\env\Lib\site-packages\playwright\_impl\_locator.py", line 160, in click
    return await self._frame.click(self._selector, strict=True, **params)
           ^^^^^^^^^^^^^^^^^^^^^^^^^^^^^^^^^^^^^^^^^^^^^^^^^^^^^^^^^^^^^^
  File "C:\Users\Давыдов Александр\Desktop\REPO\!JIRA_new\env\Lib\site-packages\playwright\_impl\_frame.py", line 549, in click
    await self._channel.send("click", self._timeout, locals_to_params(locals()))
  File "C:\Users\Давыдов Александр\Desktop\REPO\!JIRA_new\env\Lib\site-packages\playwright\_impl\_connection.py", line 69, in send
    return await self._connection.wrap_api_call(
           ^^^^^^^^^^^^^^^^^^^^^^^^^^^^^^^^^^^^^
    ...<3 lines>...
    )
    ^
  File "C:\Users\Давыдов Александр\Desktop\REPO\!JIRA_new\env\Lib\site-packages\playwright\_impl\_connection.py", line 558, in wrap_api_call
    raise rewrite_error(error, f"{parsed_st['apiName']}: {error}") from None
playwright._impl._errors.TimeoutError: Locator.click: Timeout 3000ms exceeded.
Call log:
  - waiting for get_by_role("option", name="Метки:\nКИС_КРИТИЧЕСКИЙ_ПУТЬ ОТ ПМУ", exact=True).filter(visible=True).first

2026-09-09 12:04:08,675 | ERROR | Пропущено целевое поле Исправить_в_версиях → #fixVersions-textarea
Traceback (most recent call last):
  File "C:\Users\Давыдов Александр\Desktop\REPO\!JIRA_new\migration_gui.py", line 287, in execute_migration_process
    fill_mapped_fields(page, [(field, value)])
    ~~~~~~~~~~~~~~~~~~^^^^^^^^^^^^^^^^^^^^^^^^
  File "C:\Users\Давыдов Александр\Desktop\REPO\!JIRA_new\field_picker.py", line 232, in fill_mapped_fields
    page.get_by_role('option', name=value, exact=True).filter(visible=True).first.click(timeout=3000)
    ~~~~~~~~~~~~~~~~~~~~~~~~~~~~~~~~~~~~~~~~~~~~~~~~~~~~~~~~~~~~~~~~~~~~~~~~~~~~~~~~~~~^^^^^^^^^^^^^^
  File "C:\Users\Давыдов Александр\Desktop\REPO\!JIRA_new\env\Lib\site-packages\playwright\sync_api\_generated.py", line 15543, in click
    self._sync(
    ~~~~~~~~~~^
        self._impl_obj.click(
        ^^^^^^^^^^^^^^^^^^^^^
    ...<9 lines>...
        )
        ^
    )
    ^
  File "C:\Users\Давыдов Александр\Desktop\REPO\!JIRA_new\env\Lib\site-packages\playwright\_impl\_sync_base.py", line 115, in _sync
    return task.result()
           ~~~~~~~~~~~^^
  File "C:\Users\Давыдов Александр\Desktop\REPO\!JIRA_new\env\Lib\site-packages\playwright\_impl\_locator.py", line 160, in click
    return await self._frame.click(self._selector, strict=True, **params)
           ^^^^^^^^^^^^^^^^^^^^^^^^^^^^^^^^^^^^^^^^^^^^^^^^^^^^^^^^^^^^^^
  File "C:\Users\Давыдов Александр\Desktop\REPO\!JIRA_new\env\Lib\site-packages\playwright\_impl\_frame.py", line 549, in click
    await self._channel.send("click", self._timeout, locals_to_params(locals()))
  File "C:\Users\Давыдов Александр\Desktop\REPO\!JIRA_new\env\Lib\site-packages\playwright\_impl\_connection.py", line 69, in send
    return await self._connection.wrap_api_call(
           ^^^^^^^^^^^^^^^^^^^^^^^^^^^^^^^^^^^^^
    ...<3 lines>...
    )
    ^
  File "C:\Users\Давыдов Александр\Desktop\REPO\!JIRA_new\env\Lib\site-packages\playwright\_impl\_connection.py", line 558, in wrap_api_call
    raise rewrite_error(error, f"{parsed_st['apiName']}: {error}") from None
playwright._impl._errors.TimeoutError: Locator.click: Timeout 3000ms exceeded.
Call log:
  - waiting for get_by_role("option", name="Не заполнено", exact=True).filter(visible=True).first

2026-09-09 12:04:26,806 | ERROR | Ошибка миграции: задача=KISEMIAS2019-21654 система=jira проект=КИС ЕМИАС (KIS)
Traceback (most recent call last):
  File "C:\Users\Давыдов Александр\Desktop\REPO\!JIRA_new\migration_gui.py", line 232, in execute_migration_process
    source_page.open_issue(prefix, task_id)
    ~~~~~~~~~~~~~~~~~~~~~~^^^^^^^^^^^^^^^^^
  File "C:\Users\Давыдов Александр\Desktop\REPO\!JIRA_new\jrf.py", line 94, in open_issue
    self.page.locator(SJ['summary']).wait_for(state='visible', timeout=30_000)
    ~~~~~~~~~~~~~~~~~~~~~~~~~~~~~~~~~~~~~~~~~^^^^^^^^^^^^^^^^^^^^^^^^^^^^^^^^^
  File "C:\Users\Давыдов Александр\Desktop\REPO\!JIRA_new\env\Lib\site-packages\playwright\sync_api\_generated.py", line 17975, in wait_for
    self._sync(self._impl_obj.wait_for(timeout=timeout, state=state))
    ~~~~~~~~~~^^^^^^^^^^^^^^^^^^^^^^^^^^^^^^^^^^^^^^^^^^^^^^^^^^^^^^^
  File "C:\Users\Давыдов Александр\Desktop\REPO\!JIRA_new\env\Lib\site-packages\playwright\_impl\_sync_base.py", line 115, in _sync
    return task.result()
           ~~~~~~~~~~~^^
  File "C:\Users\Давыдов Александр\Desktop\REPO\!JIRA_new\env\Lib\site-packages\playwright\_impl\_locator.py", line 692, in wait_for
    await self._frame.wait_for_selector(
        self._selector, strict=True, timeout=timeout, state=state
    )
  File "C:\Users\Давыдов Александр\Desktop\REPO\!JIRA_new\env\Lib\site-packages\playwright\_impl\_frame.py", line 369, in wait_for_selector
    await self._channel.send(
        "waitForSelector", self._timeout, locals_to_params(locals())
    )
  File "C:\Users\Давыдов Александр\Desktop\REPO\!JIRA_new\env\Lib\site-packages\playwright\_impl\_connection.py", line 69, in send
    return await self._connection.wrap_api_call(
           ^^^^^^^^^^^^^^^^^^^^^^^^^^^^^^^^^^^^^
    ...<3 lines>...
    )
    ^
  File "C:\Users\Давыдов Александр\Desktop\REPO\!JIRA_new\env\Lib\site-packages\playwright\_impl\_connection.py", line 558, in wrap_api_call
    raise rewrite_error(error, f"{parsed_st['apiName']}: {error}") from None
playwright._impl._errors.TargetClosedError: Locator.wait_for: Target page, context or browser has been closed
Call log:
  - waiting for locator("#summary-val") to be visible

2026-09-09 12:04:41,495 | ERROR | Пропущено целевое поле Приоритет → #priority-field
Traceback (most recent call last):
  File "C:\Users\Давыдов Александр\Desktop\REPO\!JIRA_new\migration_gui.py", line 287, in execute_migration_process
    fill_mapped_fields(page, [(field, value)])
    ~~~~~~~~~~~~~~~~~~^^^^^^^^^^^^^^^^^^^^^^^^
  File "C:\Users\Давыдов Александр\Desktop\REPO\!JIRA_new\field_picker.py", line 232, in fill_mapped_fields
    page.get_by_role('option', name=value, exact=True).filter(visible=True).first.click(timeout=3000)
    ~~~~~~~~~~~~~~~~~~~~~~~~~~~~~~~~~~~~~~~~~~~~~~~~~~~~~~~~~~~~~~~~~~~~~~~~~~~~~~~~~~~^^^^^^^^^^^^^^
  File "C:\Users\Давыдов Александр\Desktop\REPO\!JIRA_new\env\Lib\site-packages\playwright\sync_api\_generated.py", line 15543, in click
    self._sync(
    ~~~~~~~~~~^
        self._impl_obj.click(
        ^^^^^^^^^^^^^^^^^^^^^
    ...<9 lines>...
        )
        ^
    )
    ^
  File "C:\Users\Давыдов Александр\Desktop\REPO\!JIRA_new\env\Lib\site-packages\playwright\_impl\_sync_base.py", line 115, in _sync
    return task.result()
           ~~~~~~~~~~~^^
  File "C:\Users\Давыдов Александр\Desktop\REPO\!JIRA_new\env\Lib\site-packages\playwright\_impl\_locator.py", line 160, in click
    return await self._frame.click(self._selector, strict=True, **params)
           ^^^^^^^^^^^^^^^^^^^^^^^^^^^^^^^^^^^^^^^^^^^^^^^^^^^^^^^^^^^^^^
  File "C:\Users\Давыдов Александр\Desktop\REPO\!JIRA_new\env\Lib\site-packages\playwright\_impl\_frame.py", line 549, in click
    await self._channel.send("click", self._timeout, locals_to_params(locals()))
  File "C:\Users\Давыдов Александр\Desktop\REPO\!JIRA_new\env\Lib\site-packages\playwright\_impl\_connection.py", line 69, in send
    return await self._connection.wrap_api_call(
           ^^^^^^^^^^^^^^^^^^^^^^^^^^^^^^^^^^^^^
    ...<3 lines>...
    )
    ^
  File "C:\Users\Давыдов Александр\Desktop\REPO\!JIRA_new\env\Lib\site-packages\playwright\_impl\_connection.py", line 558, in wrap_api_call
    raise rewrite_error(error, f"{parsed_st['apiName']}: {error}") from None
playwright._impl._errors.TimeoutError: Locator.click: Timeout 3000ms exceeded.
Call log:
  - waiting for get_by_role("option", name="Критический", exact=True).filter(visible=True).first

2026-09-09 12:04:44,568 | ERROR | Пропущено целевое поле Метки → #labels-textarea
Traceback (most recent call last):
  File "C:\Users\Давыдов Александр\Desktop\REPO\!JIRA_new\migration_gui.py", line 287, in execute_migration_process
    fill_mapped_fields(page, [(field, value)])
    ~~~~~~~~~~~~~~~~~~^^^^^^^^^^^^^^^^^^^^^^^^
  File "C:\Users\Давыдов Александр\Desktop\REPO\!JIRA_new\field_picker.py", line 232, in fill_mapped_fields
    page.get_by_role('option', name=value, exact=True).filter(visible=True).first.click(timeout=3000)
    ~~~~~~~~~~~~~~~~~~~~~~~~~~~~~~~~~~~~~~~~~~~~~~~~~~~~~~~~~~~~~~~~~~~~~~~~~~~~~~~~~~~^^^^^^^^^^^^^^
  File "C:\Users\Давыдов Александр\Desktop\REPO\!JIRA_new\env\Lib\site-packages\playwright\sync_api\_generated.py", line 15543, in click
    self._sync(
    ~~~~~~~~~~^
        self._impl_obj.click(
        ^^^^^^^^^^^^^^^^^^^^^
    ...<9 lines>...
        )
        ^
    )
    ^
  File "C:\Users\Давыдов Александр\Desktop\REPO\!JIRA_new\env\Lib\site-packages\playwright\_impl\_sync_base.py", line 115, in _sync
    return task.result()
           ~~~~~~~~~~~^^
  File "C:\Users\Давыдов Александр\Desktop\REPO\!JIRA_new\env\Lib\site-packages\playwright\_impl\_locator.py", line 160, in click
    return await self._frame.click(self._selector, strict=True, **params)
           ^^^^^^^^^^^^^^^^^^^^^^^^^^^^^^^^^^^^^^^^^^^^^^^^^^^^^^^^^^^^^^
  File "C:\Users\Давыдов Александр\Desktop\REPO\!JIRA_new\env\Lib\site-packages\playwright\_impl\_frame.py", line 549, in click
    await self._channel.send("click", self._timeout, locals_to_params(locals()))
  File "C:\Users\Давыдов Александр\Desktop\REPO\!JIRA_new\env\Lib\site-packages\playwright\_impl\_connection.py", line 69, in send
    return await self._connection.wrap_api_call(
           ^^^^^^^^^^^^^^^^^^^^^^^^^^^^^^^^^^^^^
    ...<3 lines>...
    )
    ^
  File "C:\Users\Давыдов Александр\Desktop\REPO\!JIRA_new\env\Lib\site-packages\playwright\_impl\_connection.py", line 558, in wrap_api_call
    raise rewrite_error(error, f"{parsed_st['apiName']}: {error}") from None
playwright._impl._errors.TimeoutError: Locator.click: Timeout 3000ms exceeded.
Call log:
  - waiting for get_by_role("option", name="Метки:\nКИС_КРИТИЧЕСКИЙ_ПУТЬ ОТ ПМУ", exact=True).filter(visible=True).first

2026-09-09 12:04:47,623 | ERROR | Пропущено целевое поле Исправить_в_версиях → #fixVersions-textarea
Traceback (most recent call last):
  File "C:\Users\Давыдов Александр\Desktop\REPO\!JIRA_new\migration_gui.py", line 287, in execute_migration_process
    fill_mapped_fields(page, [(field, value)])
    ~~~~~~~~~~~~~~~~~~^^^^^^^^^^^^^^^^^^^^^^^^
  File "C:\Users\Давыдов Александр\Desktop\REPO\!JIRA_new\field_picker.py", line 232, in fill_mapped_fields
    page.get_by_role('option', name=value, exact=True).filter(visible=True).first.click(timeout=3000)
    ~~~~~~~~~~~~~~~~~~~~~~~~~~~~~~~~~~~~~~~~~~~~~~~~~~~~~~~~~~~~~~~~~~~~~~~~~~~~~~~~~~~^^^^^^^^^^^^^^
  File "C:\Users\Давыдов Александр\Desktop\REPO\!JIRA_new\env\Lib\site-packages\playwright\sync_api\_generated.py", line 15543, in click
    self._sync(
    ~~~~~~~~~~^
        self._impl_obj.click(
        ^^^^^^^^^^^^^^^^^^^^^
    ...<9 lines>...
        )
        ^
    )
    ^
  File "C:\Users\Давыдов Александр\Desktop\REPO\!JIRA_new\env\Lib\site-packages\playwright\_impl\_sync_base.py", line 115, in _sync
    return task.result()
           ~~~~~~~~~~~^^
  File "C:\Users\Давыдов Александр\Desktop\REPO\!JIRA_new\env\Lib\site-packages\playwright\_impl\_locator.py", line 160, in click
    return await self._frame.click(self._selector, strict=True, **params)
           ^^^^^^^^^^^^^^^^^^^^^^^^^^^^^^^^^^^^^^^^^^^^^^^^^^^^^^^^^^^^^^
  File "C:\Users\Давыдов Александр\Desktop\REPO\!JIRA_new\env\Lib\site-packages\playwright\_impl\_frame.py", line 549, in click
    await self._channel.send("click", self._timeout, locals_to_params(locals()))
  File "C:\Users\Давыдов Александр\Desktop\REPO\!JIRA_new\env\Lib\site-packages\playwright\_impl\_connection.py", line 69, in send
    return await self._connection.wrap_api_call(
           ^^^^^^^^^^^^^^^^^^^^^^^^^^^^^^^^^^^^^
    ...<3 lines>...
    )
    ^
  File "C:\Users\Давыдов Александр\Desktop\REPO\!JIRA_new\env\Lib\site-packages\playwright\_impl\_connection.py", line 558, in wrap_api_call
    raise rewrite_error(error, f"{parsed_st['apiName']}: {error}") from None
playwright._impl._errors.TimeoutError: Locator.click: Timeout 3000ms exceeded.
Call log:
  - waiting for get_by_role("option", name="Не заполнено", exact=True).filter(visible=True).first

2026-09-09 12:07:34,479 | ERROR | Пропущено целевое поле Приоритет → #priority-field
Traceback (most recent call last):
  File "C:\Users\Давыдов Александр\Desktop\REPO\!JIRA_new\migration_gui.py", line 287, in execute_migration_process
    fill_mapped_fields(page, [(field, value)])
    ~~~~~~~~~~~~~~~~~~^^^^^^^^^^^^^^^^^^^^^^^^
  File "C:\Users\Давыдов Александр\Desktop\REPO\!JIRA_new\field_picker.py", line 241, in fill_mapped_fields
    page.get_by_role('option', name=value, exact=True).filter(visible=True).first.click(timeout=FIELD_FILL_TIMEOUT_MS)
    ~~~~~~~~~~~~~~~~~~~~~~~~~~~~~~~~~~~~~~~~~~~~~~~~~~~~~~~~~~~~~~~~~~~~~~~~~~~~~~~~~~~^^^^^^^^^^^^^^^^^^^^^^^^^^^^^^^
  File "C:\Users\Давыдов Александр\Desktop\REPO\!JIRA_new\env\Lib\site-packages\playwright\sync_api\_generated.py", line 15543, in click
    self._sync(
    ~~~~~~~~~~^
        self._impl_obj.click(
        ^^^^^^^^^^^^^^^^^^^^^
    ...<9 lines>...
        )
        ^
    )
    ^
  File "C:\Users\Давыдов Александр\Desktop\REPO\!JIRA_new\env\Lib\site-packages\playwright\_impl\_sync_base.py", line 115, in _sync
    return task.result()
           ~~~~~~~~~~~^^
  File "C:\Users\Давыдов Александр\Desktop\REPO\!JIRA_new\env\Lib\site-packages\playwright\_impl\_locator.py", line 160, in click
    return await self._frame.click(self._selector, strict=True, **params)
           ^^^^^^^^^^^^^^^^^^^^^^^^^^^^^^^^^^^^^^^^^^^^^^^^^^^^^^^^^^^^^^
  File "C:\Users\Давыдов Александр\Desktop\REPO\!JIRA_new\env\Lib\site-packages\playwright\_impl\_frame.py", line 549, in click
    await self._channel.send("click", self._timeout, locals_to_params(locals()))
  File "C:\Users\Давыдов Александр\Desktop\REPO\!JIRA_new\env\Lib\site-packages\playwright\_impl\_connection.py", line 69, in send
    return await self._connection.wrap_api_call(
           ^^^^^^^^^^^^^^^^^^^^^^^^^^^^^^^^^^^^^
    ...<3 lines>...
    )
    ^
  File "C:\Users\Давыдов Александр\Desktop\REPO\!JIRA_new\env\Lib\site-packages\playwright\_impl\_connection.py", line 558, in wrap_api_call
    raise rewrite_error(error, f"{parsed_st['apiName']}: {error}") from None
playwright._impl._errors.TimeoutError: Locator.click: Timeout 3000ms exceeded.
Call log:
  - waiting for get_by_role("option", name="Критический", exact=True).filter(visible=True).first

2026-09-09 12:07:37,546 | ERROR | Пропущено целевое поле Метки → #labels-textarea
Traceback (most recent call last):
  File "C:\Users\Давыдов Александр\Desktop\REPO\!JIRA_new\migration_gui.py", line 287, in execute_migration_process
    fill_mapped_fields(page, [(field, value)])
    ~~~~~~~~~~~~~~~~~~^^^^^^^^^^^^^^^^^^^^^^^^
  File "C:\Users\Давыдов Александр\Desktop\REPO\!JIRA_new\field_picker.py", line 241, in fill_mapped_fields
    page.get_by_role('option', name=value, exact=True).filter(visible=True).first.click(timeout=FIELD_FILL_TIMEOUT_MS)
    ~~~~~~~~~~~~~~~~~~~~~~~~~~~~~~~~~~~~~~~~~~~~~~~~~~~~~~~~~~~~~~~~~~~~~~~~~~~~~~~~~~~^^^^^^^^^^^^^^^^^^^^^^^^^^^^^^^
  File "C:\Users\Давыдов Александр\Desktop\REPO\!JIRA_new\env\Lib\site-packages\playwright\sync_api\_generated.py", line 15543, in click
    self._sync(
    ~~~~~~~~~~^
        self._impl_obj.click(
        ^^^^^^^^^^^^^^^^^^^^^
    ...<9 lines>...
        )
        ^
    )
    ^
  File "C:\Users\Давыдов Александр\Desktop\REPO\!JIRA_new\env\Lib\site-packages\playwright\_impl\_sync_base.py", line 115, in _sync
    return task.result()
           ~~~~~~~~~~~^^
  File "C:\Users\Давыдов Александр\Desktop\REPO\!JIRA_new\env\Lib\site-packages\playwright\_impl\_locator.py", line 160, in click
    return await self._frame.click(self._selector, strict=True, **params)
           ^^^^^^^^^^^^^^^^^^^^^^^^^^^^^^^^^^^^^^^^^^^^^^^^^^^^^^^^^^^^^^
  File "C:\Users\Давыдов Александр\Desktop\REPO\!JIRA_new\env\Lib\site-packages\playwright\_impl\_frame.py", line 549, in click
    await self._channel.send("click", self._timeout, locals_to_params(locals()))
  File "C:\Users\Давыдов Александр\Desktop\REPO\!JIRA_new\env\Lib\site-packages\playwright\_impl\_connection.py", line 69, in send
    return await self._connection.wrap_api_call(
           ^^^^^^^^^^^^^^^^^^^^^^^^^^^^^^^^^^^^^
    ...<3 lines>...
    )
    ^
  File "C:\Users\Давыдов Александр\Desktop\REPO\!JIRA_new\env\Lib\site-packages\playwright\_impl\_connection.py", line 558, in wrap_api_call
    raise rewrite_error(error, f"{parsed_st['apiName']}: {error}") from None
playwright._impl._errors.TimeoutError: Locator.click: Timeout 3000ms exceeded.
Call log:
  - waiting for get_by_role("option", name="Метки:\nКИС_КРИТИЧЕСКИЙ_ПУТЬ ОТ ПМУ", exact=True).filter(visible=True).first

2026-09-09 12:07:40,608 | ERROR | Пропущено целевое поле Исправить_в_версиях → #fixVersions-textarea
Traceback (most recent call last):
  File "C:\Users\Давыдов Александр\Desktop\REPO\!JIRA_new\migration_gui.py", line 287, in execute_migration_process
    fill_mapped_fields(page, [(field, value)])
    ~~~~~~~~~~~~~~~~~~^^^^^^^^^^^^^^^^^^^^^^^^
  File "C:\Users\Давыдов Александр\Desktop\REPO\!JIRA_new\field_picker.py", line 241, in fill_mapped_fields
    page.get_by_role('option', name=value, exact=True).filter(visible=True).first.click(timeout=FIELD_FILL_TIMEOUT_MS)
    ~~~~~~~~~~~~~~~~~~~~~~~~~~~~~~~~~~~~~~~~~~~~~~~~~~~~~~~~~~~~~~~~~~~~~~~~~~~~~~~~~~~^^^^^^^^^^^^^^^^^^^^^^^^^^^^^^^
  File "C:\Users\Давыдов Александр\Desktop\REPO\!JIRA_new\env\Lib\site-packages\playwright\sync_api\_generated.py", line 15543, in click
    self._sync(
    ~~~~~~~~~~^
        self._impl_obj.click(
        ^^^^^^^^^^^^^^^^^^^^^
    ...<9 lines>...
        )
        ^
    )
    ^
  File "C:\Users\Давыдов Александр\Desktop\REPO\!JIRA_new\env\Lib\site-packages\playwright\_impl\_sync_base.py", line 115, in _sync
    return task.result()
           ~~~~~~~~~~~^^
  File "C:\Users\Давыдов Александр\Desktop\REPO\!JIRA_new\env\Lib\site-packages\playwright\_impl\_locator.py", line 160, in click
    return await self._frame.click(self._selector, strict=True, **params)
           ^^^^^^^^^^^^^^^^^^^^^^^^^^^^^^^^^^^^^^^^^^^^^^^^^^^^^^^^^^^^^^
  File "C:\Users\Давыдов Александр\Desktop\REPO\!JIRA_new\env\Lib\site-packages\playwright\_impl\_frame.py", line 549, in click
    await self._channel.send("click", self._timeout, locals_to_params(locals()))
  File "C:\Users\Давыдов Александр\Desktop\REPO\!JIRA_new\env\Lib\site-packages\playwright\_impl\_connection.py", line 69, in send
    return await self._connection.wrap_api_call(
           ^^^^^^^^^^^^^^^^^^^^^^^^^^^^^^^^^^^^^
    ...<3 lines>...
    )
    ^
  File "C:\Users\Давыдов Александр\Desktop\REPO\!JIRA_new\env\Lib\site-packages\playwright\_impl\_connection.py", line 558, in wrap_api_call
    raise rewrite_error(error, f"{parsed_st['apiName']}: {error}") from None
playwright._impl._errors.TimeoutError: Locator.click: Timeout 3000ms exceeded.
Call log:
  - waiting for get_by_role("option", name="Не заполнено", exact=True).filter(visible=True).first

2026-09-10 08:27:41,663 | ERROR | Ошибка миграции: задача=KISEMIAS2019-5841 система=jira проект=КИС 2.0 (REFACT)
Traceback (most recent call last):
  File "C:\Users\Давыдов Александр\Desktop\REPO\!JIRA_new\migration_gui.py", line 227, in execute_migration_process
    with jrf.get_browser_page() as page:
         ~~~~~~~~~~~~~~~~~~~~^^
  File "C:\Users\Давыдов Александр\AppData\Local\Programs\Python\Python314\Lib\contextlib.py", line 141, in __enter__
    return next(self.gen)
  File "C:\Users\Давыдов Александр\Desktop\REPO\!JIRA_new\jrf.py", line 296, in get_browser_page
    with sync_playwright() as playwright:
         ~~~~~~~~~~~~~~~^^
  File "C:\Users\Давыдов Александр\Desktop\REPO\!JIRA_new\env\Lib\site-packages\playwright\sync_api\_context_manager.py", line 79, in __enter__
    playwright = self._playwright
                 ^^^^^^^^^^^^^^^^
AttributeError: 'PlaywrightContextManager' object has no attribute '_playwright'
2026-09-10 08:29:02,182 | ERROR | Пропущено целевое поле Приоритет → #priority-field
Traceback (most recent call last):
  File "C:\Users\Давыдов Александр\Desktop\REPO\!JIRA_new\migration_gui.py", line 287, in execute_migration_process
    fill_mapped_fields(page, [(field, value)])
    ~~~~~~~~~~~~~~~~~~^^^^^^^^^^^^^^^^^^^^^^^^
  File "C:\Users\Давыдов Александр\Desktop\REPO\!JIRA_new\field_picker.py", line 241, in fill_mapped_fields
    page.get_by_role('option', name=value, exact=True).filter(visible=True).first.click(timeout=FIELD_FILL_TIMEOUT_MS)
    ~~~~~~~~~~~~~~~~~~~~~~~~~~~~~~~~~~~~~~~~~~~~~~~~~~~~~~~~~~~~~~~~~~~~~~~~~~~~~~~~~~~^^^^^^^^^^^^^^^^^^^^^^^^^^^^^^^
  File "C:\Users\Давыдов Александр\Desktop\REPO\!JIRA_new\env\Lib\site-packages\playwright\sync_api\_generated.py", line 15543, in click
    self._sync(
    ~~~~~~~~~~^
        self._impl_obj.click(
        ^^^^^^^^^^^^^^^^^^^^^
    ...<9 lines>...
        )
        ^
    )
    ^
  File "C:\Users\Давыдов Александр\Desktop\REPO\!JIRA_new\env\Lib\site-packages\playwright\_impl\_sync_base.py", line 115, in _sync
    return task.result()
           ~~~~~~~~~~~^^
  File "C:\Users\Давыдов Александр\Desktop\REPO\!JIRA_new\env\Lib\site-packages\playwright\_impl\_locator.py", line 160, in click
    return await self._frame.click(self._selector, strict=True, **params)
           ^^^^^^^^^^^^^^^^^^^^^^^^^^^^^^^^^^^^^^^^^^^^^^^^^^^^^^^^^^^^^^
  File "C:\Users\Давыдов Александр\Desktop\REPO\!JIRA_new\env\Lib\site-packages\playwright\_impl\_frame.py", line 549, in click
    await self._channel.send("click", self._timeout, locals_to_params(locals()))
  File "C:\Users\Давыдов Александр\Desktop\REPO\!JIRA_new\env\Lib\site-packages\playwright\_impl\_connection.py", line 69, in send
    return await self._connection.wrap_api_call(
           ^^^^^^^^^^^^^^^^^^^^^^^^^^^^^^^^^^^^^
    ...<3 lines>...
    )
    ^
  File "C:\Users\Давыдов Александр\Desktop\REPO\!JIRA_new\env\Lib\site-packages\playwright\_impl\_connection.py", line 558, in wrap_api_call
    raise rewrite_error(error, f"{parsed_st['apiName']}: {error}") from None
playwright._impl._errors.TimeoutError: Locator.click: Timeout 1000ms exceeded.
Call log:
  - waiting for get_by_role("option", name="Серьезный", exact=True).filter(visible=True).first

2026-09-10 08:29:03,248 | ERROR | Пропущено целевое поле Метки → #labels-textarea
Traceback (most recent call last):
  File "C:\Users\Давыдов Александр\Desktop\REPO\!JIRA_new\migration_gui.py", line 287, in execute_migration_process
    fill_mapped_fields(page, [(field, value)])
    ~~~~~~~~~~~~~~~~~~^^^^^^^^^^^^^^^^^^^^^^^^
  File "C:\Users\Давыдов Александр\Desktop\REPO\!JIRA_new\field_picker.py", line 241, in fill_mapped_fields
    page.get_by_role('option', name=value, exact=True).filter(visible=True).first.click(timeout=FIELD_FILL_TIMEOUT_MS)
    ~~~~~~~~~~~~~~~~~~~~~~~~~~~~~~~~~~~~~~~~~~~~~~~~~~~~~~~~~~~~~~~~~~~~~~~~~~~~~~~~~~~^^^^^^^^^^^^^^^^^^^^^^^^^^^^^^^
  File "C:\Users\Давыдов Александр\Desktop\REPO\!JIRA_new\env\Lib\site-packages\playwright\sync_api\_generated.py", line 15543, in click
    self._sync(
    ~~~~~~~~~~^
        self._impl_obj.click(
        ^^^^^^^^^^^^^^^^^^^^^
    ...<9 lines>...
        )
        ^
    )
    ^
  File "C:\Users\Давыдов Александр\Desktop\REPO\!JIRA_new\env\Lib\site-packages\playwright\_impl\_sync_base.py", line 115, in _sync
    return task.result()
           ~~~~~~~~~~~^^
  File "C:\Users\Давыдов Александр\Desktop\REPO\!JIRA_new\env\Lib\site-packages\playwright\_impl\_locator.py", line 160, in click
    return await self._frame.click(self._selector, strict=True, **params)
           ^^^^^^^^^^^^^^^^^^^^^^^^^^^^^^^^^^^^^^^^^^^^^^^^^^^^^^^^^^^^^^
  File "C:\Users\Давыдов Александр\Desktop\REPO\!JIRA_new\env\Lib\site-packages\playwright\_impl\_frame.py", line 549, in click
    await self._channel.send("click", self._timeout, locals_to_params(locals()))
  File "C:\Users\Давыдов Александр\Desktop\REPO\!JIRA_new\env\Lib\site-packages\playwright\_impl\_connection.py", line 69, in send
    return await self._connection.wrap_api_call(
           ^^^^^^^^^^^^^^^^^^^^^^^^^^^^^^^^^^^^^
    ...<3 lines>...
    )
    ^
  File "C:\Users\Давыдов Александр\Desktop\REPO\!JIRA_new\env\Lib\site-packages\playwright\_impl\_connection.py", line 558, in wrap_api_call
    raise rewrite_error(error, f"{parsed_st['apiName']}: {error}") from None
playwright._impl._errors.TimeoutError: Locator.click: Timeout 1000ms exceeded.
Call log:
  - waiting for get_by_role("option", name="Метки:\nНе заполнено", exact=True).filter(visible=True).first

2026-09-10 13:30:25,213 | ERROR | Пропущено целевое поле Приоритет → #priority-field
Traceback (most recent call last):
  File "C:\Users\Давыдов Александр\Desktop\REPO\!JIRA_new\migration_gui.py", line 287, in execute_migration_process
    fill_mapped_fields(page, [(field, value)])
    ~~~~~~~~~~~~~~~~~~^^^^^^^^^^^^^^^^^^^^^^^^
  File "C:\Users\Давыдов Александр\Desktop\REPO\!JIRA_new\field_picker.py", line 241, in fill_mapped_fields
    page.get_by_role('option', name=value, exact=True).filter(visible=True).first.click(timeout=FIELD_FILL_TIMEOUT_MS)
    ~~~~~~~~~~~~~~~~~~~~~~~~~~~~~~~~~~~~~~~~~~~~~~~~~~~~~~~~~~~~~~~~~~~~~~~~~~~~~~~~~~~^^^^^^^^^^^^^^^^^^^^^^^^^^^^^^^
  File "C:\Users\Давыдов Александр\Desktop\REPO\!JIRA_new\env\Lib\site-packages\playwright\sync_api\_generated.py", line 15543, in click
    self._sync(
    ~~~~~~~~~~^
        self._impl_obj.click(
        ^^^^^^^^^^^^^^^^^^^^^
    ...<9 lines>...
        )
        ^
    )
    ^
  File "C:\Users\Давыдов Александр\Desktop\REPO\!JIRA_new\env\Lib\site-packages\playwright\_impl\_sync_base.py", line 115, in _sync
    return task.result()
           ~~~~~~~~~~~^^
  File "C:\Users\Давыдов Александр\Desktop\REPO\!JIRA_new\env\Lib\site-packages\playwright\_impl\_locator.py", line 160, in click
    return await self._frame.click(self._selector, strict=True, **params)
           ^^^^^^^^^^^^^^^^^^^^^^^^^^^^^^^^^^^^^^^^^^^^^^^^^^^^^^^^^^^^^^
  File "C:\Users\Давыдов Александр\Desktop\REPO\!JIRA_new\env\Lib\site-packages\playwright\_impl\_frame.py", line 549, in click
    await self._channel.send("click", self._timeout, locals_to_params(locals()))
  File "C:\Users\Давыдов Александр\Desktop\REPO\!JIRA_new\env\Lib\site-packages\playwright\_impl\_connection.py", line 69, in send
    return await self._connection.wrap_api_call(
           ^^^^^^^^^^^^^^^^^^^^^^^^^^^^^^^^^^^^^
    ...<3 lines>...
    )
    ^
  File "C:\Users\Давыдов Александр\Desktop\REPO\!JIRA_new\env\Lib\site-packages\playwright\_impl\_connection.py", line 558, in wrap_api_call
    raise rewrite_error(error, f"{parsed_st['apiName']}: {error}") from None
playwright._impl._errors.TimeoutError: Locator.click: Timeout 1000ms exceeded.
Call log:
  - waiting for get_by_role("option", name="Критический", exact=True).filter(visible=True).first

2026-09-10 13:30:26,269 | ERROR | Пропущено целевое поле Метки → #labels-textarea
Traceback (most recent call last):
  File "C:\Users\Давыдов Александр\Desktop\REPO\!JIRA_new\migration_gui.py", line 287, in execute_migration_process
    fill_mapped_fields(page, [(field, value)])
    ~~~~~~~~~~~~~~~~~~^^^^^^^^^^^^^^^^^^^^^^^^
  File "C:\Users\Давыдов Александр\Desktop\REPO\!JIRA_new\field_picker.py", line 241, in fill_mapped_fields
    page.get_by_role('option', name=value, exact=True).filter(visible=True).first.click(timeout=FIELD_FILL_TIMEOUT_MS)
    ~~~~~~~~~~~~~~~~~~~~~~~~~~~~~~~~~~~~~~~~~~~~~~~~~~~~~~~~~~~~~~~~~~~~~~~~~~~~~~~~~~~^^^^^^^^^^^^^^^^^^^^^^^^^^^^^^^
  File "C:\Users\Давыдов Александр\Desktop\REPO\!JIRA_new\env\Lib\site-packages\playwright\sync_api\_generated.py", line 15543, in click
    self._sync(
    ~~~~~~~~~~^
        self._impl_obj.click(
        ^^^^^^^^^^^^^^^^^^^^^
    ...<9 lines>...
        )
        ^
    )
    ^
  File "C:\Users\Давыдов Александр\Desktop\REPO\!JIRA_new\env\Lib\site-packages\playwright\_impl\_sync_base.py", line 115, in _sync
    return task.result()
           ~~~~~~~~~~~^^
  File "C:\Users\Давыдов Александр\Desktop\REPO\!JIRA_new\env\Lib\site-packages\playwright\_impl\_locator.py", line 160, in click
    return await self._frame.click(self._selector, strict=True, **params)
           ^^^^^^^^^^^^^^^^^^^^^^^^^^^^^^^^^^^^^^^^^^^^^^^^^^^^^^^^^^^^^^
  File "C:\Users\Давыдов Александр\Desktop\REPO\!JIRA_new\env\Lib\site-packages\playwright\_impl\_frame.py", line 549, in click
    await self._channel.send("click", self._timeout, locals_to_params(locals()))
  File "C:\Users\Давыдов Александр\Desktop\REPO\!JIRA_new\env\Lib\site-packages\playwright\_impl\_connection.py", line 69, in send
    return await self._connection.wrap_api_call(
           ^^^^^^^^^^^^^^^^^^^^^^^^^^^^^^^^^^^^^
    ...<3 lines>...
    )
    ^
  File "C:\Users\Давыдов Александр\Desktop\REPO\!JIRA_new\env\Lib\site-packages\playwright\_impl\_connection.py", line 558, in wrap_api_call
    raise rewrite_error(error, f"{parsed_st['apiName']}: {error}") from None
playwright._impl._errors.TimeoutError: Locator.click: Timeout 1000ms exceeded.
Call log:
  - waiting for get_by_role("option", name="Метки:\nКИС_КРИТИЧЕСКИЙ_ПУТЬ ОТ ПМУ", exact=True).filter(visible=True).first

2026-09-10 13:30:27,334 | ERROR | Пропущено целевое поле Исправить_в_версиях → #fixVersions-textarea
Traceback (most recent call last):
  File "C:\Users\Давыдов Александр\Desktop\REPO\!JIRA_new\migration_gui.py", line 287, in execute_migration_process
    fill_mapped_fields(page, [(field, value)])
    ~~~~~~~~~~~~~~~~~~^^^^^^^^^^^^^^^^^^^^^^^^
  File "C:\Users\Давыдов Александр\Desktop\REPO\!JIRA_new\field_picker.py", line 241, in fill_mapped_fields
    page.get_by_role('option', name=value, exact=True).filter(visible=True).first.click(timeout=FIELD_FILL_TIMEOUT_MS)
    ~~~~~~~~~~~~~~~~~~~~~~~~~~~~~~~~~~~~~~~~~~~~~~~~~~~~~~~~~~~~~~~~~~~~~~~~~~~~~~~~~~~^^^^^^^^^^^^^^^^^^^^^^^^^^^^^^^
  File "C:\Users\Давыдов Александр\Desktop\REPO\!JIRA_new\env\Lib\site-packages\playwright\sync_api\_generated.py", line 15543, in click
    self._sync(
    ~~~~~~~~~~^
        self._impl_obj.click(
        ^^^^^^^^^^^^^^^^^^^^^
    ...<9 lines>...
        )
        ^
    )
    ^
  File "C:\Users\Давыдов Александр\Desktop\REPO\!JIRA_new\env\Lib\site-packages\playwright\_impl\_sync_base.py", line 115, in _sync
    return task.result()
           ~~~~~~~~~~~^^
  File "C:\Users\Давыдов Александр\Desktop\REPO\!JIRA_new\env\Lib\site-packages\playwright\_impl\_locator.py", line 160, in click
    return await self._frame.click(self._selector, strict=True, **params)
           ^^^^^^^^^^^^^^^^^^^^^^^^^^^^^^^^^^^^^^^^^^^^^^^^^^^^^^^^^^^^^^
  File "C:\Users\Давыдов Александр\Desktop\REPO\!JIRA_new\env\Lib\site-packages\playwright\_impl\_frame.py", line 549, in click
    await self._channel.send("click", self._timeout, locals_to_params(locals()))
  File "C:\Users\Давыдов Александр\Desktop\REPO\!JIRA_new\env\Lib\site-packages\playwright\_impl\_connection.py", line 69, in send
    return await self._connection.wrap_api_call(
           ^^^^^^^^^^^^^^^^^^^^^^^^^^^^^^^^^^^^^
    ...<3 lines>...
    )
    ^
  File "C:\Users\Давыдов Александр\Desktop\REPO\!JIRA_new\env\Lib\site-packages\playwright\_impl\_connection.py", line 558, in wrap_api_call
    raise rewrite_error(error, f"{parsed_st['apiName']}: {error}") from None
playwright._impl._errors.TimeoutError: Locator.click: Timeout 1000ms exceeded.
Call log:
  - waiting for get_by_role("option", name="Не заполнено", exact=True).filter(visible=True).first

2026-09-10 13:35:52,527 | ERROR | Пропущено исходное поле Название
Traceback (most recent call last):
  File "C:\Users\Давыдов Александр\Desktop\REPO\!JIRA_new\migration_gui.py", line 241, in execute_migration_process
    if match:
    
  File "C:\Users\Давыдов Александр\Desktop\REPO\!JIRA_new\field_picker.py", line 256, in read_field
    locator.wait_for(state="visible", timeout=5000)
    ~~~~~~~~~~~~~~~~^^^^^^^^^^^^^^^^^^^^^^^^^^^^^^^
  File "C:\Users\Давыдов Александр\Desktop\REPO\!JIRA_new\env\Lib\site-packages\playwright\sync_api\_generated.py", line 17975, in wait_for
    self._sync(self._impl_obj.wait_for(timeout=timeout, state=state))
    ~~~~~~~~~~^^^^^^^^^^^^^^^^^^^^^^^^^^^^^^^^^^^^^^^^^^^^^^^^^^^^^^^
  File "C:\Users\Давыдов Александр\Desktop\REPO\!JIRA_new\env\Lib\site-packages\playwright\_impl\_sync_base.py", line 115, in _sync
    return task.result()
           ~~~~~~~~~~~^^
  File "C:\Users\Давыдов Александр\Desktop\REPO\!JIRA_new\env\Lib\site-packages\playwright\_impl\_locator.py", line 692, in wait_for
    await self._frame.wait_for_selector(
        self._selector, strict=True, timeout=timeout, state=state
    )
  File "C:\Users\Давыдов Александр\Desktop\REPO\!JIRA_new\env\Lib\site-packages\playwright\_impl\_frame.py", line 369, in wait_for_selector
    await self._channel.send(
        "waitForSelector", self._timeout, locals_to_params(locals())
    )
  File "C:\Users\Давыдов Александр\Desktop\REPO\!JIRA_new\env\Lib\site-packages\playwright\_impl\_connection.py", line 69, in send
    return await self._connection.wrap_api_call(
           ^^^^^^^^^^^^^^^^^^^^^^^^^^^^^^^^^^^^^
    ...<3 lines>...
    )
    ^
  File "C:\Users\Давыдов Александр\Desktop\REPO\!JIRA_new\env\Lib\site-packages\playwright\_impl\_connection.py", line 558, in wrap_api_call
    raise rewrite_error(error, f"{parsed_st['apiName']}: {error}") from None
playwright._impl._errors.TimeoutError: Locator.wait_for: Timeout 5000ms exceeded.
Call log:
  - waiting for locator("#summary-val") to be visible

2026-09-10 13:35:53,139 | ERROR | Пропущено исходное поле Тип
Traceback (most recent call last):
  File "C:\Users\Давыдов Александр\Desktop\REPO\!JIRA_new\migration_gui.py", line 241, in execute_migration_process
    if match:
    
  File "C:\Users\Давыдов Александр\Desktop\REPO\!JIRA_new\field_picker.py", line 256, in read_field
    locator.wait_for(state="visible", timeout=5000)
    ~~~~~~~~~~~~~~~~^^^^^^^^^^^^^^^^^^^^^^^^^^^^^^^
  File "C:\Users\Давыдов Александр\Desktop\REPO\!JIRA_new\env\Lib\site-packages\playwright\sync_api\_generated.py", line 17975, in wait_for
    self._sync(self._impl_obj.wait_for(timeout=timeout, state=state))
    ~~~~~~~~~~^^^^^^^^^^^^^^^^^^^^^^^^^^^^^^^^^^^^^^^^^^^^^^^^^^^^^^^
  File "C:\Users\Давыдов Александр\Desktop\REPO\!JIRA_new\env\Lib\site-packages\playwright\_impl\_sync_base.py", line 115, in _sync
    return task.result()
           ~~~~~~~~~~~^^
  File "C:\Users\Давыдов Александр\Desktop\REPO\!JIRA_new\env\Lib\site-packages\playwright\_impl\_locator.py", line 692, in wait_for
    await self._frame.wait_for_selector(
        self._selector, strict=True, timeout=timeout, state=state
    )
  File "C:\Users\Давыдов Александр\Desktop\REPO\!JIRA_new\env\Lib\site-packages\playwright\_impl\_frame.py", line 369, in wait_for_selector
    await self._channel.send(
        "waitForSelector", self._timeout, locals_to_params(locals())
    )
  File "C:\Users\Давыдов Александр\Desktop\REPO\!JIRA_new\env\Lib\site-packages\playwright\_impl\_connection.py", line 69, in send
    return await self._connection.wrap_api_call(
           ^^^^^^^^^^^^^^^^^^^^^^^^^^^^^^^^^^^^^
    ...<3 lines>...
    )
    ^
  File "C:\Users\Давыдов Александр\Desktop\REPO\!JIRA_new\env\Lib\site-packages\playwright\_impl\_connection.py", line 558, in wrap_api_call
    raise rewrite_error(error, f"{parsed_st['apiName']}: {error}") from None
playwright._impl._errors.TargetClosedError: Locator.wait_for: Target page, context or browser has been closed
Call log:
  - waiting for locator("#type-val") to be visible

2026-09-10 13:35:53,174 | ERROR | Пропущено исходное поле Приоритет
Traceback (most recent call last):
  File "C:\Users\Давыдов Александр\Desktop\REPO\!JIRA_new\migration_gui.py", line 241, in execute_migration_process
    if match:
    
  File "C:\Users\Давыдов Александр\Desktop\REPO\!JIRA_new\field_picker.py", line 256, in read_field
    locator.wait_for(state="visible", timeout=5000)
    ~~~~~~~~~~~~~~~~^^^^^^^^^^^^^^^^^^^^^^^^^^^^^^^
  File "C:\Users\Давыдов Александр\Desktop\REPO\!JIRA_new\env\Lib\site-packages\playwright\sync_api\_generated.py", line 17975, in wait_for
    self._sync(self._impl_obj.wait_for(timeout=timeout, state=state))
    ~~~~~~~~~~^^^^^^^^^^^^^^^^^^^^^^^^^^^^^^^^^^^^^^^^^^^^^^^^^^^^^^^
  File "C:\Users\Давыдов Александр\Desktop\REPO\!JIRA_new\env\Lib\site-packages\playwright\_impl\_sync_base.py", line 115, in _sync
    return task.result()
           ~~~~~~~~~~~^^
  File "C:\Users\Давыдов Александр\Desktop\REPO\!JIRA_new\env\Lib\site-packages\playwright\_impl\_locator.py", line 692, in wait_for
    await self._frame.wait_for_selector(
        self._selector, strict=True, timeout=timeout, state=state
    )
  File "C:\Users\Давыдов Александр\Desktop\REPO\!JIRA_new\env\Lib\site-packages\playwright\_impl\_frame.py", line 369, in wait_for_selector
    await self._channel.send(
        "waitForSelector", self._timeout, locals_to_params(locals())
    )
  File "C:\Users\Давыдов Александр\Desktop\REPO\!JIRA_new\env\Lib\site-packages\playwright\_impl\_connection.py", line 69, in send
    return await self._connection.wrap_api_call(
           ^^^^^^^^^^^^^^^^^^^^^^^^^^^^^^^^^^^^^
    ...<3 lines>...
    )
    ^
  File "C:\Users\Давыдов Александр\Desktop\REPO\!JIRA_new\env\Lib\site-packages\playwright\_impl\_connection.py", line 558, in wrap_api_call
    raise rewrite_error(error, f"{parsed_st['apiName']}: {error}") from None
playwright._impl._errors.TargetClosedError: Locator.wait_for: Target page, context or browser has been closed
2026-09-10 13:35:53,192 | ERROR | Пропущено исходное поле Метки
Traceback (most recent call last):
  File "C:\Users\Давыдов Александр\Desktop\REPO\!JIRA_new\migration_gui.py", line 241, in execute_migration_process
    if match:
    
  File "C:\Users\Давыдов Александр\Desktop\REPO\!JIRA_new\field_picker.py", line 256, in read_field
    locator.wait_for(state="visible", timeout=5000)
    ~~~~~~~~~~~~~~~~^^^^^^^^^^^^^^^^^^^^^^^^^^^^^^^
  File "C:\Users\Давыдов Александр\Desktop\REPO\!JIRA_new\env\Lib\site-packages\playwright\sync_api\_generated.py", line 17975, in wait_for
    self._sync(self._impl_obj.wait_for(timeout=timeout, state=state))
    ~~~~~~~~~~^^^^^^^^^^^^^^^^^^^^^^^^^^^^^^^^^^^^^^^^^^^^^^^^^^^^^^^
  File "C:\Users\Давыдов Александр\Desktop\REPO\!JIRA_new\env\Lib\site-packages\playwright\_impl\_sync_base.py", line 115, in _sync
    return task.result()
           ~~~~~~~~~~~^^
  File "C:\Users\Давыдов Александр\Desktop\REPO\!JIRA_new\env\Lib\site-packages\playwright\_impl\_locator.py", line 692, in wait_for
    await self._frame.wait_for_selector(
        self._selector, strict=True, timeout=timeout, state=state
    )
  File "C:\Users\Давыдов Александр\Desktop\REPO\!JIRA_new\env\Lib\site-packages\playwright\_impl\_frame.py", line 369, in wait_for_selector
    await self._channel.send(
        "waitForSelector", self._timeout, locals_to_params(locals())
    )
  File "C:\Users\Давыдов Александр\Desktop\REPO\!JIRA_new\env\Lib\site-packages\playwright\_impl\_connection.py", line 69, in send
    return await self._connection.wrap_api_call(
           ^^^^^^^^^^^^^^^^^^^^^^^^^^^^^^^^^^^^^
    ...<3 lines>...
    )
    ^
  File "C:\Users\Давыдов Александр\Desktop\REPO\!JIRA_new\env\Lib\site-packages\playwright\_impl\_connection.py", line 558, in wrap_api_call
    raise rewrite_error(error, f"{parsed_st['apiName']}: {error}") from None
playwright._impl._errors.TargetClosedError: Locator.wait_for: Target page, context or browser has been closed
2026-09-10 13:35:53,202 | ERROR | Пропущено исходное поле Исправить_в_версиях
Traceback (most recent call last):
  File "C:\Users\Давыдов Александр\Desktop\REPO\!JIRA_new\migration_gui.py", line 241, in execute_migration_process
    if match:
    
  File "C:\Users\Давыдов Александр\Desktop\REPO\!JIRA_new\field_picker.py", line 256, in read_field
    locator.wait_for(state="visible", timeout=5000)
    ~~~~~~~~~~~~~~~~^^^^^^^^^^^^^^^^^^^^^^^^^^^^^^^
  File "C:\Users\Давыдов Александр\Desktop\REPO\!JIRA_new\env\Lib\site-packages\playwright\sync_api\_generated.py", line 17975, in wait_for
    self._sync(self._impl_obj.wait_for(timeout=timeout, state=state))
    ~~~~~~~~~~^^^^^^^^^^^^^^^^^^^^^^^^^^^^^^^^^^^^^^^^^^^^^^^^^^^^^^^
  File "C:\Users\Давыдов Александр\Desktop\REPO\!JIRA_new\env\Lib\site-packages\playwright\_impl\_sync_base.py", line 115, in _sync
    return task.result()
           ~~~~~~~~~~~^^
  File "C:\Users\Давыдов Александр\Desktop\REPO\!JIRA_new\env\Lib\site-packages\playwright\_impl\_locator.py", line 692, in wait_for
    await self._frame.wait_for_selector(
        self._selector, strict=True, timeout=timeout, state=state
    )
  File "C:\Users\Давыдов Александр\Desktop\REPO\!JIRA_new\env\Lib\site-packages\playwright\_impl\_frame.py", line 369, in wait_for_selector
    await self._channel.send(
        "waitForSelector", self._timeout, locals_to_params(locals())
    )
  File "C:\Users\Давыдов Александр\Desktop\REPO\!JIRA_new\env\Lib\site-packages\playwright\_impl\_connection.py", line 69, in send
    return await self._connection.wrap_api_call(
           ^^^^^^^^^^^^^^^^^^^^^^^^^^^^^^^^^^^^^
    ...<3 lines>...
    )
    ^
  File "C:\Users\Давыдов Александр\Desktop\REPO\!JIRA_new\env\Lib\site-packages\playwright\_impl\_connection.py", line 558, in wrap_api_call
    raise rewrite_error(error, f"{parsed_st['apiName']}: {error}") from None
playwright._impl._errors.TargetClosedError: Locator.wait_for: Target page, context or browser has been closed
2026-09-10 13:35:53,209 | ERROR | Пропущено исходное поле Описание
Traceback (most recent call last):
  File "C:\Users\Давыдов Александр\Desktop\REPO\!JIRA_new\migration_gui.py", line 241, in execute_migration_process
    if match:
    
  File "C:\Users\Давыдов Александр\Desktop\REPO\!JIRA_new\field_picker.py", line 256, in read_field
    locator.wait_for(state="visible", timeout=5000)
    ~~~~~~~~~~~~~~~~^^^^^^^^^^^^^^^^^^^^^^^^^^^^^^^
  File "C:\Users\Давыдов Александр\Desktop\REPO\!JIRA_new\env\Lib\site-packages\playwright\sync_api\_generated.py", line 17975, in wait_for
    self._sync(self._impl_obj.wait_for(timeout=timeout, state=state))
    ~~~~~~~~~~^^^^^^^^^^^^^^^^^^^^^^^^^^^^^^^^^^^^^^^^^^^^^^^^^^^^^^^
  File "C:\Users\Давыдов Александр\Desktop\REPO\!JIRA_new\env\Lib\site-packages\playwright\_impl\_sync_base.py", line 115, in _sync
    return task.result()
           ~~~~~~~~~~~^^
  File "C:\Users\Давыдов Александр\Desktop\REPO\!JIRA_new\env\Lib\site-packages\playwright\_impl\_locator.py", line 692, in wait_for
    await self._frame.wait_for_selector(
        self._selector, strict=True, timeout=timeout, state=state
    )
  File "C:\Users\Давыдов Александр\Desktop\REPO\!JIRA_new\env\Lib\site-packages\playwright\_impl\_frame.py", line 369, in wait_for_selector
    await self._channel.send(
        "waitForSelector", self._timeout, locals_to_params(locals())
    )
  File "C:\Users\Давыдов Александр\Desktop\REPO\!JIRA_new\env\Lib\site-packages\playwright\_impl\_connection.py", line 69, in send
    return await self._connection.wrap_api_call(
           ^^^^^^^^^^^^^^^^^^^^^^^^^^^^^^^^^^^^^
    ...<3 lines>...
    )
    ^
  File "C:\Users\Давыдов Александр\Desktop\REPO\!JIRA_new\env\Lib\site-packages\playwright\_impl\_connection.py", line 558, in wrap_api_call
    raise rewrite_error(error, f"{parsed_st['apiName']}: {error}") from None
playwright._impl._errors.TargetClosedError: Locator.wait_for: Target page, context or browser has been closed
2026-09-10 13:35:53,220 | ERROR | Пропущено исходное поле Вложенные_файлы_Опции
Traceback (most recent call last):
  File "C:\Users\Давыдов Александр\Desktop\REPO\!JIRA_new\migration_gui.py", line 241, in execute_migration_process
    if match:
    
  File "C:\Users\Давыдов Александр\Desktop\REPO\!JIRA_new\field_picker.py", line 256, in read_field
    locator.wait_for(state="visible", timeout=5000)
    ~~~~~~~~~~~~~~~~^^^^^^^^^^^^^^^^^^^^^^^^^^^^^^^
  File "C:\Users\Давыдов Александр\Desktop\REPO\!JIRA_new\env\Lib\site-packages\playwright\sync_api\_generated.py", line 17975, in wait_for
    self._sync(self._impl_obj.wait_for(timeout=timeout, state=state))
    ~~~~~~~~~~^^^^^^^^^^^^^^^^^^^^^^^^^^^^^^^^^^^^^^^^^^^^^^^^^^^^^^^
  File "C:\Users\Давыдов Александр\Desktop\REPO\!JIRA_new\env\Lib\site-packages\playwright\_impl\_sync_base.py", line 115, in _sync
    return task.result()
           ~~~~~~~~~~~^^
  File "C:\Users\Давыдов Александр\Desktop\REPO\!JIRA_new\env\Lib\site-packages\playwright\_impl\_locator.py", line 692, in wait_for
    await self._frame.wait_for_selector(
        self._selector, strict=True, timeout=timeout, state=state
    )
  File "C:\Users\Давыдов Александр\Desktop\REPO\!JIRA_new\env\Lib\site-packages\playwright\_impl\_frame.py", line 369, in wait_for_selector
    await self._channel.send(
        "waitForSelector", self._timeout, locals_to_params(locals())
    )
  File "C:\Users\Давыдов Александр\Desktop\REPO\!JIRA_new\env\Lib\site-packages\playwright\_impl\_connection.py", line 69, in send
    return await self._connection.wrap_api_call(
           ^^^^^^^^^^^^^^^^^^^^^^^^^^^^^^^^^^^^^
    ...<3 lines>...
    )
    ^
  File "C:\Users\Давыдов Александр\Desktop\REPO\!JIRA_new\env\Lib\site-packages\playwright\_impl\_connection.py", line 558, in wrap_api_call
    raise rewrite_error(error, f"{parsed_st['apiName']}: {error}") from None
playwright._impl._errors.TargetClosedError: Locator.wait_for: Target page, context or browser has been closed
2026-09-10 13:35:53,464 | ERROR | Ошибка миграции: задача=KISEMIAS2019-21643 система=jira проект=КИС ЕМИАС (KIS)
Traceback (most recent call last):
  File "C:\Users\Давыдов Александр\Desktop\REPO\!JIRA_new\migration_gui.py", line 278, in execute_migration_process
  File "C:\Users\Давыдов Александр\Desktop\REPO\!JIRA_new\jrf.py", line 209, in create_issue
    self.page.goto(CONFIG["dest_jira"]["dashboard"], wait_until="domcontentloaded")
    ~~~~~~~~~~~~~~^^^^^^^^^^^^^^^^^^^^^^^^^^^^^^^^^^^^^^^^^^^^^^^^^^^^^^^^^^^^^^^^^
  File "C:\Users\Давыдов Александр\Desktop\REPO\!JIRA_new\env\Lib\site-packages\playwright\sync_api\_generated.py", line 9019, in goto
    self._sync(
    ~~~~~~~~~~^
        self._impl_obj.goto(
        ^^^^^^^^^^^^^^^^^^^^
            url=url, timeout=timeout, waitUntil=wait_until, referer=referer
            ^^^^^^^^^^^^^^^^^^^^^^^^^^^^^^^^^^^^^^^^^^^^^^^^^^^^^^^^^^^^^^^
        )
        ^
    )
    ^
  File "C:\Users\Давыдов Александр\Desktop\REPO\!JIRA_new\env\Lib\site-packages\playwright\_impl\_sync_base.py", line 115, in _sync
    return task.result()
           ~~~~~~~~~~~^^
  File "C:\Users\Давыдов Александр\Desktop\REPO\!JIRA_new\env\Lib\site-packages\playwright\_impl\_page.py", line 556, in goto
    return await self._main_frame.goto(**locals_to_params(locals()))
           ^^^^^^^^^^^^^^^^^^^^^^^^^^^^^^^^^^^^^^^^^^^^^^^^^^^^^^^^^
  File "C:\Users\Давыдов Александр\Desktop\REPO\!JIRA_new\env\Lib\site-packages\playwright\_impl\_frame.py", line 153, in goto
    await self._channel.send(
        "goto", self._navigation_timeout, locals_to_params(locals())
    )
  File "C:\Users\Давыдов Александр\Desktop\REPO\!JIRA_new\env\Lib\site-packages\playwright\_impl\_connection.py", line 69, in send
    return await self._connection.wrap_api_call(
           ^^^^^^^^^^^^^^^^^^^^^^^^^^^^^^^^^^^^^
    ...<3 lines>...
    )
    ^
  File "C:\Users\Давыдов Александр\Desktop\REPO\!JIRA_new\env\Lib\site-packages\playwright\_impl\_connection.py", line 558, in wrap_api_call
    raise rewrite_error(error, f"{parsed_st['apiName']}: {error}") from None
playwright._impl._errors.TargetClosedError: Page.goto: Target page, context or browser has been closed
2026-09-10 13:36:21,131 | ERROR | Пропущено исходное поле Название
Traceback (most recent call last):
  File "C:\Users\Давыдов Александр\Desktop\REPO\!JIRA_new\migration_gui.py", line 389, in execute_migration_process
    pairs.append((field, read_field(page, field)))
                         ~~~~~~~~~~^^^^^^^^^^^^^
  File "C:\Users\Давыдов Александр\Desktop\REPO\!JIRA_new\field_picker.py", line 256, in read_field
    locator.wait_for(state="visible", timeout=5000)
    ~~~~~~~~~~~~~~~~^^^^^^^^^^^^^^^^^^^^^^^^^^^^^^^
  File "C:\Users\Давыдов Александр\Desktop\REPO\!JIRA_new\env\Lib\site-packages\playwright\sync_api\_generated.py", line 17975, in wait_for
    self._sync(self._impl_obj.wait_for(timeout=timeout, state=state))
    ~~~~~~~~~~^^^^^^^^^^^^^^^^^^^^^^^^^^^^^^^^^^^^^^^^^^^^^^^^^^^^^^^
  File "C:\Users\Давыдов Александр\Desktop\REPO\!JIRA_new\env\Lib\site-packages\playwright\_impl\_sync_base.py", line 115, in _sync
    return task.result()
           ~~~~~~~~~~~^^
  File "C:\Users\Давыдов Александр\Desktop\REPO\!JIRA_new\env\Lib\site-packages\playwright\_impl\_locator.py", line 692, in wait_for
    await self._frame.wait_for_selector(
        self._selector, strict=True, timeout=timeout, state=state
    )
  File "C:\Users\Давыдов Александр\Desktop\REPO\!JIRA_new\env\Lib\site-packages\playwright\_impl\_frame.py", line 369, in wait_for_selector
    await self._channel.send(
        "waitForSelector", self._timeout, locals_to_params(locals())
    )
  File "C:\Users\Давыдов Александр\Desktop\REPO\!JIRA_new\env\Lib\site-packages\playwright\_impl\_connection.py", line 69, in send
    return await self._connection.wrap_api_call(
           ^^^^^^^^^^^^^^^^^^^^^^^^^^^^^^^^^^^^^
    ...<3 lines>...
    )
    ^
  File "C:\Users\Давыдов Александр\Desktop\REPO\!JIRA_new\env\Lib\site-packages\playwright\_impl\_connection.py", line 558, in wrap_api_call
    raise rewrite_error(error, f"{parsed_st['apiName']}: {error}") from None
playwright._impl._errors.TimeoutError: Locator.wait_for: Timeout 5000ms exceeded.
Call log:
  - waiting for locator("#summary-val") to be visible

2026-09-10 13:36:26,153 | ERROR | Пропущено исходное поле Тип
Traceback (most recent call last):
  File "C:\Users\Давыдов Александр\Desktop\REPO\!JIRA_new\migration_gui.py", line 389, in execute_migration_process
    pairs.append((field, read_field(page, field)))
                         ~~~~~~~~~~^^^^^^^^^^^^^
  File "C:\Users\Давыдов Александр\Desktop\REPO\!JIRA_new\field_picker.py", line 256, in read_field
    locator.wait_for(state="visible", timeout=5000)
    ~~~~~~~~~~~~~~~~^^^^^^^^^^^^^^^^^^^^^^^^^^^^^^^
  File "C:\Users\Давыдов Александр\Desktop\REPO\!JIRA_new\env\Lib\site-packages\playwright\sync_api\_generated.py", line 17975, in wait_for
    self._sync(self._impl_obj.wait_for(timeout=timeout, state=state))
    ~~~~~~~~~~^^^^^^^^^^^^^^^^^^^^^^^^^^^^^^^^^^^^^^^^^^^^^^^^^^^^^^^
  File "C:\Users\Давыдов Александр\Desktop\REPO\!JIRA_new\env\Lib\site-packages\playwright\_impl\_sync_base.py", line 115, in _sync
    return task.result()
           ~~~~~~~~~~~^^
  File "C:\Users\Давыдов Александр\Desktop\REPO\!JIRA_new\env\Lib\site-packages\playwright\_impl\_locator.py", line 692, in wait_for
    await self._frame.wait_for_selector(
        self._selector, strict=True, timeout=timeout, state=state
    )
  File "C:\Users\Давыдов Александр\Desktop\REPO\!JIRA_new\env\Lib\site-packages\playwright\_impl\_frame.py", line 369, in wait_for_selector
    await self._channel.send(
        "waitForSelector", self._timeout, locals_to_params(locals())
    )
  File "C:\Users\Давыдов Александр\Desktop\REPO\!JIRA_new\env\Lib\site-packages\playwright\_impl\_connection.py", line 69, in send
    return await self._connection.wrap_api_call(
           ^^^^^^^^^^^^^^^^^^^^^^^^^^^^^^^^^^^^^
    ...<3 lines>...
    )
    ^
  File "C:\Users\Давыдов Александр\Desktop\REPO\!JIRA_new\env\Lib\site-packages\playwright\_impl\_connection.py", line 558, in wrap_api_call
    raise rewrite_error(error, f"{parsed_st['apiName']}: {error}") from None
playwright._impl._errors.TimeoutError: Locator.wait_for: Timeout 5000ms exceeded.
Call log:
  - waiting for locator("#type-val") to be visible

2026-09-10 13:36:31,172 | ERROR | Пропущено исходное поле Приоритет
Traceback (most recent call last):
  File "C:\Users\Давыдов Александр\Desktop\REPO\!JIRA_new\migration_gui.py", line 389, in execute_migration_process
    pairs.append((field, read_field(page, field)))
                         ~~~~~~~~~~^^^^^^^^^^^^^
  File "C:\Users\Давыдов Александр\Desktop\REPO\!JIRA_new\field_picker.py", line 256, in read_field
    locator.wait_for(state="visible", timeout=5000)
    ~~~~~~~~~~~~~~~~^^^^^^^^^^^^^^^^^^^^^^^^^^^^^^^
  File "C:\Users\Давыдов Александр\Desktop\REPO\!JIRA_new\env\Lib\site-packages\playwright\sync_api\_generated.py", line 17975, in wait_for
    self._sync(self._impl_obj.wait_for(timeout=timeout, state=state))
    ~~~~~~~~~~^^^^^^^^^^^^^^^^^^^^^^^^^^^^^^^^^^^^^^^^^^^^^^^^^^^^^^^
  File "C:\Users\Давыдов Александр\Desktop\REPO\!JIRA_new\env\Lib\site-packages\playwright\_impl\_sync_base.py", line 115, in _sync
    return task.result()
           ~~~~~~~~~~~^^
  File "C:\Users\Давыдов Александр\Desktop\REPO\!JIRA_new\env\Lib\site-packages\playwright\_impl\_locator.py", line 692, in wait_for
    await self._frame.wait_for_selector(
        self._selector, strict=True, timeout=timeout, state=state
    )
  File "C:\Users\Давыдов Александр\Desktop\REPO\!JIRA_new\env\Lib\site-packages\playwright\_impl\_frame.py", line 369, in wait_for_selector
    await self._channel.send(
        "waitForSelector", self._timeout, locals_to_params(locals())
    )
  File "C:\Users\Давыдов Александр\Desktop\REPO\!JIRA_new\env\Lib\site-packages\playwright\_impl\_connection.py", line 69, in send
    return await self._connection.wrap_api_call(
           ^^^^^^^^^^^^^^^^^^^^^^^^^^^^^^^^^^^^^
    ...<3 lines>...
    )
    ^
  File "C:\Users\Давыдов Александр\Desktop\REPO\!JIRA_new\env\Lib\site-packages\playwright\_impl\_connection.py", line 558, in wrap_api_call
    raise rewrite_error(error, f"{parsed_st['apiName']}: {error}") from None
playwright._impl._errors.TimeoutError: Locator.wait_for: Timeout 5000ms exceeded.
Call log:
  - waiting for locator("#priority-val") to be visible

2026-09-10 13:36:36,184 | ERROR | Пропущено исходное поле Метки
Traceback (most recent call last):
  File "C:\Users\Давыдов Александр\Desktop\REPO\!JIRA_new\migration_gui.py", line 389, in execute_migration_process
    pairs.append((field, read_field(page, field)))
                         ~~~~~~~~~~^^^^^^^^^^^^^
  File "C:\Users\Давыдов Александр\Desktop\REPO\!JIRA_new\field_picker.py", line 256, in read_field
    locator.wait_for(state="visible", timeout=5000)
    ~~~~~~~~~~~~~~~~^^^^^^^^^^^^^^^^^^^^^^^^^^^^^^^
  File "C:\Users\Давыдов Александр\Desktop\REPO\!JIRA_new\env\Lib\site-packages\playwright\sync_api\_generated.py", line 17975, in wait_for
    self._sync(self._impl_obj.wait_for(timeout=timeout, state=state))
    ~~~~~~~~~~^^^^^^^^^^^^^^^^^^^^^^^^^^^^^^^^^^^^^^^^^^^^^^^^^^^^^^^
  File "C:\Users\Давыдов Александр\Desktop\REPO\!JIRA_new\env\Lib\site-packages\playwright\_impl\_sync_base.py", line 115, in _sync
    return task.result()
           ~~~~~~~~~~~^^
  File "C:\Users\Давыдов Александр\Desktop\REPO\!JIRA_new\env\Lib\site-packages\playwright\_impl\_locator.py", line 692, in wait_for
    await self._frame.wait_for_selector(
        self._selector, strict=True, timeout=timeout, state=state
    )
  File "C:\Users\Давыдов Александр\Desktop\REPO\!JIRA_new\env\Lib\site-packages\playwright\_impl\_frame.py", line 369, in wait_for_selector
    await self._channel.send(
        "waitForSelector", self._timeout, locals_to_params(locals())
    )
  File "C:\Users\Давыдов Александр\Desktop\REPO\!JIRA_new\env\Lib\site-packages\playwright\_impl\_connection.py", line 69, in send
    return await self._connection.wrap_api_call(
           ^^^^^^^^^^^^^^^^^^^^^^^^^^^^^^^^^^^^^
    ...<3 lines>...
    )
    ^
  File "C:\Users\Давыдов Александр\Desktop\REPO\!JIRA_new\env\Lib\site-packages\playwright\_impl\_connection.py", line 558, in wrap_api_call
    raise rewrite_error(error, f"{parsed_st['apiName']}: {error}") from None
playwright._impl._errors.TimeoutError: Locator.wait_for: Timeout 5000ms exceeded.
Call log:
  - waiting for locator("#wrap-labels") to be visible

2026-09-10 13:36:41,195 | ERROR | Пропущено исходное поле Исправить_в_версиях
Traceback (most recent call last):
  File "C:\Users\Давыдов Александр\Desktop\REPO\!JIRA_new\migration_gui.py", line 389, in execute_migration_process
    pairs.append((field, read_field(page, field)))
                         ~~~~~~~~~~^^^^^^^^^^^^^
  File "C:\Users\Давыдов Александр\Desktop\REPO\!JIRA_new\field_picker.py", line 256, in read_field
    locator.wait_for(state="visible", timeout=5000)
    ~~~~~~~~~~~~~~~~^^^^^^^^^^^^^^^^^^^^^^^^^^^^^^^
  File "C:\Users\Давыдов Александр\Desktop\REPO\!JIRA_new\env\Lib\site-packages\playwright\sync_api\_generated.py", line 17975, in wait_for
    self._sync(self._impl_obj.wait_for(timeout=timeout, state=state))
    ~~~~~~~~~~^^^^^^^^^^^^^^^^^^^^^^^^^^^^^^^^^^^^^^^^^^^^^^^^^^^^^^^
  File "C:\Users\Давыдов Александр\Desktop\REPO\!JIRA_new\env\Lib\site-packages\playwright\_impl\_sync_base.py", line 115, in _sync
    return task.result()
           ~~~~~~~~~~~^^
  File "C:\Users\Давыдов Александр\Desktop\REPO\!JIRA_new\env\Lib\site-packages\playwright\_impl\_locator.py", line 692, in wait_for
    await self._frame.wait_for_selector(
        self._selector, strict=True, timeout=timeout, state=state
    )
  File "C:\Users\Давыдов Александр\Desktop\REPO\!JIRA_new\env\Lib\site-packages\playwright\_impl\_frame.py", line 369, in wait_for_selector
    await self._channel.send(
        "waitForSelector", self._timeout, locals_to_params(locals())
    )
  File "C:\Users\Давыдов Александр\Desktop\REPO\!JIRA_new\env\Lib\site-packages\playwright\_impl\_connection.py", line 69, in send
    return await self._connection.wrap_api_call(
           ^^^^^^^^^^^^^^^^^^^^^^^^^^^^^^^^^^^^^
    ...<3 lines>...
    )
    ^
  File "C:\Users\Давыдов Александр\Desktop\REPO\!JIRA_new\env\Lib\site-packages\playwright\_impl\_connection.py", line 558, in wrap_api_call
    raise rewrite_error(error, f"{parsed_st['apiName']}: {error}") from None
playwright._impl._errors.TimeoutError: Locator.wait_for: Timeout 5000ms exceeded.
Call log:
  - waiting for locator("#fixfor-val") to be visible

2026-09-10 13:36:41,825 | ERROR | Пропущено исходное поле Описание
Traceback (most recent call last):
  File "C:\Users\Давыдов Александр\Desktop\REPO\!JIRA_new\migration_gui.py", line 389, in execute_migration_process
    pairs.append((field, read_field(page, field)))
                         ~~~~~~~~~~^^^^^^^^^^^^^
  File "C:\Users\Давыдов Александр\Desktop\REPO\!JIRA_new\field_picker.py", line 256, in read_field
    locator.wait_for(state="visible", timeout=5000)
    ~~~~~~~~~~~~~~~~^^^^^^^^^^^^^^^^^^^^^^^^^^^^^^^
  File "C:\Users\Давыдов Александр\Desktop\REPO\!JIRA_new\env\Lib\site-packages\playwright\sync_api\_generated.py", line 17975, in wait_for
    self._sync(self._impl_obj.wait_for(timeout=timeout, state=state))
    ~~~~~~~~~~^^^^^^^^^^^^^^^^^^^^^^^^^^^^^^^^^^^^^^^^^^^^^^^^^^^^^^^
  File "C:\Users\Давыдов Александр\Desktop\REPO\!JIRA_new\env\Lib\site-packages\playwright\_impl\_sync_base.py", line 115, in _sync
    return task.result()
           ~~~~~~~~~~~^^
  File "C:\Users\Давыдов Александр\Desktop\REPO\!JIRA_new\env\Lib\site-packages\playwright\_impl\_locator.py", line 692, in wait_for
    await self._frame.wait_for_selector(
        self._selector, strict=True, timeout=timeout, state=state
    )
  File "C:\Users\Давыдов Александр\Desktop\REPO\!JIRA_new\env\Lib\site-packages\playwright\_impl\_frame.py", line 369, in wait_for_selector
    await self._channel.send(
        "waitForSelector", self._timeout, locals_to_params(locals())
    )
  File "C:\Users\Давыдов Александр\Desktop\REPO\!JIRA_new\env\Lib\site-packages\playwright\_impl\_connection.py", line 69, in send
    return await self._connection.wrap_api_call(
           ^^^^^^^^^^^^^^^^^^^^^^^^^^^^^^^^^^^^^
    ...<3 lines>...
    )
    ^
  File "C:\Users\Давыдов Александр\Desktop\REPO\!JIRA_new\env\Lib\site-packages\playwright\_impl\_connection.py", line 558, in wrap_api_call
    raise rewrite_error(error, f"{parsed_st['apiName']}: {error}") from None
playwright._impl._errors.TargetClosedError: Locator.wait_for: Target page, context or browser has been closed
Call log:
  - waiting for locator("#description-val") to be visible

2026-09-10 13:36:41,877 | ERROR | Пропущено исходное поле Вложенные_файлы_Опции
Traceback (most recent call last):
  File "C:\Users\Давыдов Александр\Desktop\REPO\!JIRA_new\migration_gui.py", line 389, in execute_migration_process
    pairs.append((field, read_field(page, field)))
                         ~~~~~~~~~~^^^^^^^^^^^^^
  File "C:\Users\Давыдов Александр\Desktop\REPO\!JIRA_new\field_picker.py", line 256, in read_field
    locator.wait_for(state="visible", timeout=5000)
    ~~~~~~~~~~~~~~~~^^^^^^^^^^^^^^^^^^^^^^^^^^^^^^^
  File "C:\Users\Давыдов Александр\Desktop\REPO\!JIRA_new\env\Lib\site-packages\playwright\sync_api\_generated.py", line 17975, in wait_for
    self._sync(self._impl_obj.wait_for(timeout=timeout, state=state))
    ~~~~~~~~~~^^^^^^^^^^^^^^^^^^^^^^^^^^^^^^^^^^^^^^^^^^^^^^^^^^^^^^^
  File "C:\Users\Давыдов Александр\Desktop\REPO\!JIRA_new\env\Lib\site-packages\playwright\_impl\_sync_base.py", line 115, in _sync
    return task.result()
           ~~~~~~~~~~~^^
  File "C:\Users\Давыдов Александр\Desktop\REPO\!JIRA_new\env\Lib\site-packages\playwright\_impl\_locator.py", line 692, in wait_for
    await self._frame.wait_for_selector(
        self._selector, strict=True, timeout=timeout, state=state
    )
  File "C:\Users\Давыдов Александр\Desktop\REPO\!JIRA_new\env\Lib\site-packages\playwright\_impl\_frame.py", line 369, in wait_for_selector
    await self._channel.send(
        "waitForSelector", self._timeout, locals_to_params(locals())
    )
  File "C:\Users\Давыдов Александр\Desktop\REPO\!JIRA_new\env\Lib\site-packages\playwright\_impl\_connection.py", line 69, in send
    return await self._connection.wrap_api_call(
           ^^^^^^^^^^^^^^^^^^^^^^^^^^^^^^^^^^^^^
    ...<3 lines>...
    )
    ^
  File "C:\Users\Давыдов Александр\Desktop\REPO\!JIRA_new\env\Lib\site-packages\playwright\_impl\_connection.py", line 558, in wrap_api_call
    raise rewrite_error(error, f"{parsed_st['apiName']}: {error}") from None
playwright._impl._errors.TargetClosedError: Locator.wait_for: Target page, context or browser has been closed
2026-09-10 13:36:42,120 | ERROR | Ошибка миграции: задача=KISEMIAS2019-21643 система=jira проект=КИС ЕМИАС (KIS)
Traceback (most recent call last):
  File "C:\Users\Давыдов Александр\Desktop\REPO\!JIRA_new\migration_gui.py", line 426, in execute_migration_process
    destination.create_issue({}, task_id, target_project, issue_type=issue_type)
    ~~~~~~~~~~~~~~~~~~~~~~~~^^^^^^^^^^^^^^^^^^^^^^^^^^^^^^^^^^^^^^^^^^^^^^^^^^^^
  File "C:\Users\Давыдов Александр\Desktop\REPO\!JIRA_new\jrf.py", line 209, in create_issue
    self.page.goto(CONFIG["dest_jira"]["dashboard"], wait_until="domcontentloaded")
    ~~~~~~~~~~~~~~^^^^^^^^^^^^^^^^^^^^^^^^^^^^^^^^^^^^^^^^^^^^^^^^^^^^^^^^^^^^^^^^^
  File "C:\Users\Давыдов Александр\Desktop\REPO\!JIRA_new\env\Lib\site-packages\playwright\sync_api\_generated.py", line 9019, in goto
    self._sync(
    ~~~~~~~~~~^
        self._impl_obj.goto(
        ^^^^^^^^^^^^^^^^^^^^
            url=url, timeout=timeout, waitUntil=wait_until, referer=referer
            ^^^^^^^^^^^^^^^^^^^^^^^^^^^^^^^^^^^^^^^^^^^^^^^^^^^^^^^^^^^^^^^
        )
        ^
    )
    ^
  File "C:\Users\Давыдов Александр\Desktop\REPO\!JIRA_new\env\Lib\site-packages\playwright\_impl\_sync_base.py", line 115, in _sync
    return task.result()
           ~~~~~~~~~~~^^
  File "C:\Users\Давыдов Александр\Desktop\REPO\!JIRA_new\env\Lib\site-packages\playwright\_impl\_page.py", line 556, in goto
    return await self._main_frame.goto(**locals_to_params(locals()))
           ^^^^^^^^^^^^^^^^^^^^^^^^^^^^^^^^^^^^^^^^^^^^^^^^^^^^^^^^^
  File "C:\Users\Давыдов Александр\Desktop\REPO\!JIRA_new\env\Lib\site-packages\playwright\_impl\_frame.py", line 153, in goto
    await self._channel.send(
        "goto", self._navigation_timeout, locals_to_params(locals())
    )
  File "C:\Users\Давыдов Александр\Desktop\REPO\!JIRA_new\env\Lib\site-packages\playwright\_impl\_connection.py", line 69, in send
    return await self._connection.wrap_api_call(
           ^^^^^^^^^^^^^^^^^^^^^^^^^^^^^^^^^^^^^
    ...<3 lines>...
    )
    ^
  File "C:\Users\Давыдов Александр\Desktop\REPO\!JIRA_new\env\Lib\site-packages\playwright\_impl\_connection.py", line 558, in wrap_api_call
    raise rewrite_error(error, f"{parsed_st['apiName']}: {error}") from None
playwright._impl._errors.TargetClosedError: Page.goto: Target page, context or browser has been closed
2026-09-10 13:38:07,013 | ERROR | Ошибка миграции: задача=KISEMIAS2019-21643 система=jira проект=КИС ЕМИАС (KIS)
Traceback (most recent call last):
  File "C:\Users\Давыдов Александр\Desktop\REPO\!JIRA_new\migration_gui.py", line 380, in execute_migration_process
    source_page.open_issue(prefix, task_id)
    ~~~~~~~~~~~~~~~~~~~~~~^^^^^^^^^^^^^^^^^
  File "C:\Users\Давыдов Александр\Desktop\REPO\!JIRA_new\jrf.py", line 93, in open_issue
    self.login_if_needed()
    ~~~~~~~~~~~~~~~~~~~~^^
  File "C:\Users\Давыдов Александр\Desktop\REPO\!JIRA_new\jrf.py", line 128, in login_if_needed
    self.page.locator(SJ["login_button"]).first.click()
    ~~~~~~~~~~~~~~~~~~~~~~~~~~~~~~~~~~~~~~~~~~~~~~~~~^^
  File "C:\Users\Давыдов Александр\Desktop\REPO\!JIRA_new\env\Lib\site-packages\playwright\sync_api\_generated.py", line 15543, in click
    self._sync(
    ~~~~~~~~~~^
        self._impl_obj.click(
        ^^^^^^^^^^^^^^^^^^^^^
    ...<9 lines>...
        )
        ^
    )
    ^
  File "C:\Users\Давыдов Александр\Desktop\REPO\!JIRA_new\env\Lib\site-packages\playwright\_impl\_sync_base.py", line 115, in _sync
    return task.result()
           ~~~~~~~~~~~^^
  File "C:\Users\Давыдов Александр\Desktop\REPO\!JIRA_new\env\Lib\site-packages\playwright\_impl\_locator.py", line 160, in click
    return await self._frame.click(self._selector, strict=True, **params)
           ^^^^^^^^^^^^^^^^^^^^^^^^^^^^^^^^^^^^^^^^^^^^^^^^^^^^^^^^^^^^^^
  File "C:\Users\Давыдов Александр\Desktop\REPO\!JIRA_new\env\Lib\site-packages\playwright\_impl\_frame.py", line 549, in click
    await self._channel.send("click", self._timeout, locals_to_params(locals()))
  File "C:\Users\Давыдов Александр\Desktop\REPO\!JIRA_new\env\Lib\site-packages\playwright\_impl\_connection.py", line 69, in send
    return await self._connection.wrap_api_call(
           ^^^^^^^^^^^^^^^^^^^^^^^^^^^^^^^^^^^^^
    ...<3 lines>...
    )
    ^
  File "C:\Users\Давыдов Александр\Desktop\REPO\!JIRA_new\env\Lib\site-packages\playwright\_impl\_connection.py", line 558, in wrap_api_call
    raise rewrite_error(error, f"{parsed_st['apiName']}: {error}") from None
playwright._impl._errors.TimeoutError: Locator.click: Timeout 15000ms exceeded.
Call log:
  - waiting for locator("#login-button, button[type='submit'], input[type='submit']").first
    - locator resolved to <input type="submit" class="hidden" value="Search"/>
  - attempting click action
    2 × waiting for element to be visible, enabled and stable
      - element is not visible
    - retrying click action
    - waiting 20ms
    2 × waiting for element to be visible, enabled and stable
      - element is not visible
    - retrying click action
      - waiting 100ms
    28 × waiting for element to be visible, enabled and stable
       - element is not visible
     - retrying click action
       - waiting 500ms

2026-09-10 13:38:58,442 | ERROR | Ошибка миграции: задача=KISEMIAS2019-21643 система=jira проект=КИС ЕМИАС (KIS)
Traceback (most recent call last):
  File "C:\Users\Давыдов Александр\Desktop\REPO\!JIRA_new\migration_gui.py", line 380, in execute_migration_process
    source_page.open_issue(prefix, task_id)
    ~~~~~~~~~~~~~~~~~~~~~~^^^^^^^^^^^^^^^^^
  File "C:\Users\Давыдов Александр\Desktop\REPO\!JIRA_new\jrf.py", line 93, in open_issue
    self.login_if_needed()
    ~~~~~~~~~~~~~~~~~~~~^^
  File "C:\Users\Давыдов Александр\Desktop\REPO\!JIRA_new\jrf.py", line 132, in login_if_needed
    self.page.locator(SJ["summary"]).first.wait_for(state="visible", timeout=30_000)
    ~~~~~~~~~~~~~~~~~~~~~~~~~~~~~~~~~~~~~~~~~~~~~~~^^^^^^^^^^^^^^^^^^^^^^^^^^^^^^^^^
  File "C:\Users\Давыдов Александр\Desktop\REPO\!JIRA_new\env\Lib\site-packages\playwright\sync_api\_generated.py", line 17975, in wait_for
    self._sync(self._impl_obj.wait_for(timeout=timeout, state=state))
    ~~~~~~~~~~^^^^^^^^^^^^^^^^^^^^^^^^^^^^^^^^^^^^^^^^^^^^^^^^^^^^^^^
  File "C:\Users\Давыдов Александр\Desktop\REPO\!JIRA_new\env\Lib\site-packages\playwright\_impl\_sync_base.py", line 115, in _sync
    return task.result()
           ~~~~~~~~~~~^^
  File "C:\Users\Давыдов Александр\Desktop\REPO\!JIRA_new\env\Lib\site-packages\playwright\_impl\_locator.py", line 692, in wait_for
    await self._frame.wait_for_selector(
        self._selector, strict=True, timeout=timeout, state=state
    )
  File "C:\Users\Давыдов Александр\Desktop\REPO\!JIRA_new\env\Lib\site-packages\playwright\_impl\_frame.py", line 369, in wait_for_selector
    await self._channel.send(
        "waitForSelector", self._timeout, locals_to_params(locals())
    )
  File "C:\Users\Давыдов Александр\Desktop\REPO\!JIRA_new\env\Lib\site-packages\playwright\_impl\_connection.py", line 69, in send
    return await self._connection.wrap_api_call(
           ^^^^^^^^^^^^^^^^^^^^^^^^^^^^^^^^^^^^^
    ...<3 lines>...
    )
    ^
  File "C:\Users\Давыдов Александр\Desktop\REPO\!JIRA_new\env\Lib\site-packages\playwright\_impl\_connection.py", line 558, in wrap_api_call
    raise rewrite_error(error, f"{parsed_st['apiName']}: {error}") from None
playwright._impl._errors.TargetClosedError: Locator.wait_for: Target page, context or browser has been closed
Call log:
  - waiting for locator("#summary-val").first to be visible
    - waiting for" https://jira.mos.social/browse/KISEMIAS2019-21643" navigation to finish...
    - navigated to "https://jira.mos.social/login.jsp?permissionViolation=true&os_destination=%2Fbrowse%2FKISEMIAS2019-21643&page_caps=&user_role="

2026-09-10 13:39:11,907 | ERROR | Пропущено целевое поле Приоритет → #priority-field
Traceback (most recent call last):
  File "C:\Users\Давыдов Александр\Desktop\REPO\!JIRA_new\migration_gui.py", line 435, in execute_migration_process
    fill_mapped_fields(page, [(field, value)])
    ~~~~~~~~~~~~~~~~~~^^^^^^^^^^^^^^^^^^^^^^^^
  File "C:\Users\Давыдов Александр\Desktop\REPO\!JIRA_new\field_picker.py", line 241, in fill_mapped_fields
    page.get_by_role('option', name=value, exact=True).filter(visible=True).first.click(timeout=FIELD_FILL_TIMEOUT_MS)
    ~~~~~~~~~~~~~~~~~~~~~~~~~~~~~~~~~~~~~~~~~~~~~~~~~~~~~~~~~~~~~~~~~~~~~~~~~~~~~~~~~~~^^^^^^^^^^^^^^^^^^^^^^^^^^^^^^^
  File "C:\Users\Давыдов Александр\Desktop\REPO\!JIRA_new\env\Lib\site-packages\playwright\sync_api\_generated.py", line 15543, in click
    self._sync(
    ~~~~~~~~~~^
        self._impl_obj.click(
        ^^^^^^^^^^^^^^^^^^^^^
    ...<9 lines>...
        )
        ^
    )
    ^
  File "C:\Users\Давыдов Александр\Desktop\REPO\!JIRA_new\env\Lib\site-packages\playwright\_impl\_sync_base.py", line 115, in _sync
    return task.result()
           ~~~~~~~~~~~^^
  File "C:\Users\Давыдов Александр\Desktop\REPO\!JIRA_new\env\Lib\site-packages\playwright\_impl\_locator.py", line 160, in click
    return await self._frame.click(self._selector, strict=True, **params)
           ^^^^^^^^^^^^^^^^^^^^^^^^^^^^^^^^^^^^^^^^^^^^^^^^^^^^^^^^^^^^^^
  File "C:\Users\Давыдов Александр\Desktop\REPO\!JIRA_new\env\Lib\site-packages\playwright\_impl\_frame.py", line 549, in click
    await self._channel.send("click", self._timeout, locals_to_params(locals()))
  File "C:\Users\Давыдов Александр\Desktop\REPO\!JIRA_new\env\Lib\site-packages\playwright\_impl\_connection.py", line 69, in send
    return await self._connection.wrap_api_call(
           ^^^^^^^^^^^^^^^^^^^^^^^^^^^^^^^^^^^^^
    ...<3 lines>...
    )
    ^
  File "C:\Users\Давыдов Александр\Desktop\REPO\!JIRA_new\env\Lib\site-packages\playwright\_impl\_connection.py", line 558, in wrap_api_call
    raise rewrite_error(error, f"{parsed_st['apiName']}: {error}") from None
playwright._impl._errors.TimeoutError: Locator.click: Timeout 1000ms exceeded.
Call log:
  - waiting for get_by_role("option", name="Критический", exact=True).filter(visible=True).first

2026-09-10 13:39:12,968 | ERROR | Пропущено целевое поле Метки → #labels-textarea
Traceback (most recent call last):
  File "C:\Users\Давыдов Александр\Desktop\REPO\!JIRA_new\migration_gui.py", line 435, in execute_migration_process
    fill_mapped_fields(page, [(field, value)])
    ~~~~~~~~~~~~~~~~~~^^^^^^^^^^^^^^^^^^^^^^^^
  File "C:\Users\Давыдов Александр\Desktop\REPO\!JIRA_new\field_picker.py", line 241, in fill_mapped_fields
    page.get_by_role('option', name=value, exact=True).filter(visible=True).first.click(timeout=FIELD_FILL_TIMEOUT_MS)
    ~~~~~~~~~~~~~~~~~~~~~~~~~~~~~~~~~~~~~~~~~~~~~~~~~~~~~~~~~~~~~~~~~~~~~~~~~~~~~~~~~~~^^^^^^^^^^^^^^^^^^^^^^^^^^^^^^^
  File "C:\Users\Давыдов Александр\Desktop\REPO\!JIRA_new\env\Lib\site-packages\playwright\sync_api\_generated.py", line 15543, in click
    self._sync(
    ~~~~~~~~~~^
        self._impl_obj.click(
        ^^^^^^^^^^^^^^^^^^^^^
    ...<9 lines>...
        )
        ^
    )
    ^
  File "C:\Users\Давыдов Александр\Desktop\REPO\!JIRA_new\env\Lib\site-packages\playwright\_impl\_sync_base.py", line 115, in _sync
    return task.result()
           ~~~~~~~~~~~^^
  File "C:\Users\Давыдов Александр\Desktop\REPO\!JIRA_new\env\Lib\site-packages\playwright\_impl\_locator.py", line 160, in click
    return await self._frame.click(self._selector, strict=True, **params)
           ^^^^^^^^^^^^^^^^^^^^^^^^^^^^^^^^^^^^^^^^^^^^^^^^^^^^^^^^^^^^^^
  File "C:\Users\Давыдов Александр\Desktop\REPO\!JIRA_new\env\Lib\site-packages\playwright\_impl\_frame.py", line 549, in click
    await self._channel.send("click", self._timeout, locals_to_params(locals()))
  File "C:\Users\Давыдов Александр\Desktop\REPO\!JIRA_new\env\Lib\site-packages\playwright\_impl\_connection.py", line 69, in send
    return await self._connection.wrap_api_call(
           ^^^^^^^^^^^^^^^^^^^^^^^^^^^^^^^^^^^^^
    ...<3 lines>...
    )
    ^
  File "C:\Users\Давыдов Александр\Desktop\REPO\!JIRA_new\env\Lib\site-packages\playwright\_impl\_connection.py", line 558, in wrap_api_call
    raise rewrite_error(error, f"{parsed_st['apiName']}: {error}") from None
playwright._impl._errors.TimeoutError: Locator.click: Timeout 1000ms exceeded.
Call log:
  - waiting for get_by_role("option", name="Метки:\nКИС_КРИТИЧЕСКИЙ_ПУТЬ ОТ ПМУ", exact=True).filter(visible=True).first

2026-09-10 13:39:14,031 | ERROR | Пропущено целевое поле Исправить_в_версиях → #fixVersions-textarea
Traceback (most recent call last):
  File "C:\Users\Давыдов Александр\Desktop\REPO\!JIRA_new\migration_gui.py", line 435, in execute_migration_process
    fill_mapped_fields(page, [(field, value)])
    ~~~~~~~~~~~~~~~~~~^^^^^^^^^^^^^^^^^^^^^^^^
  File "C:\Users\Давыдов Александр\Desktop\REPO\!JIRA_new\field_picker.py", line 241, in fill_mapped_fields
    page.get_by_role('option', name=value, exact=True).filter(visible=True).first.click(timeout=FIELD_FILL_TIMEOUT_MS)
    ~~~~~~~~~~~~~~~~~~~~~~~~~~~~~~~~~~~~~~~~~~~~~~~~~~~~~~~~~~~~~~~~~~~~~~~~~~~~~~~~~~~^^^^^^^^^^^^^^^^^^^^^^^^^^^^^^^
  File "C:\Users\Давыдов Александр\Desktop\REPO\!JIRA_new\env\Lib\site-packages\playwright\sync_api\_generated.py", line 15543, in click
    self._sync(
    ~~~~~~~~~~^
        self._impl_obj.click(
        ^^^^^^^^^^^^^^^^^^^^^
    ...<9 lines>...
        )
        ^
    )
    ^
  File "C:\Users\Давыдов Александр\Desktop\REPO\!JIRA_new\env\Lib\site-packages\playwright\_impl\_sync_base.py", line 115, in _sync
    return task.result()
           ~~~~~~~~~~~^^
  File "C:\Users\Давыдов Александр\Desktop\REPO\!JIRA_new\env\Lib\site-packages\playwright\_impl\_locator.py", line 160, in click
    return await self._frame.click(self._selector, strict=True, **params)
           ^^^^^^^^^^^^^^^^^^^^^^^^^^^^^^^^^^^^^^^^^^^^^^^^^^^^^^^^^^^^^^
  File "C:\Users\Давыдов Александр\Desktop\REPO\!JIRA_new\env\Lib\site-packages\playwright\_impl\_frame.py", line 549, in click
    await self._channel.send("click", self._timeout, locals_to_params(locals()))
  File "C:\Users\Давыдов Александр\Desktop\REPO\!JIRA_new\env\Lib\site-packages\playwright\_impl\_connection.py", line 69, in send
    return await self._connection.wrap_api_call(
           ^^^^^^^^^^^^^^^^^^^^^^^^^^^^^^^^^^^^^
    ...<3 lines>...
    )
    ^
  File "C:\Users\Давыдов Александр\Desktop\REPO\!JIRA_new\env\Lib\site-packages\playwright\_impl\_connection.py", line 558, in wrap_api_call
    raise rewrite_error(error, f"{parsed_st['apiName']}: {error}") from None
playwright._impl._errors.TimeoutError: Locator.click: Timeout 1000ms exceeded.
Call log:
  - waiting for get_by_role("option", name="Не заполнено", exact=True).filter(visible=True).first

2026-09-10 13:43:35,667 | ERROR | Пропущено исходное поле Название
Traceback (most recent call last):
  File "C:\Users\Давыдов Александр\Desktop\REPO\!JIRA_new\migration_gui.py", line 389, in execute_migration_process
    pairs.append((field, read_field(page, field)))
                         ~~~~~~~~~~^^^^^^^^^^^^^
  File "C:\Users\Давыдов Александр\Desktop\REPO\!JIRA_new\field_picker.py", line 256, in read_field
    locator.wait_for(state="visible", timeout=5000)
    ~~~~~~~~~~~~~~~~^^^^^^^^^^^^^^^^^^^^^^^^^^^^^^^
  File "C:\Users\Давыдов Александр\Desktop\REPO\!JIRA_new\env\Lib\site-packages\playwright\sync_api\_generated.py", line 17975, in wait_for
    self._sync(self._impl_obj.wait_for(timeout=timeout, state=state))
    ~~~~~~~~~~^^^^^^^^^^^^^^^^^^^^^^^^^^^^^^^^^^^^^^^^^^^^^^^^^^^^^^^
  File "C:\Users\Давыдов Александр\Desktop\REPO\!JIRA_new\env\Lib\site-packages\playwright\_impl\_sync_base.py", line 115, in _sync
    return task.result()
           ~~~~~~~~~~~^^
  File "C:\Users\Давыдов Александр\Desktop\REPO\!JIRA_new\env\Lib\site-packages\playwright\_impl\_locator.py", line 692, in wait_for
    await self._frame.wait_for_selector(
        self._selector, strict=True, timeout=timeout, state=state
    )
  File "C:\Users\Давыдов Александр\Desktop\REPO\!JIRA_new\env\Lib\site-packages\playwright\_impl\_frame.py", line 369, in wait_for_selector
    await self._channel.send(
        "waitForSelector", self._timeout, locals_to_params(locals())
    )
  File "C:\Users\Давыдов Александр\Desktop\REPO\!JIRA_new\env\Lib\site-packages\playwright\_impl\_connection.py", line 69, in send
    return await self._connection.wrap_api_call(
           ^^^^^^^^^^^^^^^^^^^^^^^^^^^^^^^^^^^^^
    ...<3 lines>...
    )
    ^
  File "C:\Users\Давыдов Александр\Desktop\REPO\!JIRA_new\env\Lib\site-packages\playwright\_impl\_connection.py", line 558, in wrap_api_call
    raise rewrite_error(error, f"{parsed_st['apiName']}: {error}") from None
playwright._impl._errors.TimeoutError: Locator.wait_for: Timeout 5000ms exceeded.
Call log:
  - waiting for locator("#summary-val") to be visible

2026-09-10 13:43:40,685 | ERROR | Пропущено исходное поле Тип
Traceback (most recent call last):
  File "C:\Users\Давыдов Александр\Desktop\REPO\!JIRA_new\migration_gui.py", line 389, in execute_migration_process
    pairs.append((field, read_field(page, field)))
                         ~~~~~~~~~~^^^^^^^^^^^^^
  File "C:\Users\Давыдов Александр\Desktop\REPO\!JIRA_new\field_picker.py", line 256, in read_field
    locator.wait_for(state="visible", timeout=5000)
    ~~~~~~~~~~~~~~~~^^^^^^^^^^^^^^^^^^^^^^^^^^^^^^^
  File "C:\Users\Давыдов Александр\Desktop\REPO\!JIRA_new\env\Lib\site-packages\playwright\sync_api\_generated.py", line 17975, in wait_for
    self._sync(self._impl_obj.wait_for(timeout=timeout, state=state))
    ~~~~~~~~~~^^^^^^^^^^^^^^^^^^^^^^^^^^^^^^^^^^^^^^^^^^^^^^^^^^^^^^^
  File "C:\Users\Давыдов Александр\Desktop\REPO\!JIRA_new\env\Lib\site-packages\playwright\_impl\_sync_base.py", line 115, in _sync
    return task.result()
           ~~~~~~~~~~~^^
  File "C:\Users\Давыдов Александр\Desktop\REPO\!JIRA_new\env\Lib\site-packages\playwright\_impl\_locator.py", line 692, in wait_for
    await self._frame.wait_for_selector(
        self._selector, strict=True, timeout=timeout, state=state
    )
  File "C:\Users\Давыдов Александр\Desktop\REPO\!JIRA_new\env\Lib\site-packages\playwright\_impl\_frame.py", line 369, in wait_for_selector
    await self._channel.send(
        "waitForSelector", self._timeout, locals_to_params(locals())
    )
  File "C:\Users\Давыдов Александр\Desktop\REPO\!JIRA_new\env\Lib\site-packages\playwright\_impl\_connection.py", line 69, in send
    return await self._connection.wrap_api_call(
           ^^^^^^^^^^^^^^^^^^^^^^^^^^^^^^^^^^^^^
    ...<3 lines>...
    )
    ^
  File "C:\Users\Давыдов Александр\Desktop\REPO\!JIRA_new\env\Lib\site-packages\playwright\_impl\_connection.py", line 558, in wrap_api_call
    raise rewrite_error(error, f"{parsed_st['apiName']}: {error}") from None
playwright._impl._errors.TimeoutError: Locator.wait_for: Timeout 5000ms exceeded.
Call log:
  - waiting for locator("#type-val") to be visible

2026-09-10 13:43:45,701 | ERROR | Пропущено исходное поле Приоритет
Traceback (most recent call last):
  File "C:\Users\Давыдов Александр\Desktop\REPO\!JIRA_new\migration_gui.py", line 389, in execute_migration_process
    pairs.append((field, read_field(page, field)))
                         ~~~~~~~~~~^^^^^^^^^^^^^
  File "C:\Users\Давыдов Александр\Desktop\REPO\!JIRA_new\field_picker.py", line 256, in read_field
    locator.wait_for(state="visible", timeout=5000)
    ~~~~~~~~~~~~~~~~^^^^^^^^^^^^^^^^^^^^^^^^^^^^^^^
  File "C:\Users\Давыдов Александр\Desktop\REPO\!JIRA_new\env\Lib\site-packages\playwright\sync_api\_generated.py", line 17975, in wait_for
    self._sync(self._impl_obj.wait_for(timeout=timeout, state=state))
    ~~~~~~~~~~^^^^^^^^^^^^^^^^^^^^^^^^^^^^^^^^^^^^^^^^^^^^^^^^^^^^^^^
  File "C:\Users\Давыдов Александр\Desktop\REPO\!JIRA_new\env\Lib\site-packages\playwright\_impl\_sync_base.py", line 115, in _sync
    return task.result()
           ~~~~~~~~~~~^^
  File "C:\Users\Давыдов Александр\Desktop\REPO\!JIRA_new\env\Lib\site-packages\playwright\_impl\_locator.py", line 692, in wait_for
    await self._frame.wait_for_selector(
        self._selector, strict=True, timeout=timeout, state=state
    )
  File "C:\Users\Давыдов Александр\Desktop\REPO\!JIRA_new\env\Lib\site-packages\playwright\_impl\_frame.py", line 369, in wait_for_selector
    await self._channel.send(
        "waitForSelector", self._timeout, locals_to_params(locals())
    )
  File "C:\Users\Давыдов Александр\Desktop\REPO\!JIRA_new\env\Lib\site-packages\playwright\_impl\_connection.py", line 69, in send
    return await self._connection.wrap_api_call(
           ^^^^^^^^^^^^^^^^^^^^^^^^^^^^^^^^^^^^^
    ...<3 lines>...
    )
    ^
  File "C:\Users\Давыдов Александр\Desktop\REPO\!JIRA_new\env\Lib\site-packages\playwright\_impl\_connection.py", line 558, in wrap_api_call
    raise rewrite_error(error, f"{parsed_st['apiName']}: {error}") from None
playwright._impl._errors.TimeoutError: Locator.wait_for: Timeout 5000ms exceeded.
Call log:
  - waiting for locator("#priority-val") to be visible

2026-09-10 13:43:50,715 | ERROR | Пропущено исходное поле Метки
Traceback (most recent call last):
  File "C:\Users\Давыдов Александр\Desktop\REPO\!JIRA_new\migration_gui.py", line 389, in execute_migration_process
    pairs.append((field, read_field(page, field)))
                         ~~~~~~~~~~^^^^^^^^^^^^^
  File "C:\Users\Давыдов Александр\Desktop\REPO\!JIRA_new\field_picker.py", line 256, in read_field
    locator.wait_for(state="visible", timeout=5000)
    ~~~~~~~~~~~~~~~~^^^^^^^^^^^^^^^^^^^^^^^^^^^^^^^
  File "C:\Users\Давыдов Александр\Desktop\REPO\!JIRA_new\env\Lib\site-packages\playwright\sync_api\_generated.py", line 17975, in wait_for
    self._sync(self._impl_obj.wait_for(timeout=timeout, state=state))
    ~~~~~~~~~~^^^^^^^^^^^^^^^^^^^^^^^^^^^^^^^^^^^^^^^^^^^^^^^^^^^^^^^
  File "C:\Users\Давыдов Александр\Desktop\REPO\!JIRA_new\env\Lib\site-packages\playwright\_impl\_sync_base.py", line 115, in _sync
    return task.result()
           ~~~~~~~~~~~^^
  File "C:\Users\Давыдов Александр\Desktop\REPO\!JIRA_new\env\Lib\site-packages\playwright\_impl\_locator.py", line 692, in wait_for
    await self._frame.wait_for_selector(
        self._selector, strict=True, timeout=timeout, state=state
    )
  File "C:\Users\Давыдов Александр\Desktop\REPO\!JIRA_new\env\Lib\site-packages\playwright\_impl\_frame.py", line 369, in wait_for_selector
    await self._channel.send(
        "waitForSelector", self._timeout, locals_to_params(locals())
    )
  File "C:\Users\Давыдов Александр\Desktop\REPO\!JIRA_new\env\Lib\site-packages\playwright\_impl\_connection.py", line 69, in send
    return await self._connection.wrap_api_call(
           ^^^^^^^^^^^^^^^^^^^^^^^^^^^^^^^^^^^^^
    ...<3 lines>...
    )
    ^
  File "C:\Users\Давыдов Александр\Desktop\REPO\!JIRA_new\env\Lib\site-packages\playwright\_impl\_connection.py", line 558, in wrap_api_call
    raise rewrite_error(error, f"{parsed_st['apiName']}: {error}") from None
playwright._impl._errors.TimeoutError: Locator.wait_for: Timeout 5000ms exceeded.
Call log:
  - waiting for locator("#wrap-labels") to be visible

2026-09-10 13:43:52,307 | ERROR | Пропущено исходное поле Исправить_в_версиях
Traceback (most recent call last):
  File "C:\Users\Давыдов Александр\Desktop\REPO\!JIRA_new\migration_gui.py", line 389, in execute_migration_process
    pairs.append((field, read_field(page, field)))
                         ~~~~~~~~~~^^^^^^^^^^^^^
  File "C:\Users\Давыдов Александр\Desktop\REPO\!JIRA_new\field_picker.py", line 256, in read_field
    locator.wait_for(state="visible", timeout=5000)
    ~~~~~~~~~~~~~~~~^^^^^^^^^^^^^^^^^^^^^^^^^^^^^^^
  File "C:\Users\Давыдов Александр\Desktop\REPO\!JIRA_new\env\Lib\site-packages\playwright\sync_api\_generated.py", line 17975, in wait_for
    self._sync(self._impl_obj.wait_for(timeout=timeout, state=state))
    ~~~~~~~~~~^^^^^^^^^^^^^^^^^^^^^^^^^^^^^^^^^^^^^^^^^^^^^^^^^^^^^^^
  File "C:\Users\Давыдов Александр\Desktop\REPO\!JIRA_new\env\Lib\site-packages\playwright\_impl\_sync_base.py", line 115, in _sync
    return task.result()
           ~~~~~~~~~~~^^
  File "C:\Users\Давыдов Александр\Desktop\REPO\!JIRA_new\env\Lib\site-packages\playwright\_impl\_locator.py", line 692, in wait_for
    await self._frame.wait_for_selector(
        self._selector, strict=True, timeout=timeout, state=state
    )
  File "C:\Users\Давыдов Александр\Desktop\REPO\!JIRA_new\env\Lib\site-packages\playwright\_impl\_frame.py", line 369, in wait_for_selector
    await self._channel.send(
        "waitForSelector", self._timeout, locals_to_params(locals())
    )
  File "C:\Users\Давыдов Александр\Desktop\REPO\!JIRA_new\env\Lib\site-packages\playwright\_impl\_connection.py", line 69, in send
    return await self._connection.wrap_api_call(
           ^^^^^^^^^^^^^^^^^^^^^^^^^^^^^^^^^^^^^
    ...<3 lines>...
    )
    ^
  File "C:\Users\Давыдов Александр\Desktop\REPO\!JIRA_new\env\Lib\site-packages\playwright\_impl\_connection.py", line 558, in wrap_api_call
    raise rewrite_error(error, f"{parsed_st['apiName']}: {error}") from None
playwright._impl._errors.TargetClosedError: Locator.wait_for: Target page, context or browser has been closed
Call log:
  - waiting for locator("#fixfor-val") to be visible

2026-09-10 13:43:52,350 | ERROR | Пропущено исходное поле Описание
Traceback (most recent call last):
  File "C:\Users\Давыдов Александр\Desktop\REPO\!JIRA_new\migration_gui.py", line 389, in execute_migration_process
    pairs.append((field, read_field(page, field)))
                         ~~~~~~~~~~^^^^^^^^^^^^^
  File "C:\Users\Давыдов Александр\Desktop\REPO\!JIRA_new\field_picker.py", line 256, in read_field
    locator.wait_for(state="visible", timeout=5000)
    ~~~~~~~~~~~~~~~~^^^^^^^^^^^^^^^^^^^^^^^^^^^^^^^
  File "C:\Users\Давыдов Александр\Desktop\REPO\!JIRA_new\env\Lib\site-packages\playwright\sync_api\_generated.py", line 17975, in wait_for
    self._sync(self._impl_obj.wait_for(timeout=timeout, state=state))
    ~~~~~~~~~~^^^^^^^^^^^^^^^^^^^^^^^^^^^^^^^^^^^^^^^^^^^^^^^^^^^^^^^
  File "C:\Users\Давыдов Александр\Desktop\REPO\!JIRA_new\env\Lib\site-packages\playwright\_impl\_sync_base.py", line 115, in _sync
    return task.result()
           ~~~~~~~~~~~^^
  File "C:\Users\Давыдов Александр\Desktop\REPO\!JIRA_new\env\Lib\site-packages\playwright\_impl\_locator.py", line 692, in wait_for
    await self._frame.wait_for_selector(
        self._selector, strict=True, timeout=timeout, state=state
    )
  File "C:\Users\Давыдов Александр\Desktop\REPO\!JIRA_new\env\Lib\site-packages\playwright\_impl\_frame.py", line 369, in wait_for_selector
    await self._channel.send(
        "waitForSelector", self._timeout, locals_to_params(locals())
    )
  File "C:\Users\Давыдов Александр\Desktop\REPO\!JIRA_new\env\Lib\site-packages\playwright\_impl\_connection.py", line 69, in send
    return await self._connection.wrap_api_call(
           ^^^^^^^^^^^^^^^^^^^^^^^^^^^^^^^^^^^^^
    ...<3 lines>...
    )
    ^
  File "C:\Users\Давыдов Александр\Desktop\REPO\!JIRA_new\env\Lib\site-packages\playwright\_impl\_connection.py", line 558, in wrap_api_call
    raise rewrite_error(error, f"{parsed_st['apiName']}: {error}") from None
playwright._impl._errors.TargetClosedError: Locator.wait_for: Target page, context or browser has been closed
2026-09-10 13:43:52,376 | ERROR | Пропущено исходное поле Вложенные_файлы_Опции
Traceback (most recent call last):
  File "C:\Users\Давыдов Александр\Desktop\REPO\!JIRA_new\migration_gui.py", line 389, in execute_migration_process
    pairs.append((field, read_field(page, field)))
                         ~~~~~~~~~~^^^^^^^^^^^^^
  File "C:\Users\Давыдов Александр\Desktop\REPO\!JIRA_new\field_picker.py", line 256, in read_field
    locator.wait_for(state="visible", timeout=5000)
    ~~~~~~~~~~~~~~~~^^^^^^^^^^^^^^^^^^^^^^^^^^^^^^^
  File "C:\Users\Давыдов Александр\Desktop\REPO\!JIRA_new\env\Lib\site-packages\playwright\sync_api\_generated.py", line 17975, in wait_for
    self._sync(self._impl_obj.wait_for(timeout=timeout, state=state))
    ~~~~~~~~~~^^^^^^^^^^^^^^^^^^^^^^^^^^^^^^^^^^^^^^^^^^^^^^^^^^^^^^^
  File "C:\Users\Давыдов Александр\Desktop\REPO\!JIRA_new\env\Lib\site-packages\playwright\_impl\_sync_base.py", line 115, in _sync
    return task.result()
           ~~~~~~~~~~~^^
  File "C:\Users\Давыдов Александр\Desktop\REPO\!JIRA_new\env\Lib\site-packages\playwright\_impl\_locator.py", line 692, in wait_for
    await self._frame.wait_for_selector(
        self._selector, strict=True, timeout=timeout, state=state
    )
  File "C:\Users\Давыдов Александр\Desktop\REPO\!JIRA_new\env\Lib\site-packages\playwright\_impl\_frame.py", line 369, in wait_for_selector
    await self._channel.send(
        "waitForSelector", self._timeout, locals_to_params(locals())
    )
  File "C:\Users\Давыдов Александр\Desktop\REPO\!JIRA_new\env\Lib\site-packages\playwright\_impl\_connection.py", line 69, in send
    return await self._connection.wrap_api_call(
           ^^^^^^^^^^^^^^^^^^^^^^^^^^^^^^^^^^^^^
    ...<3 lines>...
    )
    ^
  File "C:\Users\Давыдов Александр\Desktop\REPO\!JIRA_new\env\Lib\site-packages\playwright\_impl\_connection.py", line 558, in wrap_api_call
    raise rewrite_error(error, f"{parsed_st['apiName']}: {error}") from None
playwright._impl._errors.TargetClosedError: Locator.wait_for: Target page, context or browser has been closed
2026-09-10 13:43:52,588 | ERROR | Ошибка миграции: задача=KISEMIAS2019-21642 система=jira проект=КИС ЕМИАС (KIS)
Traceback (most recent call last):
  File "C:\Users\Давыдов Александр\Desktop\REPO\!JIRA_new\migration_gui.py", line 426, in execute_migration_process
    destination.create_issue({}, task_id, target_project, issue_type=issue_type)
    ~~~~~~~~~~~~~~~~~~~~~~~~^^^^^^^^^^^^^^^^^^^^^^^^^^^^^^^^^^^^^^^^^^^^^^^^^^^^
  File "C:\Users\Давыдов Александр\Desktop\REPO\!JIRA_new\jrf.py", line 251, in create_issue
    self.page.goto(CONFIG["dest_jira"]["dashboard"], wait_until="domcontentloaded")
    ~~~~~~~~~~~~~~^^^^^^^^^^^^^^^^^^^^^^^^^^^^^^^^^^^^^^^^^^^^^^^^^^^^^^^^^^^^^^^^^
  File "C:\Users\Давыдов Александр\Desktop\REPO\!JIRA_new\env\Lib\site-packages\playwright\sync_api\_generated.py", line 9019, in goto
    self._sync(
    ~~~~~~~~~~^
        self._impl_obj.goto(
        ^^^^^^^^^^^^^^^^^^^^
            url=url, timeout=timeout, waitUntil=wait_until, referer=referer
            ^^^^^^^^^^^^^^^^^^^^^^^^^^^^^^^^^^^^^^^^^^^^^^^^^^^^^^^^^^^^^^^
        )
        ^
    )
    ^
  File "C:\Users\Давыдов Александр\Desktop\REPO\!JIRA_new\env\Lib\site-packages\playwright\_impl\_sync_base.py", line 115, in _sync
    return task.result()
           ~~~~~~~~~~~^^
  File "C:\Users\Давыдов Александр\Desktop\REPO\!JIRA_new\env\Lib\site-packages\playwright\_impl\_page.py", line 556, in goto
    return await self._main_frame.goto(**locals_to_params(locals()))
           ^^^^^^^^^^^^^^^^^^^^^^^^^^^^^^^^^^^^^^^^^^^^^^^^^^^^^^^^^
  File "C:\Users\Давыдов Александр\Desktop\REPO\!JIRA_new\env\Lib\site-packages\playwright\_impl\_frame.py", line 153, in goto
    await self._channel.send(
        "goto", self._navigation_timeout, locals_to_params(locals())
    )
  File "C:\Users\Давыдов Александр\Desktop\REPO\!JIRA_new\env\Lib\site-packages\playwright\_impl\_connection.py", line 69, in send
    return await self._connection.wrap_api_call(
           ^^^^^^^^^^^^^^^^^^^^^^^^^^^^^^^^^^^^^
    ...<3 lines>...
    )
    ^
  File "C:\Users\Давыдов Александр\Desktop\REPO\!JIRA_new\env\Lib\site-packages\playwright\_impl\_connection.py", line 558, in wrap_api_call
    raise rewrite_error(error, f"{parsed_st['apiName']}: {error}") from None
playwright._impl._errors.TargetClosedError: Page.goto: Target page, context or browser has been closed
2026-09-10 13:44:10,131 | ERROR | Ошибка миграции: задача=KISEMIAS2019-21642 система=jira проект=КИС ЕМИАС (KIS)
Traceback (most recent call last):
  File "C:\Users\Давыдов Александр\Desktop\REPO\!JIRA_new\migration_gui.py", line 380, in execute_migration_process
    source_page.open_issue(prefix, task_id)
    ~~~~~~~~~~~~~~~~~~~~~~^^^^^^^^^^^^^^^^^
  File "C:\Users\Давыдов Александр\Desktop\REPO\!JIRA_new\jrf.py", line 93, in open_issue
    self.login_if_needed()
    ~~~~~~~~~~~~~~~~~~~~^^
  File "C:\Users\Давыдов Александр\Desktop\REPO\!JIRA_new\jrf.py", line 132, in login_if_needed
    self.page.locator(SJ["summary"]).first.wait_for(state="visible", timeout=30_000)
    ~~~~~~~~~~~~~~~~~~~~~~~~~~~~~~~~~~~~~~~~~~~~~~~^^^^^^^^^^^^^^^^^^^^^^^^^^^^^^^^^
  File "C:\Users\Давыдов Александр\Desktop\REPO\!JIRA_new\env\Lib\site-packages\playwright\sync_api\_generated.py", line 17975, in wait_for
    self._sync(self._impl_obj.wait_for(timeout=timeout, state=state))
    ~~~~~~~~~~^^^^^^^^^^^^^^^^^^^^^^^^^^^^^^^^^^^^^^^^^^^^^^^^^^^^^^^
  File "C:\Users\Давыдов Александр\Desktop\REPO\!JIRA_new\env\Lib\site-packages\playwright\_impl\_sync_base.py", line 115, in _sync
    return task.result()
           ~~~~~~~~~~~^^
  File "C:\Users\Давыдов Александр\Desktop\REPO\!JIRA_new\env\Lib\site-packages\playwright\_impl\_locator.py", line 692, in wait_for
    await self._frame.wait_for_selector(
        self._selector, strict=True, timeout=timeout, state=state
    )
  File "C:\Users\Давыдов Александр\Desktop\REPO\!JIRA_new\env\Lib\site-packages\playwright\_impl\_frame.py", line 369, in wait_for_selector
    await self._channel.send(
        "waitForSelector", self._timeout, locals_to_params(locals())
    )
  File "C:\Users\Давыдов Александр\Desktop\REPO\!JIRA_new\env\Lib\site-packages\playwright\_impl\_connection.py", line 69, in send
    return await self._connection.wrap_api_call(
           ^^^^^^^^^^^^^^^^^^^^^^^^^^^^^^^^^^^^^
    ...<3 lines>...
    )
    ^
  File "C:\Users\Давыдов Александр\Desktop\REPO\!JIRA_new\env\Lib\site-packages\playwright\_impl\_connection.py", line 558, in wrap_api_call
    raise rewrite_error(error, f"{parsed_st['apiName']}: {error}") from None
playwright._impl._errors.TargetClosedError: Locator.wait_for: Target page, context or browser has been closed
Call log:
  - waiting for locator("#summary-val").first to be visible
    - waiting for" https://jira.mos.social/login.jsp?permissionViolation=true&os_destination=%2Fbrowse%2FKISEMIAS2019-21642&page_caps=&user_role=" navigation to finish...
    - navigated to "https://jira.mos.social/login.jsp?permissionViolation=true&os_destination=%2Fbrowse%2FKISEMIAS2019-21642&page_caps=&user_role="

2026-09-10 13:44:32,880 | ERROR | Пропущено целевое поле Приоритет → #priority-field
Traceback (most recent call last):
  File "C:\Users\Давыдов Александр\Desktop\REPO\!JIRA_new\migration_gui.py", line 435, in execute_migration_process
    self.log(f"Проект целевой Jira: {target_project}")
                ^^^^^^^^^^^^^^^^^^^^^^^^^^^^^
  File "C:\Users\Давыдов Александр\Desktop\REPO\!JIRA_new\field_picker.py", line 241, in fill_mapped_fields
    page.get_by_role('option', name=value, exact=True).filter(visible=True).first.click(timeout=FIELD_FILL_TIMEOUT_MS)
    ~~~~~~~~~~~~~~~~~~~~~~~~~~~~~~~~~~~~~~~~~~~~~~~~~~~~~~~~~~~~~~~~~~~~~~~~~~~~~~~~~~~^^^^^^^^^^^^^^^^^^^^^^^^^^^^^^^
  File "C:\Users\Давыдов Александр\Desktop\REPO\!JIRA_new\env\Lib\site-packages\playwright\sync_api\_generated.py", line 15543, in click
    self._sync(
    ~~~~~~~~~~^
        self._impl_obj.click(
        ^^^^^^^^^^^^^^^^^^^^^
    ...<9 lines>...
        )
        ^
    )
    ^
  File "C:\Users\Давыдов Александр\Desktop\REPO\!JIRA_new\env\Lib\site-packages\playwright\_impl\_sync_base.py", line 115, in _sync
    return task.result()
           ~~~~~~~~~~~^^
  File "C:\Users\Давыдов Александр\Desktop\REPO\!JIRA_new\env\Lib\site-packages\playwright\_impl\_locator.py", line 160, in click
    return await self._frame.click(self._selector, strict=True, **params)
           ^^^^^^^^^^^^^^^^^^^^^^^^^^^^^^^^^^^^^^^^^^^^^^^^^^^^^^^^^^^^^^
  File "C:\Users\Давыдов Александр\Desktop\REPO\!JIRA_new\env\Lib\site-packages\playwright\_impl\_frame.py", line 549, in click
    await self._channel.send("click", self._timeout, locals_to_params(locals()))
  File "C:\Users\Давыдов Александр\Desktop\REPO\!JIRA_new\env\Lib\site-packages\playwright\_impl\_connection.py", line 69, in send
    return await self._connection.wrap_api_call(
           ^^^^^^^^^^^^^^^^^^^^^^^^^^^^^^^^^^^^^
    ...<3 lines>...
    )
    ^
  File "C:\Users\Давыдов Александр\Desktop\REPO\!JIRA_new\env\Lib\site-packages\playwright\_impl\_connection.py", line 558, in wrap_api_call
    raise rewrite_error(error, f"{parsed_st['apiName']}: {error}") from None
playwright._impl._errors.TimeoutError: Locator.click: Timeout 1000ms exceeded.
Call log:
  - waiting for get_by_role("option", name="Критический", exact=True).filter(visible=True).first

2026-09-10 13:44:33,944 | ERROR | Пропущено целевое поле Метки → #labels-textarea
Traceback (most recent call last):
  File "C:\Users\Давыдов Александр\Desktop\REPO\!JIRA_new\migration_gui.py", line 435, in execute_migration_process
    self.log(f"Проект целевой Jira: {target_project}")
                ^^^^^^^^^^^^^^^^^^^^^^^^^^^^^
  File "C:\Users\Давыдов Александр\Desktop\REPO\!JIRA_new\field_picker.py", line 241, in fill_mapped_fields
    page.get_by_role('option', name=value, exact=True).filter(visible=True).first.click(timeout=FIELD_FILL_TIMEOUT_MS)
    ~~~~~~~~~~~~~~~~~~~~~~~~~~~~~~~~~~~~~~~~~~~~~~~~~~~~~~~~~~~~~~~~~~~~~~~~~~~~~~~~~~~^^^^^^^^^^^^^^^^^^^^^^^^^^^^^^^
  File "C:\Users\Давыдов Александр\Desktop\REPO\!JIRA_new\env\Lib\site-packages\playwright\sync_api\_generated.py", line 15543, in click
    self._sync(
    ~~~~~~~~~~^
        self._impl_obj.click(
        ^^^^^^^^^^^^^^^^^^^^^
    ...<9 lines>...
        )
        ^
    )
    ^
  File "C:\Users\Давыдов Александр\Desktop\REPO\!JIRA_new\env\Lib\site-packages\playwright\_impl\_sync_base.py", line 115, in _sync
    return task.result()
           ~~~~~~~~~~~^^
  File "C:\Users\Давыдов Александр\Desktop\REPO\!JIRA_new\env\Lib\site-packages\playwright\_impl\_locator.py", line 160, in click
    return await self._frame.click(self._selector, strict=True, **params)
           ^^^^^^^^^^^^^^^^^^^^^^^^^^^^^^^^^^^^^^^^^^^^^^^^^^^^^^^^^^^^^^
  File "C:\Users\Давыдов Александр\Desktop\REPO\!JIRA_new\env\Lib\site-packages\playwright\_impl\_frame.py", line 549, in click
    await self._channel.send("click", self._timeout, locals_to_params(locals()))
  File "C:\Users\Давыдов Александр\Desktop\REPO\!JIRA_new\env\Lib\site-packages\playwright\_impl\_connection.py", line 69, in send
    return await self._connection.wrap_api_call(
           ^^^^^^^^^^^^^^^^^^^^^^^^^^^^^^^^^^^^^
    ...<3 lines>...
    )
    ^
  File "C:\Users\Давыдов Александр\Desktop\REPO\!JIRA_new\env\Lib\site-packages\playwright\_impl\_connection.py", line 558, in wrap_api_call
    raise rewrite_error(error, f"{parsed_st['apiName']}: {error}") from None
playwright._impl._errors.TimeoutError: Locator.click: Timeout 1000ms exceeded.
Call log:
  - waiting for get_by_role("option", name="Метки:\nКИС_КРИТИЧЕСКИЙ_ПУТЬ ОТ ПМУ", exact=True).filter(visible=True).first

2026-09-10 13:44:34,997 | ERROR | Пропущено целевое поле Исправить_в_версиях → #fixVersions-textarea
Traceback (most recent call last):
  File "C:\Users\Давыдов Александр\Desktop\REPO\!JIRA_new\migration_gui.py", line 435, in execute_migration_process
    self.log(f"Проект целевой Jira: {target_project}")
                ^^^^^^^^^^^^^^^^^^^^^^^^^^^^^
  File "C:\Users\Давыдов Александр\Desktop\REPO\!JIRA_new\field_picker.py", line 241, in fill_mapped_fields
    page.get_by_role('option', name=value, exact=True).filter(visible=True).first.click(timeout=FIELD_FILL_TIMEOUT_MS)
    ~~~~~~~~~~~~~~~~~~~~~~~~~~~~~~~~~~~~~~~~~~~~~~~~~~~~~~~~~~~~~~~~~~~~~~~~~~~~~~~~~~~^^^^^^^^^^^^^^^^^^^^^^^^^^^^^^^
  File "C:\Users\Давыдов Александр\Desktop\REPO\!JIRA_new\env\Lib\site-packages\playwright\sync_api\_generated.py", line 15543, in click
    self._sync(
    ~~~~~~~~~~^
        self._impl_obj.click(
        ^^^^^^^^^^^^^^^^^^^^^
    ...<9 lines>...
        )
        ^
    )
    ^
  File "C:\Users\Давыдов Александр\Desktop\REPO\!JIRA_new\env\Lib\site-packages\playwright\_impl\_sync_base.py", line 115, in _sync
    return task.result()
           ~~~~~~~~~~~^^
  File "C:\Users\Давыдов Александр\Desktop\REPO\!JIRA_new\env\Lib\site-packages\playwright\_impl\_locator.py", line 160, in click
    return await self._frame.click(self._selector, strict=True, **params)
           ^^^^^^^^^^^^^^^^^^^^^^^^^^^^^^^^^^^^^^^^^^^^^^^^^^^^^^^^^^^^^^
  File "C:\Users\Давыдов Александр\Desktop\REPO\!JIRA_new\env\Lib\site-packages\playwright\_impl\_frame.py", line 549, in click
    await self._channel.send("click", self._timeout, locals_to_params(locals()))
  File "C:\Users\Давыдов Александр\Desktop\REPO\!JIRA_new\env\Lib\site-packages\playwright\_impl\_connection.py", line 69, in send
    return await self._connection.wrap_api_call(
           ^^^^^^^^^^^^^^^^^^^^^^^^^^^^^^^^^^^^^
    ...<3 lines>...
    )
    ^
  File "C:\Users\Давыдов Александр\Desktop\REPO\!JIRA_new\env\Lib\site-packages\playwright\_impl\_connection.py", line 558, in wrap_api_call
    raise rewrite_error(error, f"{parsed_st['apiName']}: {error}") from None
playwright._impl._errors.TimeoutError: Locator.click: Timeout 1000ms exceeded.
Call log:
  - waiting for get_by_role("option", name="Не заполнено", exact=True).filter(visible=True).first

2026-09-10 13:47:47,744 | ERROR | Пропущено целевое поле Приоритет → #priority-field
Traceback (most recent call last):
  File "C:\Users\Давыдов Александр\Desktop\REPO\!JIRA_new\migration_gui.py", line 507, in execute_migration_process
    try:
    
  File "C:\Users\Давыдов Александр\Desktop\REPO\!JIRA_new\field_picker.py", line 241, in fill_mapped_fields
    page.get_by_role('option', name=value, exact=True).filter(visible=True).first.click(timeout=FIELD_FILL_TIMEOUT_MS)
    ~~~~~~~~~~~~~~~~~~~~~~~~~~~~~~~~~~~~~~~~~~~~~~~~~~~~~~~~~~~~~~~~~~~~~~~~~~~~~~~~~~~^^^^^^^^^^^^^^^^^^^^^^^^^^^^^^^
  File "C:\Users\Давыдов Александр\Desktop\REPO\!JIRA_new\env\Lib\site-packages\playwright\sync_api\_generated.py", line 15543, in click
    self._sync(
    ~~~~~~~~~~^
        self._impl_obj.click(
        ^^^^^^^^^^^^^^^^^^^^^
    ...<9 lines>...
        )
        ^
    )
    ^
  File "C:\Users\Давыдов Александр\Desktop\REPO\!JIRA_new\env\Lib\site-packages\playwright\_impl\_sync_base.py", line 115, in _sync
    return task.result()
           ~~~~~~~~~~~^^
  File "C:\Users\Давыдов Александр\Desktop\REPO\!JIRA_new\env\Lib\site-packages\playwright\_impl\_locator.py", line 160, in click
    return await self._frame.click(self._selector, strict=True, **params)
           ^^^^^^^^^^^^^^^^^^^^^^^^^^^^^^^^^^^^^^^^^^^^^^^^^^^^^^^^^^^^^^
  File "C:\Users\Давыдов Александр\Desktop\REPO\!JIRA_new\env\Lib\site-packages\playwright\_impl\_frame.py", line 549, in click
    await self._channel.send("click", self._timeout, locals_to_params(locals()))
  File "C:\Users\Давыдов Александр\Desktop\REPO\!JIRA_new\env\Lib\site-packages\playwright\_impl\_connection.py", line 69, in send
    return await self._connection.wrap_api_call(
           ^^^^^^^^^^^^^^^^^^^^^^^^^^^^^^^^^^^^^
    ...<3 lines>...
    )
    ^
  File "C:\Users\Давыдов Александр\Desktop\REPO\!JIRA_new\env\Lib\site-packages\playwright\_impl\_connection.py", line 558, in wrap_api_call
    raise rewrite_error(error, f"{parsed_st['apiName']}: {error}") from None
playwright._impl._errors.TimeoutError: Locator.click: Timeout 1000ms exceeded.
Call log:
  - waiting for get_by_role("option", name="Критический", exact=True).filter(visible=True).first

2026-09-10 13:47:48,809 | ERROR | Пропущено целевое поле Метки → #labels-textarea
Traceback (most recent call last):
  File "C:\Users\Давыдов Александр\Desktop\REPO\!JIRA_new\migration_gui.py", line 507, in execute_migration_process
    try:
    
  File "C:\Users\Давыдов Александр\Desktop\REPO\!JIRA_new\field_picker.py", line 241, in fill_mapped_fields
    page.get_by_role('option', name=value, exact=True).filter(visible=True).first.click(timeout=FIELD_FILL_TIMEOUT_MS)
    ~~~~~~~~~~~~~~~~~~~~~~~~~~~~~~~~~~~~~~~~~~~~~~~~~~~~~~~~~~~~~~~~~~~~~~~~~~~~~~~~~~~^^^^^^^^^^^^^^^^^^^^^^^^^^^^^^^
  File "C:\Users\Давыдов Александр\Desktop\REPO\!JIRA_new\env\Lib\site-packages\playwright\sync_api\_generated.py", line 15543, in click
    self._sync(
    ~~~~~~~~~~^
        self._impl_obj.click(
        ^^^^^^^^^^^^^^^^^^^^^
    ...<9 lines>...
        )
        ^
    )
    ^
  File "C:\Users\Давыдов Александр\Desktop\REPO\!JIRA_new\env\Lib\site-packages\playwright\_impl\_sync_base.py", line 115, in _sync
    return task.result()
           ~~~~~~~~~~~^^
  File "C:\Users\Давыдов Александр\Desktop\REPO\!JIRA_new\env\Lib\site-packages\playwright\_impl\_locator.py", line 160, in click
    return await self._frame.click(self._selector, strict=True, **params)
           ^^^^^^^^^^^^^^^^^^^^^^^^^^^^^^^^^^^^^^^^^^^^^^^^^^^^^^^^^^^^^^
  File "C:\Users\Давыдов Александр\Desktop\REPO\!JIRA_new\env\Lib\site-packages\playwright\_impl\_frame.py", line 549, in click
    await self._channel.send("click", self._timeout, locals_to_params(locals()))
  File "C:\Users\Давыдов Александр\Desktop\REPO\!JIRA_new\env\Lib\site-packages\playwright\_impl\_connection.py", line 69, in send
    return await self._connection.wrap_api_call(
           ^^^^^^^^^^^^^^^^^^^^^^^^^^^^^^^^^^^^^
    ...<3 lines>...
    )
    ^
  File "C:\Users\Давыдов Александр\Desktop\REPO\!JIRA_new\env\Lib\site-packages\playwright\_impl\_connection.py", line 558, in wrap_api_call
    raise rewrite_error(error, f"{parsed_st['apiName']}: {error}") from None
playwright._impl._errors.TimeoutError: Locator.click: Timeout 1000ms exceeded.
Call log:
  - waiting for get_by_role("option", name="Метки:\nКИС_КРИТИЧЕСКИЙ_ПУТЬ ОТ ПМУ", exact=True).filter(visible=True).first

2026-09-10 13:47:49,871 | ERROR | Пропущено целевое поле Исправить_в_версиях → #fixVersions-textarea
Traceback (most recent call last):
  File "C:\Users\Давыдов Александр\Desktop\REPO\!JIRA_new\migration_gui.py", line 507, in execute_migration_process
    try:
    
  File "C:\Users\Давыдов Александр\Desktop\REPO\!JIRA_new\field_picker.py", line 241, in fill_mapped_fields
    page.get_by_role('option', name=value, exact=True).filter(visible=True).first.click(timeout=FIELD_FILL_TIMEOUT_MS)
    ~~~~~~~~~~~~~~~~~~~~~~~~~~~~~~~~~~~~~~~~~~~~~~~~~~~~~~~~~~~~~~~~~~~~~~~~~~~~~~~~~~~^^^^^^^^^^^^^^^^^^^^^^^^^^^^^^^
  File "C:\Users\Давыдов Александр\Desktop\REPO\!JIRA_new\env\Lib\site-packages\playwright\sync_api\_generated.py", line 15543, in click
    self._sync(
    ~~~~~~~~~~^
        self._impl_obj.click(
        ^^^^^^^^^^^^^^^^^^^^^
    ...<9 lines>...
        )
        ^
    )
    ^
  File "C:\Users\Давыдов Александр\Desktop\REPO\!JIRA_new\env\Lib\site-packages\playwright\_impl\_sync_base.py", line 115, in _sync
    return task.result()
           ~~~~~~~~~~~^^
  File "C:\Users\Давыдов Александр\Desktop\REPO\!JIRA_new\env\Lib\site-packages\playwright\_impl\_locator.py", line 160, in click
    return await self._frame.click(self._selector, strict=True, **params)
           ^^^^^^^^^^^^^^^^^^^^^^^^^^^^^^^^^^^^^^^^^^^^^^^^^^^^^^^^^^^^^^
  File "C:\Users\Давыдов Александр\Desktop\REPO\!JIRA_new\env\Lib\site-packages\playwright\_impl\_frame.py", line 549, in click
    await self._channel.send("click", self._timeout, locals_to_params(locals()))
  File "C:\Users\Давыдов Александр\Desktop\REPO\!JIRA_new\env\Lib\site-packages\playwright\_impl\_connection.py", line 69, in send
    return await self._connection.wrap_api_call(
           ^^^^^^^^^^^^^^^^^^^^^^^^^^^^^^^^^^^^^
    ...<3 lines>...
    )
    ^
  File "C:\Users\Давыдов Александр\Desktop\REPO\!JIRA_new\env\Lib\site-packages\playwright\_impl\_connection.py", line 558, in wrap_api_call
    raise rewrite_error(error, f"{parsed_st['apiName']}: {error}") from None
playwright._impl._errors.TimeoutError: Locator.click: Timeout 1000ms exceeded.
Call log:
  - waiting for get_by_role("option", name="Не заполнено", exact=True).filter(visible=True).first

2026-09-10 13:48:44,499 | ERROR | Пропущено целевое поле Приоритет → #priority-field
Traceback (most recent call last):
  File "C:\Users\Давыдов Александр\Desktop\REPO\!JIRA_new\migration_gui.py", line 507, in execute_migration_process
    try:
    
  File "C:\Users\Давыдов Александр\Desktop\REPO\!JIRA_new\field_picker.py", line 241, in fill_mapped_fields
    page.get_by_role('option', name=value, exact=True).filter(visible=True).first.click(timeout=FIELD_FILL_TIMEOUT_MS)
    ~~~~~~~~~~~~~~~~~~~~~~~~~~~~~~~~~~~~~~~~~~~~~~~~~~~~~~~~~~~~~~~~~~~~~~~~~~~~~~~~~~~^^^^^^^^^^^^^^^^^^^^^^^^^^^^^^^
  File "C:\Users\Давыдов Александр\Desktop\REPO\!JIRA_new\env\Lib\site-packages\playwright\sync_api\_generated.py", line 15543, in click
    self._sync(
    ~~~~~~~~~~^
        self._impl_obj.click(
        ^^^^^^^^^^^^^^^^^^^^^
    ...<9 lines>...
        )
        ^
    )
    ^
  File "C:\Users\Давыдов Александр\Desktop\REPO\!JIRA_new\env\Lib\site-packages\playwright\_impl\_sync_base.py", line 115, in _sync
    return task.result()
           ~~~~~~~~~~~^^
  File "C:\Users\Давыдов Александр\Desktop\REPO\!JIRA_new\env\Lib\site-packages\playwright\_impl\_locator.py", line 160, in click
    return await self._frame.click(self._selector, strict=True, **params)
           ^^^^^^^^^^^^^^^^^^^^^^^^^^^^^^^^^^^^^^^^^^^^^^^^^^^^^^^^^^^^^^
  File "C:\Users\Давыдов Александр\Desktop\REPO\!JIRA_new\env\Lib\site-packages\playwright\_impl\_frame.py", line 549, in click
    await self._channel.send("click", self._timeout, locals_to_params(locals()))
  File "C:\Users\Давыдов Александр\Desktop\REPO\!JIRA_new\env\Lib\site-packages\playwright\_impl\_connection.py", line 69, in send
    return await self._connection.wrap_api_call(
           ^^^^^^^^^^^^^^^^^^^^^^^^^^^^^^^^^^^^^
    ...<3 lines>...
    )
    ^
  File "C:\Users\Давыдов Александр\Desktop\REPO\!JIRA_new\env\Lib\site-packages\playwright\_impl\_connection.py", line 558, in wrap_api_call
    raise rewrite_error(error, f"{parsed_st['apiName']}: {error}") from None
playwright._impl._errors.TimeoutError: Locator.click: Timeout 1000ms exceeded.
Call log:
  - waiting for get_by_role("option", name="Критический", exact=True).filter(visible=True).first

2026-09-10 13:48:45,567 | ERROR | Пропущено целевое поле Метки → #labels-textarea
Traceback (most recent call last):
  File "C:\Users\Давыдов Александр\Desktop\REPO\!JIRA_new\migration_gui.py", line 507, in execute_migration_process
    try:
    
  File "C:\Users\Давыдов Александр\Desktop\REPO\!JIRA_new\field_picker.py", line 241, in fill_mapped_fields
    page.get_by_role('option', name=value, exact=True).filter(visible=True).first.click(timeout=FIELD_FILL_TIMEOUT_MS)
    ~~~~~~~~~~~~~~~~~~~~~~~~~~~~~~~~~~~~~~~~~~~~~~~~~~~~~~~~~~~~~~~~~~~~~~~~~~~~~~~~~~~^^^^^^^^^^^^^^^^^^^^^^^^^^^^^^^
  File "C:\Users\Давыдов Александр\Desktop\REPO\!JIRA_new\env\Lib\site-packages\playwright\sync_api\_generated.py", line 15543, in click
    self._sync(
    ~~~~~~~~~~^
        self._impl_obj.click(
        ^^^^^^^^^^^^^^^^^^^^^
    ...<9 lines>...
        )
        ^
    )
    ^
  File "C:\Users\Давыдов Александр\Desktop\REPO\!JIRA_new\env\Lib\site-packages\playwright\_impl\_sync_base.py", line 115, in _sync
    return task.result()
           ~~~~~~~~~~~^^
  File "C:\Users\Давыдов Александр\Desktop\REPO\!JIRA_new\env\Lib\site-packages\playwright\_impl\_locator.py", line 160, in click
    return await self._frame.click(self._selector, strict=True, **params)
           ^^^^^^^^^^^^^^^^^^^^^^^^^^^^^^^^^^^^^^^^^^^^^^^^^^^^^^^^^^^^^^
  File "C:\Users\Давыдов Александр\Desktop\REPO\!JIRA_new\env\Lib\site-packages\playwright\_impl\_frame.py", line 549, in click
    await self._channel.send("click", self._timeout, locals_to_params(locals()))
  File "C:\Users\Давыдов Александр\Desktop\REPO\!JIRA_new\env\Lib\site-packages\playwright\_impl\_connection.py", line 69, in send
    return await self._connection.wrap_api_call(
           ^^^^^^^^^^^^^^^^^^^^^^^^^^^^^^^^^^^^^
    ...<3 lines>...
    )
    ^
  File "C:\Users\Давыдов Александр\Desktop\REPO\!JIRA_new\env\Lib\site-packages\playwright\_impl\_connection.py", line 558, in wrap_api_call
    raise rewrite_error(error, f"{parsed_st['apiName']}: {error}") from None
playwright._impl._errors.TimeoutError: Locator.click: Timeout 1000ms exceeded.
Call log:
  - waiting for get_by_role("option", name="Метки:\nКИС_КРИТИЧЕСКИЙ_ПУТЬ ОТ ПМУ", exact=True).filter(visible=True).first

2026-09-10 13:48:46,630 | ERROR | Пропущено целевое поле Исправить_в_версиях → #fixVersions-textarea
Traceback (most recent call last):
  File "C:\Users\Давыдов Александр\Desktop\REPO\!JIRA_new\migration_gui.py", line 507, in execute_migration_process
    self.log(f"[Пропуск] {field['label']}: описание пустое.")
    ^^^^^^^^^^^^^^^^^^^^^^^^^^^^^^^
  File "C:\Users\Давыдов Александр\Desktop\REPO\!JIRA_new\field_picker.py", line 241, in fill_mapped_fields
    page.get_by_role('option', name=value, exact=True).filter(visible=True).first.click(timeout=FIELD_FILL_TIMEOUT_MS)
    ~~~~~~~~~~~~~~~~~~~~~~~~~~~~~~~~~~~~~~~~~~~~~~~~~~~~~~~~~~~~~~~~~~~~~~~~~~~~~~~~~~~^^^^^^^^^^^^^^^^^^^^^^^^^^^^^^^
  File "C:\Users\Давыдов Александр\Desktop\REPO\!JIRA_new\env\Lib\site-packages\playwright\sync_api\_generated.py", line 15543, in click
    self._sync(
    ~~~~~~~~~~^
        self._impl_obj.click(
        ^^^^^^^^^^^^^^^^^^^^^
    ...<9 lines>...
        )
        ^
    )
    ^
  File "C:\Users\Давыдов Александр\Desktop\REPO\!JIRA_new\env\Lib\site-packages\playwright\_impl\_sync_base.py", line 115, in _sync
    return task.result()
           ~~~~~~~~~~~^^
  File "C:\Users\Давыдов Александр\Desktop\REPO\!JIRA_new\env\Lib\site-packages\playwright\_impl\_locator.py", line 160, in click
    return await self._frame.click(self._selector, strict=True, **params)
           ^^^^^^^^^^^^^^^^^^^^^^^^^^^^^^^^^^^^^^^^^^^^^^^^^^^^^^^^^^^^^^
  File "C:\Users\Давыдов Александр\Desktop\REPO\!JIRA_new\env\Lib\site-packages\playwright\_impl\_frame.py", line 549, in click
    await self._channel.send("click", self._timeout, locals_to_params(locals()))
  File "C:\Users\Давыдов Александр\Desktop\REPO\!JIRA_new\env\Lib\site-packages\playwright\_impl\_connection.py", line 69, in send
    return await self._connection.wrap_api_call(
           ^^^^^^^^^^^^^^^^^^^^^^^^^^^^^^^^^^^^^
    ...<3 lines>...
    )
    ^
  File "C:\Users\Давыдов Александр\Desktop\REPO\!JIRA_new\env\Lib\site-packages\playwright\_impl\_connection.py", line 558, in wrap_api_call
    raise rewrite_error(error, f"{parsed_st['apiName']}: {error}") from None
playwright._impl._errors.TimeoutError: Locator.click: Timeout 1000ms exceeded.
Call log:
  - waiting for get_by_role("option", name="Не заполнено", exact=True).filter(visible=True).first

2026-09-10 13:50:20,574 | ERROR | Пропущено целевое поле Приоритет → #priority-field
Traceback (most recent call last):
  File "C:\Users\Давыдов Александр\Desktop\REPO\!JIRA_new\migration_gui.py", line 540, in execute_migration_process
    fill_mapped_fields(page, [(field, value)])
    ~~~~~~~~~~~~~~~~~~^^^^^^^^^^^^^^^^^^^^^^^^
  File "C:\Users\Давыдов Александр\Desktop\REPO\!JIRA_new\field_picker.py", line 241, in fill_mapped_fields
    page.get_by_role('option', name=value, exact=True).filter(visible=True).first.click(timeout=FIELD_FILL_TIMEOUT_MS)
    ~~~~~~~~~~~~~~~~~~~~~~~~~~~~~~~~~~~~~~~~~~~~~~~~~~~~~~~~~~~~~~~~~~~~~~~~~~~~~~~~~~~^^^^^^^^^^^^^^^^^^^^^^^^^^^^^^^
  File "C:\Users\Давыдов Александр\Desktop\REPO\!JIRA_new\env\Lib\site-packages\playwright\sync_api\_generated.py", line 15543, in click
    self._sync(
    ~~~~~~~~~~^
        self._impl_obj.click(
        ^^^^^^^^^^^^^^^^^^^^^
    ...<9 lines>...
        )
        ^
    )
    ^
  File "C:\Users\Давыдов Александр\Desktop\REPO\!JIRA_new\env\Lib\site-packages\playwright\_impl\_sync_base.py", line 115, in _sync
    return task.result()
           ~~~~~~~~~~~^^
  File "C:\Users\Давыдов Александр\Desktop\REPO\!JIRA_new\env\Lib\site-packages\playwright\_impl\_locator.py", line 160, in click
    return await self._frame.click(self._selector, strict=True, **params)
           ^^^^^^^^^^^^^^^^^^^^^^^^^^^^^^^^^^^^^^^^^^^^^^^^^^^^^^^^^^^^^^
  File "C:\Users\Давыдов Александр\Desktop\REPO\!JIRA_new\env\Lib\site-packages\playwright\_impl\_frame.py", line 549, in click
    await self._channel.send("click", self._timeout, locals_to_params(locals()))
  File "C:\Users\Давыдов Александр\Desktop\REPO\!JIRA_new\env\Lib\site-packages\playwright\_impl\_connection.py", line 69, in send
    return await self._connection.wrap_api_call(
           ^^^^^^^^^^^^^^^^^^^^^^^^^^^^^^^^^^^^^
    ...<3 lines>...
    )
    ^
  File "C:\Users\Давыдов Александр\Desktop\REPO\!JIRA_new\env\Lib\site-packages\playwright\_impl\_connection.py", line 558, in wrap_api_call
    raise rewrite_error(error, f"{parsed_st['apiName']}: {error}") from None
playwright._impl._errors.TimeoutError: Locator.click: Timeout 1000ms exceeded.
Call log:
  - waiting for get_by_role("option", name="Критический", exact=True).filter(visible=True).first

2026-09-10 13:50:21,641 | ERROR | Пропущено целевое поле Метки → #labels-textarea
Traceback (most recent call last):
  File "C:\Users\Давыдов Александр\Desktop\REPO\!JIRA_new\migration_gui.py", line 540, in execute_migration_process
    fill_mapped_fields(page, [(field, value)])
    ~~~~~~~~~~~~~~~~~~^^^^^^^^^^^^^^^^^^^^^^^^
  File "C:\Users\Давыдов Александр\Desktop\REPO\!JIRA_new\field_picker.py", line 241, in fill_mapped_fields
    page.get_by_role('option', name=value, exact=True).filter(visible=True).first.click(timeout=FIELD_FILL_TIMEOUT_MS)
    ~~~~~~~~~~~~~~~~~~~~~~~~~~~~~~~~~~~~~~~~~~~~~~~~~~~~~~~~~~~~~~~~~~~~~~~~~~~~~~~~~~~^^^^^^^^^^^^^^^^^^^^^^^^^^^^^^^
  File "C:\Users\Давыдов Александр\Desktop\REPO\!JIRA_new\env\Lib\site-packages\playwright\sync_api\_generated.py", line 15543, in click
    self._sync(
    ~~~~~~~~~~^
        self._impl_obj.click(
        ^^^^^^^^^^^^^^^^^^^^^
    ...<9 lines>...
        )
        ^
    )
    ^
  File "C:\Users\Давыдов Александр\Desktop\REPO\!JIRA_new\env\Lib\site-packages\playwright\_impl\_sync_base.py", line 115, in _sync
    return task.result()
           ~~~~~~~~~~~^^
  File "C:\Users\Давыдов Александр\Desktop\REPO\!JIRA_new\env\Lib\site-packages\playwright\_impl\_locator.py", line 160, in click
    return await self._frame.click(self._selector, strict=True, **params)
           ^^^^^^^^^^^^^^^^^^^^^^^^^^^^^^^^^^^^^^^^^^^^^^^^^^^^^^^^^^^^^^
  File "C:\Users\Давыдов Александр\Desktop\REPO\!JIRA_new\env\Lib\site-packages\playwright\_impl\_frame.py", line 549, in click
    await self._channel.send("click", self._timeout, locals_to_params(locals()))
  File "C:\Users\Давыдов Александр\Desktop\REPO\!JIRA_new\env\Lib\site-packages\playwright\_impl\_connection.py", line 69, in send
    return await self._connection.wrap_api_call(
           ^^^^^^^^^^^^^^^^^^^^^^^^^^^^^^^^^^^^^
    ...<3 lines>...
    )
    ^
  File "C:\Users\Давыдов Александр\Desktop\REPO\!JIRA_new\env\Lib\site-packages\playwright\_impl\_connection.py", line 558, in wrap_api_call
    raise rewrite_error(error, f"{parsed_st['apiName']}: {error}") from None
playwright._impl._errors.TimeoutError: Locator.click: Timeout 1000ms exceeded.
Call log:
  - waiting for get_by_role("option", name="Метки:\nКИС_КРИТИЧЕСКИЙ_ПУТЬ ОТ ПМУ", exact=True).filter(visible=True).first

2026-09-10 13:50:22,696 | ERROR | Пропущено целевое поле Исправить_в_версиях → #fixVersions-textarea
Traceback (most recent call last):
  File "C:\Users\Давыдов Александр\Desktop\REPO\!JIRA_new\migration_gui.py", line 540, in execute_migration_process
    fill_mapped_fields(page, [(field, value)])
    ~~~~~~~~~~~~~~~~~~^^^^^^^^^^^^^^^^^^^^^^^^
  File "C:\Users\Давыдов Александр\Desktop\REPO\!JIRA_new\field_picker.py", line 241, in fill_mapped_fields
    page.get_by_role('option', name=value, exact=True).filter(visible=True).first.click(timeout=FIELD_FILL_TIMEOUT_MS)
    ~~~~~~~~~~~~~~~~~~~~~~~~~~~~~~~~~~~~~~~~~~~~~~~~~~~~~~~~~~~~~~~~~~~~~~~~~~~~~~~~~~~^^^^^^^^^^^^^^^^^^^^^^^^^^^^^^^
  File "C:\Users\Давыдов Александр\Desktop\REPO\!JIRA_new\env\Lib\site-packages\playwright\sync_api\_generated.py", line 15543, in click
    self._sync(
    ~~~~~~~~~~^
        self._impl_obj.click(
        ^^^^^^^^^^^^^^^^^^^^^
    ...<9 lines>...
        )
        ^
    )
    ^
  File "C:\Users\Давыдов Александр\Desktop\REPO\!JIRA_new\env\Lib\site-packages\playwright\_impl\_sync_base.py", line 115, in _sync
    return task.result()
           ~~~~~~~~~~~^^
  File "C:\Users\Давыдов Александр\Desktop\REPO\!JIRA_new\env\Lib\site-packages\playwright\_impl\_locator.py", line 160, in click
    return await self._frame.click(self._selector, strict=True, **params)
           ^^^^^^^^^^^^^^^^^^^^^^^^^^^^^^^^^^^^^^^^^^^^^^^^^^^^^^^^^^^^^^
  File "C:\Users\Давыдов Александр\Desktop\REPO\!JIRA_new\env\Lib\site-packages\playwright\_impl\_frame.py", line 549, in click
    await self._channel.send("click", self._timeout, locals_to_params(locals()))
  File "C:\Users\Давыдов Александр\Desktop\REPO\!JIRA_new\env\Lib\site-packages\playwright\_impl\_connection.py", line 69, in send
    return await self._connection.wrap_api_call(
           ^^^^^^^^^^^^^^^^^^^^^^^^^^^^^^^^^^^^^
    ...<3 lines>...
    )
    ^
  File "C:\Users\Давыдов Александр\Desktop\REPO\!JIRA_new\env\Lib\site-packages\playwright\_impl\_connection.py", line 558, in wrap_api_call
    raise rewrite_error(error, f"{parsed_st['apiName']}: {error}") from None
playwright._impl._errors.TimeoutError: Locator.click: Timeout 1000ms exceeded.
Call log:
  - waiting for get_by_role("option", name="Не заполнено", exact=True).filter(visible=True).first

2026-09-10 13:53:32,076 | ERROR | Пропущено целевое поле Приоритет → #priority-field
Traceback (most recent call last):
  File "C:\Users\Давыдов Александр\Desktop\REPO\!JIRA_new\migration_gui.py", line 540, in execute_migration_process
    fill_mapped_fields(page, [(field, value)])
    ~~~~~~~~~~~~~~~~~~^^^^^^^^^^^^^^^^^^^^^^^^
  File "C:\Users\Давыдов Александр\Desktop\REPO\!JIRA_new\field_picker.py", line 241, in fill_mapped_fields
    page.get_by_role('option', name=value, exact=True).filter(visible=True).first.click(timeout=FIELD_FILL_TIMEOUT_MS)
    ~~~~~~~~~~~~~~~~~~~~~~~~~~~~~~~~~~~~~~~~~~~~~~~~~~~~~~~~~~~~~~~~~~~~~~~~~~~~~~~~~~~^^^^^^^^^^^^^^^^^^^^^^^^^^^^^^^
  File "C:\Users\Давыдов Александр\Desktop\REPO\!JIRA_new\env\Lib\site-packages\playwright\sync_api\_generated.py", line 15543, in click
    self._sync(
    ~~~~~~~~~~^
        self._impl_obj.click(
        ^^^^^^^^^^^^^^^^^^^^^
    ...<9 lines>...
        )
        ^
    )
    ^
  File "C:\Users\Давыдов Александр\Desktop\REPO\!JIRA_new\env\Lib\site-packages\playwright\_impl\_sync_base.py", line 115, in _sync
    return task.result()
           ~~~~~~~~~~~^^
  File "C:\Users\Давыдов Александр\Desktop\REPO\!JIRA_new\env\Lib\site-packages\playwright\_impl\_locator.py", line 160, in click
    return await self._frame.click(self._selector, strict=True, **params)
           ^^^^^^^^^^^^^^^^^^^^^^^^^^^^^^^^^^^^^^^^^^^^^^^^^^^^^^^^^^^^^^
  File "C:\Users\Давыдов Александр\Desktop\REPO\!JIRA_new\env\Lib\site-packages\playwright\_impl\_frame.py", line 549, in click
    await self._channel.send("click", self._timeout, locals_to_params(locals()))
  File "C:\Users\Давыдов Александр\Desktop\REPO\!JIRA_new\env\Lib\site-packages\playwright\_impl\_connection.py", line 69, in send
    return await self._connection.wrap_api_call(
           ^^^^^^^^^^^^^^^^^^^^^^^^^^^^^^^^^^^^^
    ...<3 lines>...
    )
    ^
  File "C:\Users\Давыдов Александр\Desktop\REPO\!JIRA_new\env\Lib\site-packages\playwright\_impl\_connection.py", line 558, in wrap_api_call
    raise rewrite_error(error, f"{parsed_st['apiName']}: {error}") from None
playwright._impl._errors.TimeoutError: Locator.click: Timeout 1000ms exceeded.
Call log:
  - waiting for get_by_role("option", name="Критический", exact=True).filter(visible=True).first

2026-09-10 13:53:33,140 | ERROR | Пропущено целевое поле Метки → #labels-textarea
Traceback (most recent call last):
  File "C:\Users\Давыдов Александр\Desktop\REPO\!JIRA_new\migration_gui.py", line 540, in execute_migration_process
    fill_mapped_fields(page, [(field, value)])
    ~~~~~~~~~~~~~~~~~~^^^^^^^^^^^^^^^^^^^^^^^^
  File "C:\Users\Давыдов Александр\Desktop\REPO\!JIRA_new\field_picker.py", line 241, in fill_mapped_fields
    page.get_by_role('option', name=value, exact=True).filter(visible=True).first.click(timeout=FIELD_FILL_TIMEOUT_MS)
    ~~~~~~~~~~~~~~~~~~~~~~~~~~~~~~~~~~~~~~~~~~~~~~~~~~~~~~~~~~~~~~~~~~~~~~~~~~~~~~~~~~~^^^^^^^^^^^^^^^^^^^^^^^^^^^^^^^
  File "C:\Users\Давыдов Александр\Desktop\REPO\!JIRA_new\env\Lib\site-packages\playwright\sync_api\_generated.py", line 15543, in click
    self._sync(
    ~~~~~~~~~~^
        self._impl_obj.click(
        ^^^^^^^^^^^^^^^^^^^^^
    ...<9 lines>...
        )
        ^
    )
    ^
  File "C:\Users\Давыдов Александр\Desktop\REPO\!JIRA_new\env\Lib\site-packages\playwright\_impl\_sync_base.py", line 115, in _sync
    return task.result()
           ~~~~~~~~~~~^^
  File "C:\Users\Давыдов Александр\Desktop\REPO\!JIRA_new\env\Lib\site-packages\playwright\_impl\_locator.py", line 160, in click
    return await self._frame.click(self._selector, strict=True, **params)
           ^^^^^^^^^^^^^^^^^^^^^^^^^^^^^^^^^^^^^^^^^^^^^^^^^^^^^^^^^^^^^^
  File "C:\Users\Давыдов Александр\Desktop\REPO\!JIRA_new\env\Lib\site-packages\playwright\_impl\_frame.py", line 549, in click
    await self._channel.send("click", self._timeout, locals_to_params(locals()))
  File "C:\Users\Давыдов Александр\Desktop\REPO\!JIRA_new\env\Lib\site-packages\playwright\_impl\_connection.py", line 69, in send
    return await self._connection.wrap_api_call(
           ^^^^^^^^^^^^^^^^^^^^^^^^^^^^^^^^^^^^^
    ...<3 lines>...
    )
    ^
  File "C:\Users\Давыдов Александр\Desktop\REPO\!JIRA_new\env\Lib\site-packages\playwright\_impl\_connection.py", line 558, in wrap_api_call
    raise rewrite_error(error, f"{parsed_st['apiName']}: {error}") from None
playwright._impl._errors.TimeoutError: Locator.click: Timeout 1000ms exceeded.
Call log:
  - waiting for get_by_role("option", name="Метки:\nКИС_КРИТИЧЕСКИЙ_ПУТЬ ОТ тип_оплаты", exact=True).filter(visible=True).first

2026-09-10 14:03:45,076 | ERROR | Пропущено целевое поле Приоритет → #priority-field
Traceback (most recent call last):
  File "C:\Users\Давыдов Александр\Desktop\REPO\!JIRA_new\migration_gui.py", line 540, in execute_migration_process
    fill_mapped_fields(page, [(field, value)])
    ~~~~~~~~~~~~~~~~~~^^^^^^^^^^^^^^^^^^^^^^^^
  File "C:\Users\Давыдов Александр\Desktop\REPO\!JIRA_new\field_picker.py", line 241, in fill_mapped_fields
    page.get_by_role('option', name=value, exact=True).filter(visible=True).first.click(timeout=FIELD_FILL_TIMEOUT_MS)
    ~~~~~~~~~~~~~~~~~~~~~~~~~~~~~~~~~~~~~~~~~~~~~~~~~~~~~~~~~~~~~~~~~~~~~~~~~~~~~~~~~~~^^^^^^^^^^^^^^^^^^^^^^^^^^^^^^^
  File "C:\Users\Давыдов Александр\Desktop\REPO\!JIRA_new\env\Lib\site-packages\playwright\sync_api\_generated.py", line 15543, in click
    self._sync(
    ~~~~~~~~~~^
        self._impl_obj.click(
        ^^^^^^^^^^^^^^^^^^^^^
    ...<9 lines>...
        )
        ^
    )
    ^
  File "C:\Users\Давыдов Александр\Desktop\REPO\!JIRA_new\env\Lib\site-packages\playwright\_impl\_sync_base.py", line 115, in _sync
    return task.result()
           ~~~~~~~~~~~^^
  File "C:\Users\Давыдов Александр\Desktop\REPO\!JIRA_new\env\Lib\site-packages\playwright\_impl\_locator.py", line 160, in click
    return await self._frame.click(self._selector, strict=True, **params)
           ^^^^^^^^^^^^^^^^^^^^^^^^^^^^^^^^^^^^^^^^^^^^^^^^^^^^^^^^^^^^^^
  File "C:\Users\Давыдов Александр\Desktop\REPO\!JIRA_new\env\Lib\site-packages\playwright\_impl\_frame.py", line 549, in click
    await self._channel.send("click", self._timeout, locals_to_params(locals()))
  File "C:\Users\Давыдов Александр\Desktop\REPO\!JIRA_new\env\Lib\site-packages\playwright\_impl\_connection.py", line 69, in send
    return await self._connection.wrap_api_call(
           ^^^^^^^^^^^^^^^^^^^^^^^^^^^^^^^^^^^^^
    ...<3 lines>...
    )
    ^
  File "C:\Users\Давыдов Александр\Desktop\REPO\!JIRA_new\env\Lib\site-packages\playwright\_impl\_connection.py", line 558, in wrap_api_call
    raise rewrite_error(error, f"{parsed_st['apiName']}: {error}") from None
playwright._impl._errors.TimeoutError: Locator.click: Timeout 1000ms exceeded.
Call log:
  - waiting for get_by_role("option", name="Критический", exact=True).filter(visible=True).first

2026-09-10 14:03:46,137 | ERROR | Пропущено целевое поле Метки → #labels-textarea
Traceback (most recent call last):
  File "C:\Users\Давыдов Александр\Desktop\REPO\!JIRA_new\migration_gui.py", line 540, in execute_migration_process
    fill_mapped_fields(page, [(field, value)])
    ~~~~~~~~~~~~~~~~~~^^^^^^^^^^^^^^^^^^^^^^^^
  File "C:\Users\Давыдов Александр\Desktop\REPO\!JIRA_new\field_picker.py", line 241, in fill_mapped_fields
    page.get_by_role('option', name=value, exact=True).filter(visible=True).first.click(timeout=FIELD_FILL_TIMEOUT_MS)
    ~~~~~~~~~~~~~~~~~~~~~~~~~~~~~~~~~~~~~~~~~~~~~~~~~~~~~~~~~~~~~~~~~~~~~~~~~~~~~~~~~~~^^^^^^^^^^^^^^^^^^^^^^^^^^^^^^^
  File "C:\Users\Давыдов Александр\Desktop\REPO\!JIRA_new\env\Lib\site-packages\playwright\sync_api\_generated.py", line 15543, in click
    self._sync(
    ~~~~~~~~~~^
        self._impl_obj.click(
        ^^^^^^^^^^^^^^^^^^^^^
    ...<9 lines>...
        )
        ^
    )
    ^
  File "C:\Users\Давыдов Александр\Desktop\REPO\!JIRA_new\env\Lib\site-packages\playwright\_impl\_sync_base.py", line 115, in _sync
    return task.result()
           ~~~~~~~~~~~^^
  File "C:\Users\Давыдов Александр\Desktop\REPO\!JIRA_new\env\Lib\site-packages\playwright\_impl\_locator.py", line 160, in click
    return await self._frame.click(self._selector, strict=True, **params)
           ^^^^^^^^^^^^^^^^^^^^^^^^^^^^^^^^^^^^^^^^^^^^^^^^^^^^^^^^^^^^^^
  File "C:\Users\Давыдов Александр\Desktop\REPO\!JIRA_new\env\Lib\site-packages\playwright\_impl\_frame.py", line 549, in click
    await self._channel.send("click", self._timeout, locals_to_params(locals()))
  File "C:\Users\Давыдов Александр\Desktop\REPO\!JIRA_new\env\Lib\site-packages\playwright\_impl\_connection.py", line 69, in send
    return await self._connection.wrap_api_call(
           ^^^^^^^^^^^^^^^^^^^^^^^^^^^^^^^^^^^^^
    ...<3 lines>...
    )
    ^
  File "C:\Users\Давыдов Александр\Desktop\REPO\!JIRA_new\env\Lib\site-packages\playwright\_impl\_connection.py", line 558, in wrap_api_call
    raise rewrite_error(error, f"{parsed_st['apiName']}: {error}") from None
playwright._impl._errors.TimeoutError: Locator.click: Timeout 1000ms exceeded.
Call log:
  - waiting for get_by_role("option", name="Метки:\nКИС_КРИТИЧЕСКИЙ_ПУТЬ ОТ ПМУ", exact=True).filter(visible=True).first

2026-09-10 14:03:47,203 | ERROR | Пропущено целевое поле Исправить_в_версиях → #fixVersions-textarea
Traceback (most recent call last):
  File "C:\Users\Давыдов Александр\Desktop\REPO\!JIRA_new\migration_gui.py", line 540, in execute_migration_process
    fill_mapped_fields(page, [(field, value)])
    ~~~~~~~~~~~~~~~~~~^^^^^^^^^^^^^^^^^^^^^^^^
  File "C:\Users\Давыдов Александр\Desktop\REPO\!JIRA_new\field_picker.py", line 241, in fill_mapped_fields
    page.get_by_role('option', name=value, exact=True).filter(visible=True).first.click(timeout=FIELD_FILL_TIMEOUT_MS)
    ~~~~~~~~~~~~~~~~~~~~~~~~~~~~~~~~~~~~~~~~~~~~~~~~~~~~~~~~~~~~~~~~~~~~~~~~~~~~~~~~~~~^^^^^^^^^^^^^^^^^^^^^^^^^^^^^^^
  File "C:\Users\Давыдов Александр\Desktop\REPO\!JIRA_new\env\Lib\site-packages\playwright\sync_api\_generated.py", line 15543, in click
    self._sync(
    ~~~~~~~~~~^
        self._impl_obj.click(
        ^^^^^^^^^^^^^^^^^^^^^
    ...<9 lines>...
        )
        ^
    )
    ^
  File "C:\Users\Давыдов Александр\Desktop\REPO\!JIRA_new\env\Lib\site-packages\playwright\_impl\_sync_base.py", line 115, in _sync
    return task.result()
           ~~~~~~~~~~~^^
  File "C:\Users\Давыдов Александр\Desktop\REPO\!JIRA_new\env\Lib\site-packages\playwright\_impl\_locator.py", line 160, in click
    return await self._frame.click(self._selector, strict=True, **params)
           ^^^^^^^^^^^^^^^^^^^^^^^^^^^^^^^^^^^^^^^^^^^^^^^^^^^^^^^^^^^^^^
  File "C:\Users\Давыдов Александр\Desktop\REPO\!JIRA_new\env\Lib\site-packages\playwright\_impl\_frame.py", line 549, in click
    await self._channel.send("click", self._timeout, locals_to_params(locals()))
  File "C:\Users\Давыдов Александр\Desktop\REPO\!JIRA_new\env\Lib\site-packages\playwright\_impl\_connection.py", line 69, in send
    return await self._connection.wrap_api_call(
           ^^^^^^^^^^^^^^^^^^^^^^^^^^^^^^^^^^^^^
    ...<3 lines>...
    )
    ^
  File "C:\Users\Давыдов Александр\Desktop\REPO\!JIRA_new\env\Lib\site-packages\playwright\_impl\_connection.py", line 558, in wrap_api_call
    raise rewrite_error(error, f"{parsed_st['apiName']}: {error}") from None
playwright._impl._errors.TimeoutError: Locator.click: Timeout 1000ms exceeded.
Call log:
  - waiting for get_by_role("option", name="Не заполнено", exact=True).filter(visible=True).first

2026-09-10 14:14:12,470 | ERROR | Ошибка миграции: задача=KISEMIAS2019-21503 система=jira проект=КИС ЕМИАС (KIS)
Traceback (most recent call last):
  File "C:\Users\Давыдов Александр\Desktop\REPO\!JIRA_new\migration_gui.py", line 481, in execute_migration_process
    source_page.open_issue(prefix, task_id)
    ~~~~~~~~~~~~~~~~~~~~~~^^^^^^^^^^^^^^^^^
  File "C:\Users\Давыдов Александр\Desktop\REPO\!JIRA_new\jrf.py", line 93, in open_issue
    self.page.goto(url, wait_until='domcontentloaded')
    ^^^^^^^^^^^^^^^^^^^^^^
  File "C:\Users\Давыдов Александр\Desktop\REPO\!JIRA_new\jrf.py", line 132, in login_if_needed
    # redraw it after a failed submission. The requested issue must load.
  File "C:\Users\Давыдов Александр\Desktop\REPO\!JIRA_new\env\Lib\site-packages\playwright\sync_api\_generated.py", line 17975, in wait_for
    self._sync(self._impl_obj.wait_for(timeout=timeout, state=state))
    ~~~~~~~~~~^^^^^^^^^^^^^^^^^^^^^^^^^^^^^^^^^^^^^^^^^^^^^^^^^^^^^^^
  File "C:\Users\Давыдов Александр\Desktop\REPO\!JIRA_new\env\Lib\site-packages\playwright\_impl\_sync_base.py", line 115, in _sync
    return task.result()
           ~~~~~~~~~~~^^
  File "C:\Users\Давыдов Александр\Desktop\REPO\!JIRA_new\env\Lib\site-packages\playwright\_impl\_locator.py", line 692, in wait_for
    await self._frame.wait_for_selector(
        self._selector, strict=True, timeout=timeout, state=state
    )
  File "C:\Users\Давыдов Александр\Desktop\REPO\!JIRA_new\env\Lib\site-packages\playwright\_impl\_frame.py", line 369, in wait_for_selector
    await self._channel.send(
        "waitForSelector", self._timeout, locals_to_params(locals())
    )
  File "C:\Users\Давыдов Александр\Desktop\REPO\!JIRA_new\env\Lib\site-packages\playwright\_impl\_connection.py", line 69, in send
    return await self._connection.wrap_api_call(
           ^^^^^^^^^^^^^^^^^^^^^^^^^^^^^^^^^^^^^
    ...<3 lines>...
    )
    ^
  File "C:\Users\Давыдов Александр\Desktop\REPO\!JIRA_new\env\Lib\site-packages\playwright\_impl\_connection.py", line 558, in wrap_api_call
    raise rewrite_error(error, f"{parsed_st['apiName']}: {error}") from None
playwright._impl._errors.TargetClosedError: Locator.wait_for: Target page, context or browser has been closed
Call log:
  - waiting for locator("#summary-val").first to be visible
    - waiting for" https://jira.mos.social/browse/KISEMIAS2019-21503" navigation to finish...
    - navigated to "https://jira.mos.social/login.jsp?permissionViolation=true&os_destination=%2Fbrowse%2FKISEMIAS2019-21503&page_caps=&user_role="

2026-09-10 14:14:35,121 | ERROR | Пропущено целевое поле Приоритет → #priority-field
Traceback (most recent call last):
  File "C:\Users\Давыдов Александр\Desktop\REPO\!JIRA_new\migration_gui.py", line 542, in execute_migration_process
    fill_mapped_fields(page, [(field, value)])
    ~~~~~~~~~~~~~~~~~~^^^^^^^^^^^^^^^^^^^^^^^^
  File "C:\Users\Давыдов Александр\Desktop\REPO\!JIRA_new\field_picker.py", line 241, in fill_mapped_fields
    page.get_by_role('option', name=value, exact=True).filter(visible=True).first.click(timeout=FIELD_FILL_TIMEOUT_MS)
    ~~~~~~~~~~~~~~~~~~~~~~~~~~~~~~~~~~~~~~~~~~~~~~~~~~~~~~~~~~~~~~~~~~~~~~~~~~~~~~~~~~~^^^^^^^^^^^^^^^^^^^^^^^^^^^^^^^
  File "C:\Users\Давыдов Александр\Desktop\REPO\!JIRA_new\env\Lib\site-packages\playwright\sync_api\_generated.py", line 15543, in click
    self._sync(
    ~~~~~~~~~~^
        self._impl_obj.click(
        ^^^^^^^^^^^^^^^^^^^^^
    ...<9 lines>...
        )
        ^
    )
    ^
  File "C:\Users\Давыдов Александр\Desktop\REPO\!JIRA_new\env\Lib\site-packages\playwright\_impl\_sync_base.py", line 115, in _sync
    return task.result()
           ~~~~~~~~~~~^^
  File "C:\Users\Давыдов Александр\Desktop\REPO\!JIRA_new\env\Lib\site-packages\playwright\_impl\_locator.py", line 160, in click
    return await self._frame.click(self._selector, strict=True, **params)
           ^^^^^^^^^^^^^^^^^^^^^^^^^^^^^^^^^^^^^^^^^^^^^^^^^^^^^^^^^^^^^^
  File "C:\Users\Давыдов Александр\Desktop\REPO\!JIRA_new\env\Lib\site-packages\playwright\_impl\_frame.py", line 549, in click
    await self._channel.send("click", self._timeout, locals_to_params(locals()))
  File "C:\Users\Давыдов Александр\Desktop\REPO\!JIRA_new\env\Lib\site-packages\playwright\_impl\_connection.py", line 69, in send
    return await self._connection.wrap_api_call(
           ^^^^^^^^^^^^^^^^^^^^^^^^^^^^^^^^^^^^^
    ...<3 lines>...
    )
    ^
  File "C:\Users\Давыдов Александр\Desktop\REPO\!JIRA_new\env\Lib\site-packages\playwright\_impl\_connection.py", line 558, in wrap_api_call
    raise rewrite_error(error, f"{parsed_st['apiName']}: {error}") from None
playwright._impl._errors.TimeoutError: Locator.click: Timeout 1000ms exceeded.
Call log:
  - waiting for get_by_role("option", name="Серьезный", exact=True).filter(visible=True).first

2026-09-10 14:14:36,192 | ERROR | Пропущено целевое поле Метки → #labels-textarea
Traceback (most recent call last):
  File "C:\Users\Давыдов Александр\Desktop\REPO\!JIRA_new\migration_gui.py", line 542, in execute_migration_process
    fill_mapped_fields(page, [(field, value)])
    ~~~~~~~~~~~~~~~~~~^^^^^^^^^^^^^^^^^^^^^^^^
  File "C:\Users\Давыдов Александр\Desktop\REPO\!JIRA_new\field_picker.py", line 241, in fill_mapped_fields
    page.get_by_role('option', name=value, exact=True).filter(visible=True).first.click(timeout=FIELD_FILL_TIMEOUT_MS)
    ~~~~~~~~~~~~~~~~~~~~~~~~~~~~~~~~~~~~~~~~~~~~~~~~~~~~~~~~~~~~~~~~~~~~~~~~~~~~~~~~~~~^^^^^^^^^^^^^^^^^^^^^^^^^^^^^^^
  File "C:\Users\Давыдов Александр\Desktop\REPO\!JIRA_new\env\Lib\site-packages\playwright\sync_api\_generated.py", line 15543, in click
    self._sync(
    ~~~~~~~~~~^
        self._impl_obj.click(
        ^^^^^^^^^^^^^^^^^^^^^
    ...<9 lines>...
        )
        ^
    )
    ^
  File "C:\Users\Давыдов Александр\Desktop\REPO\!JIRA_new\env\Lib\site-packages\playwright\_impl\_sync_base.py", line 115, in _sync
    return task.result()
           ~~~~~~~~~~~^^
  File "C:\Users\Давыдов Александр\Desktop\REPO\!JIRA_new\env\Lib\site-packages\playwright\_impl\_locator.py", line 160, in click
    return await self._frame.click(self._selector, strict=True, **params)
           ^^^^^^^^^^^^^^^^^^^^^^^^^^^^^^^^^^^^^^^^^^^^^^^^^^^^^^^^^^^^^^
  File "C:\Users\Давыдов Александр\Desktop\REPO\!JIRA_new\env\Lib\site-packages\playwright\_impl\_frame.py", line 549, in click
    await self._channel.send("click", self._timeout, locals_to_params(locals()))
  File "C:\Users\Давыдов Александр\Desktop\REPO\!JIRA_new\env\Lib\site-packages\playwright\_impl\_connection.py", line 69, in send
    return await self._connection.wrap_api_call(
           ^^^^^^^^^^^^^^^^^^^^^^^^^^^^^^^^^^^^^
    ...<3 lines>...
    )
    ^
  File "C:\Users\Давыдов Александр\Desktop\REPO\!JIRA_new\env\Lib\site-packages\playwright\_impl\_connection.py", line 558, in wrap_api_call
    raise rewrite_error(error, f"{parsed_st['apiName']}: {error}") from None
playwright._impl._errors.TimeoutError: Locator.click: Timeout 1000ms exceeded.
Call log:
  - waiting for get_by_role("option", name="Метки:\nКИС_КРИТИЧЕСКИЙ_ПУТЬ ПМУ ПиМ Сервисы", exact=True).filter(visible=True).first

2026-09-10 14:14:37,243 | ERROR | Пропущено целевое поле Исправить_в_версиях → #fixVersions-textarea
Traceback (most recent call last):
  File "C:\Users\Давыдов Александр\Desktop\REPO\!JIRA_new\migration_gui.py", line 542, in execute_migration_process
    fill_mapped_fields(page, [(field, value)])
    ~~~~~~~~~~~~~~~~~~^^^^^^^^^^^^^^^^^^^^^^^^
  File "C:\Users\Давыдов Александр\Desktop\REPO\!JIRA_new\field_picker.py", line 241, in fill_mapped_fields
    page.get_by_role('option', name=value, exact=True).filter(visible=True).first.click(timeout=FIELD_FILL_TIMEOUT_MS)
    ~~~~~~~~~~~~~~~~~~~~~~~~~~~~~~~~~~~~~~~~~~~~~~~~~~~~~~~~~~~~~~~~~~~~~~~~~~~~~~~~~~~^^^^^^^^^^^^^^^^^^^^^^^^^^^^^^^
  File "C:\Users\Давыдов Александр\Desktop\REPO\!JIRA_new\env\Lib\site-packages\playwright\sync_api\_generated.py", line 15543, in click
    self._sync(
    ~~~~~~~~~~^
        self._impl_obj.click(
        ^^^^^^^^^^^^^^^^^^^^^
    ...<9 lines>...
        )
        ^
    )
    ^
  File "C:\Users\Давыдов Александр\Desktop\REPO\!JIRA_new\env\Lib\site-packages\playwright\_impl\_sync_base.py", line 115, in _sync
    return task.result()
           ~~~~~~~~~~~^^
  File "C:\Users\Давыдов Александр\Desktop\REPO\!JIRA_new\env\Lib\site-packages\playwright\_impl\_locator.py", line 160, in click
    return await self._frame.click(self._selector, strict=True, **params)
           ^^^^^^^^^^^^^^^^^^^^^^^^^^^^^^^^^^^^^^^^^^^^^^^^^^^^^^^^^^^^^^
  File "C:\Users\Давыдов Александр\Desktop\REPO\!JIRA_new\env\Lib\site-packages\playwright\_impl\_frame.py", line 549, in click
    await self._channel.send("click", self._timeout, locals_to_params(locals()))
  File "C:\Users\Давыдов Александр\Desktop\REPO\!JIRA_new\env\Lib\site-packages\playwright\_impl\_connection.py", line 69, in send
    return await self._connection.wrap_api_call(
           ^^^^^^^^^^^^^^^^^^^^^^^^^^^^^^^^^^^^^
    ...<3 lines>...
    )
    ^
  File "C:\Users\Давыдов Александр\Desktop\REPO\!JIRA_new\env\Lib\site-packages\playwright\_impl\_connection.py", line 558, in wrap_api_call
    raise rewrite_error(error, f"{parsed_st['apiName']}: {error}") from None
playwright._impl._errors.TimeoutError: Locator.click: Timeout 1000ms exceeded.
Call log:
  - waiting for get_by_role("option", name="Не заполнено", exact=True).filter(visible=True).first

2026-09-10 16:25:33,317 | ERROR | Не удалось перенести файлы задачи KISEMIAS2019-21641
Traceback (most recent call last):
  File "C:\Users\Давыдов Александр\Desktop\REPO\!JIRA_new\migration_gui.py", line 568, in execute_copy_files
    destination.open_existing_issue(target_issue)
    ~~~~~~~~~~~~~~~~~~~~~~~~~~~~~~~^^^^^^^^^^^^^^
  File "C:\Users\Давыдов Александр\Desktop\REPO\!JIRA_new\jrf.py", line 377, in open_existing_issue
    self.page.locator("#summary-val, #summary").first.wait_for(state="visible", timeout=20_000)
    ~~~~~~~~~~~~~~~~~~~~~~~~~~~~~~~~~~~~~~~~~~~~~~~~~~~~~~~~~~^^^^^^^^^^^^^^^^^^^^^^^^^^^^^^^^^
  File "C:\Users\Давыдов Александр\Desktop\REPO\!JIRA_new\env\Lib\site-packages\playwright\sync_api\_generated.py", line 17975, in wait_for
    self._sync(self._impl_obj.wait_for(timeout=timeout, state=state))
    ~~~~~~~~~~^^^^^^^^^^^^^^^^^^^^^^^^^^^^^^^^^^^^^^^^^^^^^^^^^^^^^^^
  File "C:\Users\Давыдов Александр\Desktop\REPO\!JIRA_new\env\Lib\site-packages\playwright\_impl\_sync_base.py", line 115, in _sync
    return task.result()
           ~~~~~~~~~~~^^
  File "C:\Users\Давыдов Александр\Desktop\REPO\!JIRA_new\env\Lib\site-packages\playwright\_impl\_locator.py", line 692, in wait_for
    await self._frame.wait_for_selector(
        self._selector, strict=True, timeout=timeout, state=state
    )
  File "C:\Users\Давыдов Александр\Desktop\REPO\!JIRA_new\env\Lib\site-packages\playwright\_impl\_frame.py", line 369, in wait_for_selector
    await self._channel.send(
        "waitForSelector", self._timeout, locals_to_params(locals())
    )
  File "C:\Users\Давыдов Александр\Desktop\REPO\!JIRA_new\env\Lib\site-packages\playwright\_impl\_connection.py", line 69, in send
    return await self._connection.wrap_api_call(
           ^^^^^^^^^^^^^^^^^^^^^^^^^^^^^^^^^^^^^
    ...<3 lines>...
    )
    ^
  File "C:\Users\Давыдов Александр\Desktop\REPO\!JIRA_new\env\Lib\site-packages\playwright\_impl\_connection.py", line 558, in wrap_api_call
    raise rewrite_error(error, f"{parsed_st['apiName']}: {error}") from None
playwright._impl._errors.TimeoutError: Locator.wait_for: Timeout 20000ms exceeded.
Call log:
  - waiting for locator("#summary-val, #summary").first to be visible

2026-09-10 16:33:02,520 | ERROR | Ошибка обработчика интерфейса
Traceback (most recent call last):
  File "C:\Users\Давыдов Александр\AppData\Local\Programs\Python\Python314\Lib\tkinter\__init__.py", line 2088, in __call__
    return self.func(*args)
           ~~~~~~~~~^^^^^^^
  File "C:\Users\Давыдов Александр\Desktop\REPO\!JIRA_new\migration_gui.py", line 473, in start_migration_thread
    args=(prefix, task_id, target_sys, target_project, developer, self.copy_developer_to_assignee_var.get()),
                                                       ^^^^^^^^^
NameError: name 'developer' is not defined
2026-09-10 16:33:50,161 | ERROR | Не удалось перенести файлы задачи KISEMIAS2019-21641
Traceback (most recent call last):
  File "C:\Users\Давыдов Александр\Desktop\REPO\!JIRA_new\migration_gui.py", line 563, in execute_copy_files
    source.open_issue(prefix, task_id)
    ~~~~~~~~~~~~~~~~~^^^^^^^^^^^^^^^^^
  File "C:\Users\Давыдов Александр\Desktop\REPO\!JIRA_new\jrf.py", line 129, in open_issue
    self.login_if_needed()
    ~~~~~~~~~~~~~~~~~~~~^^
  File "C:\Users\Давыдов Александр\Desktop\REPO\!JIRA_new\jrf.py", line 168, in login_if_needed
    self.page.locator(SJ["summary"]).first.wait_for(state="visible", timeout=30_000)
    ~~~~~~~~~~~~~~~~~~~~~~~~~~~~~~~~~~~~~~~~~~~~~~~^^^^^^^^^^^^^^^^^^^^^^^^^^^^^^^^^
  File "C:\Users\Давыдов Александр\Desktop\REPO\!JIRA_new\env\Lib\site-packages\playwright\sync_api\_generated.py", line 17975, in wait_for
    self._sync(self._impl_obj.wait_for(timeout=timeout, state=state))
    ~~~~~~~~~~^^^^^^^^^^^^^^^^^^^^^^^^^^^^^^^^^^^^^^^^^^^^^^^^^^^^^^^
  File "C:\Users\Давыдов Александр\Desktop\REPO\!JIRA_new\env\Lib\site-packages\playwright\_impl\_sync_base.py", line 115, in _sync
    return task.result()
           ~~~~~~~~~~~^^
  File "C:\Users\Давыдов Александр\Desktop\REPO\!JIRA_new\env\Lib\site-packages\playwright\_impl\_locator.py", line 692, in wait_for
    await self._frame.wait_for_selector(
        self._selector, strict=True, timeout=timeout, state=state
    )
  File "C:\Users\Давыдов Александр\Desktop\REPO\!JIRA_new\env\Lib\site-packages\playwright\_impl\_frame.py", line 369, in wait_for_selector
    await self._channel.send(
        "waitForSelector", self._timeout, locals_to_params(locals())
    )
  File "C:\Users\Давыдов Александр\Desktop\REPO\!JIRA_new\env\Lib\site-packages\playwright\_impl\_connection.py", line 69, in send
    return await self._connection.wrap_api_call(
           ^^^^^^^^^^^^^^^^^^^^^^^^^^^^^^^^^^^^^
    ...<3 lines>...
    )
    ^
  File "C:\Users\Давыдов Александр\Desktop\REPO\!JIRA_new\env\Lib\site-packages\playwright\_impl\_connection.py", line 558, in wrap_api_call
    raise rewrite_error(error, f"{parsed_st['apiName']}: {error}") from None
playwright._impl._errors.TargetClosedError: Locator.wait_for: Target page, context or browser has been closed
Call log:
  - waiting for locator("#summary-val").first to be visible

2026-09-10 16:34:10,949 | ERROR | Не удалось перенести файлы задачи KISEMIAS2019-21641
Traceback (most recent call last):
  File "C:\Users\Давыдов Александр\Desktop\REPO\!JIRA_new\migration_gui.py", line 563, in execute_copy_files
    source.open_issue(prefix, task_id)
    ~~~~~~~~~~~~~~~~~^^^^^^^^^^^^^^^^^
  File "C:\Users\Давыдов Александр\Desktop\REPO\!JIRA_new\jrf.py", line 129, in open_issue
    self.login_if_needed()
    ~~~~~~~~~~~~~~~~~~~~^^
  File "C:\Users\Давыдов Александр\Desktop\REPO\!JIRA_new\jrf.py", line 168, in login_if_needed
    self.page.locator(SJ["summary"]).first.wait_for(state="visible", timeout=30_000)
    ~~~~~~~~~~~~~~~~~~~~~~~~~~~~~~~~~~~~~~~~~~~~~~~^^^^^^^^^^^^^^^^^^^^^^^^^^^^^^^^^
  File "C:\Users\Давыдов Александр\Desktop\REPO\!JIRA_new\env\Lib\site-packages\playwright\sync_api\_generated.py", line 17975, in wait_for
    self._sync(self._impl_obj.wait_for(timeout=timeout, state=state))
    ~~~~~~~~~~^^^^^^^^^^^^^^^^^^^^^^^^^^^^^^^^^^^^^^^^^^^^^^^^^^^^^^^
  File "C:\Users\Давыдов Александр\Desktop\REPO\!JIRA_new\env\Lib\site-packages\playwright\_impl\_sync_base.py", line 115, in _sync
    return task.result()
           ~~~~~~~~~~~^^
  File "C:\Users\Давыдов Александр\Desktop\REPO\!JIRA_new\env\Lib\site-packages\playwright\_impl\_locator.py", line 692, in wait_for
    await self._frame.wait_for_selector(
        self._selector, strict=True, timeout=timeout, state=state
    )
  File "C:\Users\Давыдов Александр\Desktop\REPO\!JIRA_new\env\Lib\site-packages\playwright\_impl\_frame.py", line 369, in wait_for_selector
    await self._channel.send(
        "waitForSelector", self._timeout, locals_to_params(locals())
    )
  File "C:\Users\Давыдов Александр\Desktop\REPO\!JIRA_new\env\Lib\site-packages\playwright\_impl\_connection.py", line 69, in send
    return await self._connection.wrap_api_call(
           ^^^^^^^^^^^^^^^^^^^^^^^^^^^^^^^^^^^^^
    ...<3 lines>...
    )
    ^
  File "C:\Users\Давыдов Александр\Desktop\REPO\!JIRA_new\env\Lib\site-packages\playwright\_impl\_connection.py", line 558, in wrap_api_call
    raise rewrite_error(error, f"{parsed_st['apiName']}: {error}") from None
playwright._impl._errors.TargetClosedError: Locator.wait_for: Target page, context or browser has been closed
Call log:
  - waiting for locator("#summary-val").first to be visible
    - waiting for" https://jira.mos.social/browse/KISEMIAS2019-21641" navigation to finish...
    - navigated to "https://jira.mos.social/login.jsp?permissionViolation=true&os_destination=%2Fbrowse%2FKISEMIAS2019-21641&page_caps=&user_role="

2026-09-10 16:38:51,000 | ERROR | Ошибка экспорта задачи KISEMIAS2019-21641 в Google Таблицы
Traceback (most recent call last):
  File "C:\Users\Давыдов Александр\Desktop\REPO\!JIRA_new\migration_gui.py", line 641, in execute_google_export
    source_page.open_issue(prefix, task_id)
    ~~~~~~~~~~~~~~~~~~~~~~^^^^^^^^^^^^^^^^^
  File "C:\Users\Давыдов Александр\Desktop\REPO\!JIRA_new\jrf.py", line 129, in open_issue
    self.login_if_needed()
    ~~~~~~~~~~~~~~~~~~~~^^
  File "C:\Users\Давыдов Александр\Desktop\REPO\!JIRA_new\jrf.py", line 168, in login_if_needed
    self.page.locator(SJ["summary"]).first.wait_for(state="visible", timeout=30_000)
    ~~~~~~~~~~~~~~~~~~~~~~~~~~~~~~~~~~~~~~~~~~~~~~~^^^^^^^^^^^^^^^^^^^^^^^^^^^^^^^^^
  File "C:\Users\Давыдов Александр\Desktop\REPO\!JIRA_new\env\Lib\site-packages\playwright\sync_api\_generated.py", line 17975, in wait_for
    self._sync(self._impl_obj.wait_for(timeout=timeout, state=state))
    ~~~~~~~~~~^^^^^^^^^^^^^^^^^^^^^^^^^^^^^^^^^^^^^^^^^^^^^^^^^^^^^^^
  File "C:\Users\Давыдов Александр\Desktop\REPO\!JIRA_new\env\Lib\site-packages\playwright\_impl\_sync_base.py", line 115, in _sync
    return task.result()
           ~~~~~~~~~~~^^
  File "C:\Users\Давыдов Александр\Desktop\REPO\!JIRA_new\env\Lib\site-packages\playwright\_impl\_locator.py", line 692, in wait_for
    await self._frame.wait_for_selector(
        self._selector, strict=True, timeout=timeout, state=state
    )
  File "C:\Users\Давыдов Александр\Desktop\REPO\!JIRA_new\env\Lib\site-packages\playwright\_impl\_frame.py", line 369, in wait_for_selector
    await self._channel.send(
        "waitForSelector", self._timeout, locals_to_params(locals())
    )
  File "C:\Users\Давыдов Александр\Desktop\REPO\!JIRA_new\env\Lib\site-packages\playwright\_impl\_connection.py", line 69, in send
    return await self._connection.wrap_api_call(
           ^^^^^^^^^^^^^^^^^^^^^^^^^^^^^^^^^^^^^
    ...<3 lines>...
    )
    ^
  File "C:\Users\Давыдов Александр\Desktop\REPO\!JIRA_new\env\Lib\site-packages\playwright\_impl\_connection.py", line 558, in wrap_api_call
    raise rewrite_error(error, f"{parsed_st['apiName']}: {error}") from None
playwright._impl._errors.TargetClosedError: Locator.wait_for: Target page, context or browser has been closed
Call log:
  - waiting for locator("#summary-val").first to be visible
    - waiting for" https://jira.mos.social/browse/KISEMIAS2019-21641" navigation to finish...
    - navigated to "https://jira.mos.social/login.jsp?permissionViolation=true&os_destination=%2Fbrowse%2FKISEMIAS2019-21641&page_caps=&user_role="

2026-09-10 16:38:56,575 | ERROR | Ошибка экспорта задачи KISEMIAS2019-21641 в Google Таблицы
Traceback (most recent call last):
  File "C:\Users\Давыдов Александр\Desktop\REPO\!JIRA_new\google_sheets_export.py", line 94, in append_issue_row
    client = gspread.service_account(filename=settings["credentials_file"])
  File "C:\Users\Давыдов Александр\Desktop\REPO\!JIRA_new\env\Lib\site-packages\gspread\auth.py", line 329, in service_account
    creds = SACredentials.from_service_account_file(filename, scopes=scopes)
  File "C:\Users\Давыдов Александр\Desktop\REPO\!JIRA_new\env\Lib\site-packages\google\oauth2\service_account.py", line 260, in from_service_account_file
    info, signer = _service_account_info.from_filename(
                   ~~~~~~~~~~~~~~~~~~~~~~~~~~~~~~~~~~~^
        filename, require=["client_email", "token_uri"]
        ^^^^^^^^^^^^^^^^^^^^^^^^^^^^^^^^^^^^^^^^^^^^^^^
    )
    ^
  File "C:\Users\Давыдов Александр\Desktop\REPO\!JIRA_new\env\Lib\site-packages\google\auth\_service_account_info.py", line 79, in from_filename
    data = json.load(json_file)
  File "C:\Users\Давыдов Александр\AppData\Local\Programs\Python\Python314\Lib\json\__init__.py", line 298, in load
    return loads(fp.read(),
        cls=cls, object_hook=object_hook,
        parse_float=parse_float, parse_int=parse_int,
        parse_constant=parse_constant, object_pairs_hook=object_pairs_hook, **kw)
  File "C:\Users\Давыдов Александр\AppData\Local\Programs\Python\Python314\Lib\json\__init__.py", line 352, in loads
    return _default_decoder.decode(s)
           ~~~~~~~~~~~~~~~~~~~~~~~^^^
  File "C:\Users\Давыдов Александр\AppData\Local\Programs\Python\Python314\Lib\json\decoder.py", line 348, in decode
    raise JSONDecodeError("Extra data", s, end)
json.decoder.JSONDecodeError: Extra data: line 1 column 8 (char 7)

The above exception was the direct cause of the following exception:

Traceback (most recent call last):
  File "C:\Users\Давыдов Александр\Desktop\REPO\!JIRA_new\migration_gui.py", line 659, in execute_google_export
    append_issue_row(
    ~~~~~~~~~~~~~~~~^
        settings, prefix + task_id, task_id, source_url,
        ^^^^^^^^^^^^^^^^^^^^^^^^^^^^^^^^^^^^^^^^^^^^^^^^
        field_values, DEFAULT_ASSIGNEE,
        ^^^^^^^^^^^^^^^^^^^^^^^^^^^^^^^
    )
    ^
  File "C:\Users\Давыдов Александр\Desktop\REPO\!JIRA_new\google_sheets_export.py", line 131, in append_issue_row
    raise GoogleSheetsExportError(f"Не удалось записать данные в Google Таблицу: {error}") from error
google_sheets_export.GoogleSheetsExportError: Не удалось записать данные в Google Таблицу: Extra data: line 1 column 8 (char 7)
2026-09-10 17:33:27,500 | ERROR | Ошибка уточнения статусов Jira в Google Таблице
Traceback (most recent call last):
  File "C:\Users\Давыдов Александр\Desktop\REPO\!JIRA_new\env\Lib\site-packages\gspread\client.py", line 168, in open_by_key
    spreadsheet = Spreadsheet(self.http_client, {"id": key})
  File "C:\Users\Давыдов Александр\Desktop\REPO\!JIRA_new\env\Lib\site-packages\gspread\spreadsheet.py", line 29, in __init__
    metadata = self.fetch_sheet_metadata()
  File "C:\Users\Давыдов Александр\Desktop\REPO\!JIRA_new\env\Lib\site-packages\gspread\spreadsheet.py", line 230, in fetch_sheet_metadata
    return self.client.fetch_sheet_metadata(self.id, params=params)
           ~~~~~~~~~~~~~~~~~~~~~~~~~~~~~~~~^^^^^^^^^^^^^^^^^^^^^^^^
  File "C:\Users\Давыдов Александр\Desktop\REPO\!JIRA_new\env\Lib\site-packages\gspread\http_client.py", line 305, in fetch_sheet_metadata
    r = self.request("get", url, params=params)
  File "C:\Users\Давыдов Александр\Desktop\REPO\!JIRA_new\env\Lib\site-packages\gspread\http_client.py", line 128, in request
    raise APIError(response)
gspread.exceptions.APIError: APIError: [403]: The caller does not have permission

The above exception was the direct cause of the following exception:

Traceback (most recent call last):
  File "C:\Users\Давыдов Александр\Desktop\REPO\!JIRA_new\google_sheets_export.py", line 184, in update_issue_statuses
    worksheet = client.open_by_url(settings["spreadsheet_url"]).worksheet(
                ~~~~~~~~~~~~~~~~~~^^^^^^^^^^^^^^^^^^^^^^^^^^^^^
  File "C:\Users\Давыдов Александр\Desktop\REPO\!JIRA_new\env\Lib\site-packages\gspread\client.py", line 189, in open_by_url
    return self.open_by_key(extract_id_from_url(url))
           ~~~~~~~~~~~~~~~~^^^^^^^^^^^^^^^^^^^^^^^^^^
  File "C:\Users\Давыдов Александр\Desktop\REPO\!JIRA_new\env\Lib\site-packages\gspread\client.py", line 173, in open_by_key
    raise PermissionError from ex
PermissionError

The above exception was the direct cause of the following exception:

Traceback (most recent call last):
  File "C:\Users\Давыдов Александр\Desktop\REPO\!JIRA_new\migration_gui.py", line 334, in execute_status_update
    result = update_issue_statuses(load_settings(), values)
  File "C:\Users\Давыдов Александр\Desktop\REPO\!JIRA_new\google_sheets_export.py", line 231, in update_issue_statuses
    raise GoogleSheetsExportError(f"Не удалось обновить статусы в Google Таблице: {error}") from error
google_sheets_export.GoogleSheetsExportError: Не удалось обновить статусы в Google Таблице: 
2026-09-10 17:34:49,606 | ERROR | Ошибка уточнения статусов Jira в Google Таблице
Traceback (most recent call last):
  File "C:\Users\Давыдов Александр\Desktop\REPO\!JIRA_new\env\Lib\site-packages\gspread\spreadsheet.py", line 327, in worksheet
    item = finditem(
        lambda x: x["properties"]["title"] == title,
        sheet_data["sheets"],
    )
  File "C:\Users\Давыдов Александр\Desktop\REPO\!JIRA_new\env\Lib\site-packages\gspread\utils.py", line 224, in finditem
    return next(item for item in seq if func(item))
StopIteration

During handling of the above exception, another exception occurred:

Traceback (most recent call last):
  File "C:\Users\Давыдов Александр\Desktop\REPO\!JIRA_new\google_sheets_export.py", line 184, in update_issue_statuses
    except Exception as error:
                    ^^^^^^^^^^
        raise GoogleSheetsExportError(f"Не удалось записать данные в Google Таблицу: {error}") from error
        ^^^^^^^^^^^^^^^^^^^^^^^^^^^^^^^^^^^^^^^^^^^^^^^^^^^^^^^^^^^^^^^^^^^^^^^^^^^^^^^^^^^^^^^^^^^^^^^^^
    
    
  File "C:\Users\Давыдов Александр\Desktop\REPO\!JIRA_new\env\Lib\site-packages\gspread\spreadsheet.py", line 333, in worksheet
    raise WorksheetNotFound(title)
gspread.exceptions.WorksheetNotFound: ТАблица Задачи

The above exception was the direct cause of the following exception:

Traceback (most recent call last):
  File "C:\Users\Давыдов Александр\Desktop\REPO\!JIRA_new\migration_gui.py", line 334, in execute_status_update
    result = update_issue_statuses(load_settings(), values)
  File "C:\Users\Давыдов Александр\Desktop\REPO\!JIRA_new\google_sheets_export.py", line 231, in update_issue_statuses
    if row_number is None:
google_sheets_export.GoogleSheetsExportError: Не удалось обновить статусы в Google Таблице: ТАблица Задачи
2026-09-10 17:49:48,639 | ERROR | Не удалось изменить статус целевой Jira-задачи KIS-1383
Traceback (most recent call last):
  File "C:\Users\Давыдов Александр\Desktop\REPO\!JIRA_new\migration_gui.py", line 315, in execute_status_change
    actual_status = destination.set_issue_status(issue_key, desired_status)
  File "C:\Users\Давыдов Александр\Desktop\REPO\!JIRA_new\jrf.py", line 419, in set_issue_status
    raise RuntimeError(
        f"Для {key} недоступен переход «{desired_status}». Доступные переходы: {available}."
    )
RuntimeError: Для KIS-1383 недоступен переход «Закрыт». Доступные переходы: Взята в анализ.
2026-09-10 17:51:56,885 | ERROR | Не удалось изменить статус целевой Jira-задачи KIS-1383
Traceback (most recent call last):
  File "C:\Users\Давыдов Александр\Desktop\REPO\!JIRA_new\migration_gui.py", line 315, in execute_status_change
    actual_status = destination.set_issue_status(issue_key, desired_status)
  File "C:\Users\Давыдов Александр\Desktop\REPO\!JIRA_new\jrf.py", line 463, in set_issue_status
    perform(candidates[0])
    ~~~~~~~^^^^^^^^^^^^^^^
  File "C:\Users\Давыдов Александр\Desktop\REPO\!JIRA_new\jrf.py", line 427, in perform
    raise RuntimeError(
    ...<2 lines>...
    )
RuntimeError: Jira не выполнила переход «Взята в анализ» для KIS-1383: HTTP 403: XSRF check failed
2026-09-10 17:53:03,375 | ERROR | Не удалось изменить статус целевой Jira-задачи KIS-1383
Traceback (most recent call last):
  File "C:\Users\Давыдов Александр\Desktop\REPO\!JIRA_new\migration_gui.py", line 315, in execute_status_change
    actual_status = destination.set_issue_status(issue_key, desired_status)
  File "C:\Users\Давыдов Александр\Desktop\REPO\!JIRA_new\jrf.py", line 464, in set_issue_status
    perform(candidates[0])
    ~~~~~~~^^^^^^^^^^^^^^^
  File "C:\Users\Давыдов Александр\Desktop\REPO\!JIRA_new\jrf.py", line 428, in perform
    raise RuntimeError(
    ...<2 lines>...
    )
RuntimeError: Jira не выполнила переход «Взята в анализ» для KIS-1383: HTTP 403: XSRF check failed
2026-09-10 17:54:08,932 | ERROR | Не удалось изменить статус целевой Jira-задачи KIS-1383
Traceback (most recent call last):
  File "C:\Users\Давыдов Александр\Desktop\REPO\!JIRA_new\migration_gui.py", line 315, in execute_status_change
    actual_status = destination.set_issue_status(issue_key, desired_status)
  File "C:\Users\Давыдов Александр\Desktop\REPO\!JIRA_new\jrf.py", line 474, in set_issue_status
    raise RuntimeError(
        f"Для {key} недоступен переход «{step}». Доступные переходы: {available}."
    )
RuntimeError: Для KIS-1383 недоступен переход «В работе». Доступные переходы: Отправить в разработку, Открыто.
2026-09-11 08:53:40,033 | ERROR | Ошибка синхронизации таблицы задач
Traceback (most recent call last):
  File "C:\Users\Давыдов Александр\Desktop\REPO\!JIRA_new\jrf.py", line 176, in login_if_needed
    self.page.locator(SJ["summary"]).first.wait_for(state="visible", timeout=30_000)
    ~~~~~~~~~~~~~~~~~~~~~~~~~~~~~~~~~~~~~~~~~~~~~~~^^^^^^^^^^^^^^^^^^^^^^^^^^^^^^^^^
  File "C:\Users\Давыдов Александр\Desktop\REPO\!JIRA_new\env\Lib\site-packages\playwright\sync_api\_generated.py", line 17975, in wait_for
    self._sync(self._impl_obj.wait_for(timeout=timeout, state=state))
    ~~~~~~~~~~^^^^^^^^^^^^^^^^^^^^^^^^^^^^^^^^^^^^^^^^^^^^^^^^^^^^^^^
  File "C:\Users\Давыдов Александр\Desktop\REPO\!JIRA_new\env\Lib\site-packages\playwright\_impl\_sync_base.py", line 115, in _sync
    return task.result()
           ~~~~~~~~~~~^^
  File "C:\Users\Давыдов Александр\Desktop\REPO\!JIRA_new\env\Lib\site-packages\playwright\_impl\_locator.py", line 692, in wait_for
    await self._frame.wait_for_selector(
        self._selector, strict=True, timeout=timeout, state=state
    )
  File "C:\Users\Давыдов Александр\Desktop\REPO\!JIRA_new\env\Lib\site-packages\playwright\_impl\_frame.py", line 369, in wait_for_selector
    await self._channel.send(
        "waitForSelector", self._timeout, locals_to_params(locals())
    )
  File "C:\Users\Давыдов Александр\Desktop\REPO\!JIRA_new\env\Lib\site-packages\playwright\_impl\_connection.py", line 69, in send
    return await self._connection.wrap_api_call(
           ^^^^^^^^^^^^^^^^^^^^^^^^^^^^^^^^^^^^^
    ...<3 lines>...
    )
    ^
  File "C:\Users\Давыдов Александр\Desktop\REPO\!JIRA_new\env\Lib\site-packages\playwright\_impl\_connection.py", line 558, in wrap_api_call
    raise rewrite_error(error, f"{parsed_st['apiName']}: {error}") from None
playwright._impl._errors.TargetClosedError: Locator.wait_for: Target page, context or browser has been closed
Call log:
  - waiting for locator("#summary-val").first to be visible
    - waiting for" https://jira.mos.social/browse/KISEMIAS2019-21107" navigation to finish...
    - navigated to "https://jira.mos.social/login.jsp?permissionViolation=true&os_destination=%2Fbrowse%2FKISEMIAS2019-21107&page_caps=&user_role="


The above exception was the direct cause of the following exception:

Traceback (most recent call last):
  File "C:\Users\Давыдов Александр\Desktop\REPO\!JIRA_new\migration_gui.py", line 530, in execute_table_sync
    source.open_issue(first_prefix + "-", first_number)
    ~~~~~~~~~~~~~~~~~^^^^^^^^^^^^^^^^^^^^^^^^^^^^^^^^^^
  File "C:\Users\Давыдов Александр\Desktop\REPO\!JIRA_new\jrf.py", line 130, in open_issue
    self.login_if_needed()
    ~~~~~~~~~~~~~~~~~~~~^^
  File "C:\Users\Давыдов Александр\Desktop\REPO\!JIRA_new\jrf.py", line 179, in login_if_needed
    raise RuntimeError(
    ...<2 lines>...
    ) from error
RuntimeError: Окно Playwright было закрыто во время входа в исходную Jira. Не закрывайте окно браузера до завершения операции.
2026-09-11 08:53:53,313 | ERROR | Ошибка синхронизации таблицы задач
Traceback (most recent call last):
  File "C:\Users\Давыдов Александр\Desktop\REPO\!JIRA_new\jrf.py", line 176, in login_if_needed
    self.page.locator(SJ["summary"]).first.wait_for(state="visible", timeout=30_000)
    ~~~~~~~~~~~~~~~~~~~~~~~~~~~~~~~~~~~~~~~~~~~~~~~^^^^^^^^^^^^^^^^^^^^^^^^^^^^^^^^^
  File "C:\Users\Давыдов Александр\Desktop\REPO\!JIRA_new\env\Lib\site-packages\playwright\sync_api\_generated.py", line 17975, in wait_for
    self._sync(self._impl_obj.wait_for(timeout=timeout, state=state))
    ~~~~~~~~~~^^^^^^^^^^^^^^^^^^^^^^^^^^^^^^^^^^^^^^^^^^^^^^^^^^^^^^^
  File "C:\Users\Давыдов Александр\Desktop\REPO\!JIRA_new\env\Lib\site-packages\playwright\_impl\_sync_base.py", line 115, in _sync
    return task.result()
           ~~~~~~~~~~~^^
  File "C:\Users\Давыдов Александр\Desktop\REPO\!JIRA_new\env\Lib\site-packages\playwright\_impl\_locator.py", line 692, in wait_for
    await self._frame.wait_for_selector(
        self._selector, strict=True, timeout=timeout, state=state
    )
  File "C:\Users\Давыдов Александр\Desktop\REPO\!JIRA_new\env\Lib\site-packages\playwright\_impl\_frame.py", line 369, in wait_for_selector
    await self._channel.send(
        "waitForSelector", self._timeout, locals_to_params(locals())
    )
  File "C:\Users\Давыдов Александр\Desktop\REPO\!JIRA_new\env\Lib\site-packages\playwright\_impl\_connection.py", line 69, in send
    return await self._connection.wrap_api_call(
           ^^^^^^^^^^^^^^^^^^^^^^^^^^^^^^^^^^^^^
    ...<3 lines>...
    )
    ^
  File "C:\Users\Давыдов Александр\Desktop\REPO\!JIRA_new\env\Lib\site-packages\playwright\_impl\_connection.py", line 558, in wrap_api_call
    raise rewrite_error(error, f"{parsed_st['apiName']}: {error}") from None
playwright._impl._errors.TargetClosedError: Locator.wait_for: Target page, context or browser has been closed
Call log:
  - waiting for locator("#summary-val").first to be visible
    - waiting for" https://jira.mos.social/browse/KISEMIAS2019-21107" navigation to finish...
    - navigated to "https://jira.mos.social/login.jsp?permissionViolation=true&os_destination=%2Fbrowse%2FKISEMIAS2019-21107&page_caps=&user_role="


The above exception was the direct cause of the following exception:

Traceback (most recent call last):
  File "C:\Users\Давыдов Александр\Desktop\REPO\!JIRA_new\migration_gui.py", line 530, in execute_table_sync
    source.open_issue(first_prefix + "-", first_number)
    ~~~~~~~~~~~~~~~~~^^^^^^^^^^^^^^^^^^^^^^^^^^^^^^^^^^
  File "C:\Users\Давыдов Александр\Desktop\REPO\!JIRA_new\jrf.py", line 130, in open_issue
    self.login_if_needed()
    ~~~~~~~~~~~~~~~~~~~~^^
  File "C:\Users\Давыдов Александр\Desktop\REPO\!JIRA_new\jrf.py", line 179, in login_if_needed
    raise RuntimeError(
    ...<2 lines>...
    ) from error
RuntimeError: Окно Playwright было закрыто во время входа в исходную Jira. Не закрывайте окно браузера до завершения операции.
2026-09-14 11:09:04,148 | ERROR | Ошибка синхронизации таблицы задач
Traceback (most recent call last):
  File "C:\Users\Давыдов Александр\Desktop\REPO\!JIRA_new\google_sheets_export.py", line 297, in update_issue_statuses
    _center_columns(worksheet, headers, min(updated_rows), max(updated_rows))
                                        ~~~^^^^^^^^^^^^^^
ValueError: min() iterable argument is empty

The above exception was the direct cause of the following exception:

Traceback (most recent call last):
  File "C:\Users\Давыдов Александр\Desktop\REPO\!JIRA_new\migration_gui.py", line 535, in execute_table_sync
    result = update_issue_statuses(load_settings(), values)
  File "C:\Users\Давыдов Александр\Desktop\REPO\!JIRA_new\google_sheets_export.py", line 304, in update_issue_statuses
    raise GoogleSheetsExportError(f"Не удалось обновить статусы в Google Таблице: {error}") from error
google_sheets_export.GoogleSheetsExportError: Не удалось обновить статусы в Google Таблице: min() iterable argument is empty
2026-09-14 11:10:58,973 | ERROR | Ошибка синхронизации таблицы задач
Traceback (most recent call last):
  File "C:\Users\Давыдов Александр\Desktop\REPO\!JIRA_new\jrf.py", line 176, in login_if_needed
    self.page.locator(SJ["summary"]).first.wait_for(state="visible", timeout=30_000)
    ~~~~~~~~~~~~~~~~~~~~~~~~~~~~~~~~~~~~~~~~~~~~~~~^^^^^^^^^^^^^^^^^^^^^^^^^^^^^^^^^
  File "C:\Users\Давыдов Александр\Desktop\REPO\!JIRA_new\env\Lib\site-packages\playwright\sync_api\_generated.py", line 17975, in wait_for
    self._sync(self._impl_obj.wait_for(timeout=timeout, state=state))
    ~~~~~~~~~~^^^^^^^^^^^^^^^^^^^^^^^^^^^^^^^^^^^^^^^^^^^^^^^^^^^^^^^
  File "C:\Users\Давыдов Александр\Desktop\REPO\!JIRA_new\env\Lib\site-packages\playwright\_impl\_sync_base.py", line 115, in _sync
    return task.result()
           ~~~~~~~~~~~^^
  File "C:\Users\Давыдов Александр\Desktop\REPO\!JIRA_new\env\Lib\site-packages\playwright\_impl\_locator.py", line 692, in wait_for
    await self._frame.wait_for_selector(
        self._selector, strict=True, timeout=timeout, state=state
    )
  File "C:\Users\Давыдов Александр\Desktop\REPO\!JIRA_new\env\Lib\site-packages\playwright\_impl\_frame.py", line 369, in wait_for_selector
    await self._channel.send(
        "waitForSelector", self._timeout, locals_to_params(locals())
    )
  File "C:\Users\Давыдов Александр\Desktop\REPO\!JIRA_new\env\Lib\site-packages\playwright\_impl\_connection.py", line 69, in send
    return await self._connection.wrap_api_call(
           ^^^^^^^^^^^^^^^^^^^^^^^^^^^^^^^^^^^^^
    ...<3 lines>...
    )
    ^
  File "C:\Users\Давыдов Александр\Desktop\REPO\!JIRA_new\env\Lib\site-packages\playwright\_impl\_connection.py", line 558, in wrap_api_call
    raise rewrite_error(error, f"{parsed_st['apiName']}: {error}") from None
playwright._impl._errors.TimeoutError: Locator.wait_for: Timeout 30000ms exceeded.
Call log:
  - waiting for locator("#summary-val").first to be visible
    - waiting for" https://jira.mos.social/login.jsp?permissionViolation=true&os_destination=%2Fbrowse%2FKISEMIAS2025-278&page_caps=&user_role=" navigation to finish...
    - navigated to "https://jira.mos.social/login.jsp?permissionViolation=true&os_destination=%2Fbrowse%2FKISEMIAS2025-278&page_caps=&user_role="


The above exception was the direct cause of the following exception:

Traceback (most recent call last):
  File "C:\Users\Давыдов Александр\Desktop\REPO\!JIRA_new\migration_gui.py", line 533, in execute_table_sync
    source.open_issue(first_prefix + "-", first_number)
    ~~~~~~~~~~~~~~~~~^^^^^^^^^^^^^^^^^^^^^^^^^^^^^^^^^^
  File "C:\Users\Давыдов Александр\Desktop\REPO\!JIRA_new\jrf.py", line 130, in open_issue
    self.login_if_needed()
    ~~~~~~~~~~~~~~~~~~~~^^
  File "C:\Users\Давыдов Александр\Desktop\REPO\!JIRA_new\jrf.py", line 185, in login_if_needed
    raise RuntimeError(message or "Jira не приняла логин или пароль") from error
RuntimeError: Jira не приняла логин или пароль
2026-09-14 11:11:20,008 | ERROR | Ошибка синхронизации таблицы задач
Traceback (most recent call last):
  File "C:\Users\Давыдов Александр\Desktop\REPO\!JIRA_new\google_sheets_export.py", line 297, in update_issue_statuses
    _center_columns(worksheet, headers, min(updated_rows), max(updated_rows))
                                        ~~~^^^^^^^^^^^^^^
ValueError: min() iterable argument is empty

The above exception was the direct cause of the following exception:

Traceback (most recent call last):
  File "C:\Users\Давыдов Александр\Desktop\REPO\!JIRA_new\migration_gui.py", line 535, in execute_table_sync
    result = update_issue_statuses(load_settings(), values)
  File "C:\Users\Давыдов Александр\Desktop\REPO\!JIRA_new\google_sheets_export.py", line 304, in update_issue_statuses
    raise GoogleSheetsExportError(f"Не удалось обновить статусы в Google Таблице: {error}") from error
google_sheets_export.GoogleSheetsExportError: Не удалось обновить статусы в Google Таблице: min() iterable argument is empty
2026-09-14 11:12:24,958 | ERROR | Ошибка синхронизации таблицы задач
Traceback (most recent call last):
  File "C:\Users\Давыдов Александр\Desktop\REPO\!JIRA_new\google_sheets_export.py", line 297, in update_issue_statuses
    except PermissionError as error:
    
ValueError: min() iterable argument is empty

The above exception was the direct cause of the following exception:

Traceback (most recent call last):
  File "C:\Users\Давыдов Александр\Desktop\REPO\!JIRA_new\migration_gui.py", line 535, in execute_table_sync
    result = update_issue_statuses(load_settings(), values)
  File "C:\Users\Давыдов Александр\Desktop\REPO\!JIRA_new\google_sheets_export.py", line 304, in update_issue_statuses
    """Возвращает ключи исходных Jira-задач, которые ещё не в релизе и не закрыты."""
        ^^^^^^^^^^^^^^^^^^^^^^^^^^^^^^^^^^^^^^^^^^^^^^^^^^^^^^^^^^^^^^^^^^^^^^^^^
google_sheets_export.GoogleSheetsExportError: Не удалось обновить статусы в Google Таблице: min() iterable argument is empty
2026-09-15 10:32:08,051 | ERROR | Ошибка миграции: задача=KISEMIAS2019-17194 система=redmine проект=КИС ЕМИАС (KIS)
Traceback (most recent call last):
  File "C:\Users\Давыдов Александр\Desktop\REPO\!JIRA_new\migration_gui.py", line 1144, in execute_migration_process
    source_page.open_issue(prefix, task_id)
    ~~~~~~~~~~~~~~~~~~~~~~^^^^^^^^^^^^^^^^^
  File "C:\Users\Давыдов Александр\Desktop\REPO\!JIRA_new\jrf.py", line 129, in open_issue
    self.page.goto(url, wait_until='domcontentloaded')
    ~~~~~~~~~~~~~~^^^^^^^^^^^^^^^^^^^^^^^^^^^^^^^^^^^^
  File "C:\Users\Давыдов Александр\Desktop\REPO\!JIRA_new\env\Lib\site-packages\playwright\sync_api\_generated.py", line 9019, in goto
    self._sync(
    ~~~~~~~~~~^
        self._impl_obj.goto(
        ^^^^^^^^^^^^^^^^^^^^
            url=url, timeout=timeout, waitUntil=wait_until, referer=referer
            ^^^^^^^^^^^^^^^^^^^^^^^^^^^^^^^^^^^^^^^^^^^^^^^^^^^^^^^^^^^^^^^
        )
        ^
    )
    ^
  File "C:\Users\Давыдов Александр\Desktop\REPO\!JIRA_new\env\Lib\site-packages\playwright\_impl\_sync_base.py", line 115, in _sync
    return task.result()
           ~~~~~~~~~~~^^
  File "C:\Users\Давыдов Александр\Desktop\REPO\!JIRA_new\env\Lib\site-packages\playwright\_impl\_page.py", line 556, in goto
    return await self._main_frame.goto(**locals_to_params(locals()))
           ^^^^^^^^^^^^^^^^^^^^^^^^^^^^^^^^^^^^^^^^^^^^^^^^^^^^^^^^^
  File "C:\Users\Давыдов Александр\Desktop\REPO\!JIRA_new\env\Lib\site-packages\playwright\_impl\_frame.py", line 153, in goto
    await self._channel.send(
        "goto", self._navigation_timeout, locals_to_params(locals())
    )
  File "C:\Users\Давыдов Александр\Desktop\REPO\!JIRA_new\env\Lib\site-packages\playwright\_impl\_connection.py", line 69, in send
    return await self._connection.wrap_api_call(
           ^^^^^^^^^^^^^^^^^^^^^^^^^^^^^^^^^^^^^
    ...<3 lines>...
    )
    ^
  File "C:\Users\Давыдов Александр\Desktop\REPO\!JIRA_new\env\Lib\site-packages\playwright\_impl\_connection.py", line 558, in wrap_api_call
    raise rewrite_error(error, f"{parsed_st['apiName']}: {error}") from None
playwright._impl._errors.TimeoutError: Page.goto: Timeout 15000ms exceeded.
Call log:
  - navigating to "https://jira.mos.social/browse/KISEMIAS2019-17194", waiting until "domcontentloaded"

2026-09-15 10:32:21,120 | ERROR | Ошибка миграции: задача=KISEMIAS2019-17194 система=redmine проект=КИС ЕМИАС (KIS)
Traceback (most recent call last):
  File "C:\Users\Давыдов Александр\Desktop\REPO\!JIRA_new\migration_gui.py", line 1144, in execute_migration_process
    source_page.open_issue(prefix, task_id)
    ~~~~~~~~~~~~~~~~~~~~~~^^^^^^^^^^^^^^^^^
  File "C:\Users\Давыдов Александр\Desktop\REPO\!JIRA_new\jrf.py", line 129, in open_issue
    self.page.goto(url, wait_until='domcontentloaded')
    ~~~~~~~~~~~~~~^^^^^^^^^^^^^^^^^^^^^^^^^^^^^^^^^^^^
  File "C:\Users\Давыдов Александр\Desktop\REPO\!JIRA_new\env\Lib\site-packages\playwright\sync_api\_generated.py", line 9019, in goto
    self._sync(
    ~~~~~~~~~~^
        self._impl_obj.goto(
        ^^^^^^^^^^^^^^^^^^^^
            url=url, timeout=timeout, waitUntil=wait_until, referer=referer
            ^^^^^^^^^^^^^^^^^^^^^^^^^^^^^^^^^^^^^^^^^^^^^^^^^^^^^^^^^^^^^^^
        )
        ^
    )
    ^
  File "C:\Users\Давыдов Александр\Desktop\REPO\!JIRA_new\env\Lib\site-packages\playwright\_impl\_sync_base.py", line 115, in _sync
    return task.result()
           ~~~~~~~~~~~^^
  File "C:\Users\Давыдов Александр\Desktop\REPO\!JIRA_new\env\Lib\site-packages\playwright\_impl\_page.py", line 556, in goto
    return await self._main_frame.goto(**locals_to_params(locals()))
           ^^^^^^^^^^^^^^^^^^^^^^^^^^^^^^^^^^^^^^^^^^^^^^^^^^^^^^^^^
  File "C:\Users\Давыдов Александр\Desktop\REPO\!JIRA_new\env\Lib\site-packages\playwright\_impl\_frame.py", line 153, in goto
    await self._channel.send(
        "goto", self._navigation_timeout, locals_to_params(locals())
    )
  File "C:\Users\Давыдов Александр\Desktop\REPO\!JIRA_new\env\Lib\site-packages\playwright\_impl\_connection.py", line 69, in send
    return await self._connection.wrap_api_call(
           ^^^^^^^^^^^^^^^^^^^^^^^^^^^^^^^^^^^^^
    ...<3 lines>...
    )
    ^
  File "C:\Users\Давыдов Александр\Desktop\REPO\!JIRA_new\env\Lib\site-packages\playwright\_impl\_connection.py", line 558, in wrap_api_call
    raise rewrite_error(error, f"{parsed_st['apiName']}: {error}") from None
playwright._impl._errors.Error: Page.goto: net::ERR_ABORTED; maybe frame was detached?
Call log:
  - navigating to "https://jira.mos.social/browse/KISEMIAS2019-17194", waiting until "domcontentloaded"

2026-09-15 10:33:13,312 | ERROR | Пропущено целевое поле Срок_Исполнения → #issue_custom_field_values_2
Traceback (most recent call last):
  File "C:\Users\Давыдов Александр\Desktop\REPO\!JIRA_new\migration_gui.py", line 1224, in execute_migration_process
    filled = fill_mapped_fields(page, [(field, value)])
  File "C:\Users\Давыдов Александр\Desktop\REPO\!JIRA_new\field_picker.py", line 253, in fill_mapped_fields
    locator.fill(value, timeout=FIELD_FILL_TIMEOUT_MS)
    ~~~~~~~~~~~~^^^^^^^^^^^^^^^^^^^^^^^^^^^^^^^^^^^^^^
  File "C:\Users\Давыдов Александр\Desktop\REPO\!JIRA_new\env\Lib\site-packages\playwright\sync_api\_generated.py", line 15889, in fill
    self._sync(
    ~~~~~~~~~~^
        self._impl_obj.fill(
        ^^^^^^^^^^^^^^^^^^^^
            value=value, timeout=timeout, noWaitAfter=no_wait_after, force=force
            ^^^^^^^^^^^^^^^^^^^^^^^^^^^^^^^^^^^^^^^^^^^^^^^^^^^^^^^^^^^^^^^^^^^^
        )
        ^
    )
    ^
  File "C:\Users\Давыдов Александр\Desktop\REPO\!JIRA_new\env\Lib\site-packages\playwright\_impl\_sync_base.py", line 115, in _sync
    return task.result()
           ~~~~~~~~~~~^^
  File "C:\Users\Давыдов Александр\Desktop\REPO\!JIRA_new\env\Lib\site-packages\playwright\_impl\_locator.py", line 212, in fill
    return await self._frame.fill(self._selector, strict=True, **params)
           ^^^^^^^^^^^^^^^^^^^^^^^^^^^^^^^^^^^^^^^^^^^^^^^^^^^^^^^^^^^^^
  File "C:\Users\Давыдов Александр\Desktop\REPO\!JIRA_new\env\Lib\site-packages\playwright\_impl\_frame.py", line 590, in fill
    await self._fill(**locals_to_params(locals()))
  File "C:\Users\Давыдов Александр\Desktop\REPO\!JIRA_new\env\Lib\site-packages\playwright\_impl\_frame.py", line 602, in _fill
    await self._channel.send("fill", self._timeout, locals_to_params(locals()))
  File "C:\Users\Давыдов Александр\Desktop\REPO\!JIRA_new\env\Lib\site-packages\playwright\_impl\_connection.py", line 69, in send
    return await self._connection.wrap_api_call(
           ^^^^^^^^^^^^^^^^^^^^^^^^^^^^^^^^^^^^^
    ...<3 lines>...
    )
    ^
  File "C:\Users\Давыдов Александр\Desktop\REPO\!JIRA_new\env\Lib\site-packages\playwright\_impl\_connection.py", line 558, in wrap_api_call
    raise rewrite_error(error, f"{parsed_st['apiName']}: {error}") from None
playwright._impl._errors.Error: Locator.fill: Error: Malformed value
Call log:
  - waiting for locator("#issue_custom_field_values_2")
    - locator resolved to <input value="" size="10" type="date" class="date_cf date" id="issue_custom_field_values_2" name="issue[custom_field_values][2]"/>
    - fill("28.09.26")
  - attempting fill action
    - waiting for element to be visible, enabled and editable

2026-09-15 13:18:01,098 | ERROR | Ошибка миграции: задача=KISEMIAS2025-21657 система=jira проект=КИС 2.0 (REFACT)
Traceback (most recent call last):
  File "C:\Users\Давыдов Александр\Desktop\REPO\!JIRA_new\migration_gui.py", line 1159, in execute_migration_process
    source_page.open_issue(prefix, task_id)
    ~~~~~~~~~~~~~~~~~~~~~~^^^^^^^^^^^^^^^^^
  File "C:\Users\Давыдов Александр\Desktop\REPO\!JIRA_new\jrf.py", line 129, in open_issue
    self.page.goto(url, wait_until='domcontentloaded')
    ~~~~~~~~~~~~~~^^^^^^^^^^^^^^^^^^^^^^^^^^^^^^^^^^^^
  File "C:\Users\Давыдов Александр\Desktop\REPO\!JIRA_new\env\Lib\site-packages\playwright\sync_api\_generated.py", line 9019, in goto
    self._sync(
    ~~~~~~~~~~^
        self._impl_obj.goto(
        ^^^^^^^^^^^^^^^^^^^^
            url=url, timeout=timeout, waitUntil=wait_until, referer=referer
            ^^^^^^^^^^^^^^^^^^^^^^^^^^^^^^^^^^^^^^^^^^^^^^^^^^^^^^^^^^^^^^^
        )
        ^
    )
    ^
  File "C:\Users\Давыдов Александр\Desktop\REPO\!JIRA_new\env\Lib\site-packages\playwright\_impl\_sync_base.py", line 115, in _sync
    return task.result()
           ~~~~~~~~~~~^^
  File "C:\Users\Давыдов Александр\Desktop\REPO\!JIRA_new\env\Lib\site-packages\playwright\_impl\_page.py", line 556, in goto
    return await self._main_frame.goto(**locals_to_params(locals()))
           ^^^^^^^^^^^^^^^^^^^^^^^^^^^^^^^^^^^^^^^^^^^^^^^^^^^^^^^^^
  File "C:\Users\Давыдов Александр\Desktop\REPO\!JIRA_new\env\Lib\site-packages\playwright\_impl\_frame.py", line 153, in goto
    await self._channel.send(
        "goto", self._navigation_timeout, locals_to_params(locals())
    )
  File "C:\Users\Давыдов Александр\Desktop\REPO\!JIRA_new\env\Lib\site-packages\playwright\_impl\_connection.py", line 69, in send
    return await self._connection.wrap_api_call(
           ^^^^^^^^^^^^^^^^^^^^^^^^^^^^^^^^^^^^^
    ...<3 lines>...
    )
    ^
  File "C:\Users\Давыдов Александр\Desktop\REPO\!JIRA_new\env\Lib\site-packages\playwright\_impl\_connection.py", line 558, in wrap_api_call
    raise rewrite_error(error, f"{parsed_st['apiName']}: {error}") from None
playwright._impl._errors.TimeoutError: Page.goto: Timeout 15000ms exceeded.
Call log:
  - navigating to "https://jira.mos.social/browse/KISEMIAS2025-21657", waiting until "domcontentloaded"

2026-09-15 13:18:43,772 | ERROR | Ошибка миграции: задача=KISEMIAS2025-21657 система=jira проект=КИС 2.0 (REFACT)
Traceback (most recent call last):
  File "C:\Users\Давыдов Александр\Desktop\REPO\!JIRA_new\jrf.py", line 176, in login_if_needed
    self.page.locator(SJ["summary"]).first.wait_for(state="visible", timeout=30_000)
    ~~~~~~~~~~~~~~~~~~~~~~~~~~~~~~~~~~~~~~~~~~~~~~~^^^^^^^^^^^^^^^^^^^^^^^^^^^^^^^^^
  File "C:\Users\Давыдов Александр\Desktop\REPO\!JIRA_new\env\Lib\site-packages\playwright\sync_api\_generated.py", line 17975, in wait_for
    self._sync(self._impl_obj.wait_for(timeout=timeout, state=state))
    ~~~~~~~~~~^^^^^^^^^^^^^^^^^^^^^^^^^^^^^^^^^^^^^^^^^^^^^^^^^^^^^^^
  File "C:\Users\Давыдов Александр\Desktop\REPO\!JIRA_new\env\Lib\site-packages\playwright\_impl\_sync_base.py", line 115, in _sync
    return task.result()
           ~~~~~~~~~~~^^
  File "C:\Users\Давыдов Александр\Desktop\REPO\!JIRA_new\env\Lib\site-packages\playwright\_impl\_locator.py", line 692, in wait_for
    await self._frame.wait_for_selector(
        self._selector, strict=True, timeout=timeout, state=state
    )
  File "C:\Users\Давыдов Александр\Desktop\REPO\!JIRA_new\env\Lib\site-packages\playwright\_impl\_frame.py", line 369, in wait_for_selector
    await self._channel.send(
        "waitForSelector", self._timeout, locals_to_params(locals())
    )
  File "C:\Users\Давыдов Александр\Desktop\REPO\!JIRA_new\env\Lib\site-packages\playwright\_impl\_connection.py", line 69, in send
    return await self._connection.wrap_api_call(
           ^^^^^^^^^^^^^^^^^^^^^^^^^^^^^^^^^^^^^
    ...<3 lines>...
    )
    ^
  File "C:\Users\Давыдов Александр\Desktop\REPO\!JIRA_new\env\Lib\site-packages\playwright\_impl\_connection.py", line 558, in wrap_api_call
    raise rewrite_error(error, f"{parsed_st['apiName']}: {error}") from None
playwright._impl._errors.TimeoutError: Locator.wait_for: Timeout 30000ms exceeded.
Call log:
  - waiting for locator("#summary-val").first to be visible
    - waiting for" https://jira.mos.social/browse/KISEMIAS2025-21657" navigation to finish...
    - navigated to "https://jira.mos.social/browse/KISEMIAS2025-21657"


The above exception was the direct cause of the following exception:

Traceback (most recent call last):
  File "C:\Users\Давыдов Александр\Desktop\REPO\!JIRA_new\migration_gui.py", line 1159, in execute_migration_process
    source_page.open_issue(prefix, task_id)
    ~~~~~~~~~~~~~~~~~~~~~~^^^^^^^^^^^^^^^^^
  File "C:\Users\Давыдов Александр\Desktop\REPO\!JIRA_new\jrf.py", line 130, in open_issue
    self.login_if_needed()
    ~~~~~~~~~~~~~~~~~~~~^^
  File "C:\Users\Давыдов Александр\Desktop\REPO\!JIRA_new\jrf.py", line 185, in login_if_needed
    raise RuntimeError(message or "Jira не приняла логин или пароль") from error
RuntimeError: Jira не приняла логин или пароль
2026-09-15 13:19:35,686 | ERROR | Ошибка миграции: задача=KISEMIAS2025-21657 система=jira проект=КИС 2.0 (REFACT)
Traceback (most recent call last):
  File "C:\Users\Давыдов Александр\Desktop\REPO\!JIRA_new\jrf.py", line 176, in login_if_needed
    self.page.locator(SJ["summary"]).first.wait_for(state="visible", timeout=30_000)
    ~~~~~~~~~~~~~~~~~~~~~~~~~~~~~~~~~~~~~~~~~~~~~~~^^^^^^^^^^^^^^^^^^^^^^^^^^^^^^^^^
  File "C:\Users\Давыдов Александр\Desktop\REPO\!JIRA_new\env\Lib\site-packages\playwright\sync_api\_generated.py", line 17975, in wait_for
    self._sync(self._impl_obj.wait_for(timeout=timeout, state=state))
    ~~~~~~~~~~^^^^^^^^^^^^^^^^^^^^^^^^^^^^^^^^^^^^^^^^^^^^^^^^^^^^^^^
  File "C:\Users\Давыдов Александр\Desktop\REPO\!JIRA_new\env\Lib\site-packages\playwright\_impl\_sync_base.py", line 115, in _sync
    return task.result()
           ~~~~~~~~~~~^^
  File "C:\Users\Давыдов Александр\Desktop\REPO\!JIRA_new\env\Lib\site-packages\playwright\_impl\_locator.py", line 692, in wait_for
    await self._frame.wait_for_selector(
        self._selector, strict=True, timeout=timeout, state=state
    )
  File "C:\Users\Давыдов Александр\Desktop\REPO\!JIRA_new\env\Lib\site-packages\playwright\_impl\_frame.py", line 369, in wait_for_selector
    await self._channel.send(
        "waitForSelector", self._timeout, locals_to_params(locals())
    )
  File "C:\Users\Давыдов Александр\Desktop\REPO\!JIRA_new\env\Lib\site-packages\playwright\_impl\_connection.py", line 69, in send
    return await self._connection.wrap_api_call(
           ^^^^^^^^^^^^^^^^^^^^^^^^^^^^^^^^^^^^^
    ...<3 lines>...
    )
    ^
  File "C:\Users\Давыдов Александр\Desktop\REPO\!JIRA_new\env\Lib\site-packages\playwright\_impl\_connection.py", line 558, in wrap_api_call
    raise rewrite_error(error, f"{parsed_st['apiName']}: {error}") from None
playwright._impl._errors.TargetClosedError: Locator.wait_for: Target page, context or browser has been closed
Call log:
  - waiting for locator("#summary-val").first to be visible
    - waiting for" https://jira.mos.social/browse/KISEMIAS2025-21657" navigation to finish...
    - navigated to "https://jira.mos.social/browse/KISEMIAS2025-21657"


The above exception was the direct cause of the following exception:

Traceback (most recent call last):
  File "C:\Users\Давыдов Александр\Desktop\REPO\!JIRA_new\migration_gui.py", line 1159, in execute_migration_process
    source_page.open_issue(prefix, task_id)
    ~~~~~~~~~~~~~~~~~~~~~~^^^^^^^^^^^^^^^^^
  File "C:\Users\Давыдов Александр\Desktop\REPO\!JIRA_new\jrf.py", line 130, in open_issue
    self.login_if_needed()
    ~~~~~~~~~~~~~~~~~~~~^^
  File "C:\Users\Давыдов Александр\Desktop\REPO\!JIRA_new\jrf.py", line 179, in login_if_needed
    raise RuntimeError(
    ...<2 lines>...
    ) from error
RuntimeError: Окно Playwright было закрыто во время входа в исходную Jira. Не закрывайте окно браузера до завершения операции.
2026-09-15 15:07:45,193 | ERROR | Ошибка синхронизации задач из Google Таблицы
Traceback (most recent call last):
  File "C:\Users\Давыдов Александр\Desktop\REPO\!JIRA_new\task_sync_gui.py", line 142, in worker
    pairs, skipped = read_pairs(settings)
                     ~~~~~~~~~~^^^^^^^^^^
  File "C:\Users\Давыдов Александр\Desktop\REPO\!JIRA_new\task_sync.py", line 108, in read_pairs
    return pairs_from_rows(sheet.get_all_values(), settings)
  File "C:\Users\Давыдов Александр\Desktop\REPO\!JIRA_new\task_sync.py", line 73, in pairs_from_rows
    raise ValueError('Нужны уникальные колонки ссылок: ' + ', '.join(names))
ValueError: Нужны уникальные колонки ссылок: Jira- Москва, Jira- Внутр. /remine
2026-09-15 15:09:46,953 | ERROR | Ошибка синхронизации KISEMIAS2019-21625 → 54433
Traceback (most recent call last):
  File "C:\Users\Давыдов Александр\Desktop\REPO\!JIRA_new\task_sync_gui.py", line 154, in worker
    if operation(page, pair, selected, log):
       ~~~~~~~~~^^^^^^^^^^^^^^^^^^^^^^^^^^^
  File "C:\Users\Давыдов Александр\Desktop\REPO\!JIRA_new\task_status_sync.py", line 39, in sync_status_pair
    jrf.JiraSourcePage(page).open_issue(prefix + '-', number)
    ~~~~~~~~~~~~~~~~~~~~~~~~~~~~~~~~~~~^^^^^^^^^^^^^^^^^^^^^^
  File "C:\Users\Давыдов Александр\Desktop\REPO\!JIRA_new\jrf.py", line 129, in open_issue
    self.page.goto(url, wait_until='domcontentloaded', timeout=NAVIGATION_TIMEOUT_MS)
    ~~~~~~~~~~~~~~^^^^^^^^^^^^^^^^^^^^^^^^^^^^^^^^^^^^^^^^^^^^^^^^^^^^^^^^^^^^^^^^^^^
  File "C:\Users\Давыдов Александр\Desktop\REPO\!JIRA_new\env\Lib\site-packages\playwright\sync_api\_generated.py", line 9019, in goto
    self._sync(
    ~~~~~~~~~~^
        self._impl_obj.goto(
        ^^^^^^^^^^^^^^^^^^^^
            url=url, timeout=timeout, waitUntil=wait_until, referer=referer
            ^^^^^^^^^^^^^^^^^^^^^^^^^^^^^^^^^^^^^^^^^^^^^^^^^^^^^^^^^^^^^^^
        )
        ^
    )
    ^
  File "C:\Users\Давыдов Александр\Desktop\REPO\!JIRA_new\env\Lib\site-packages\playwright\_impl\_sync_base.py", line 115, in _sync
    return task.result()
           ~~~~~~~~~~~^^
  File "C:\Users\Давыдов Александр\Desktop\REPO\!JIRA_new\env\Lib\site-packages\playwright\_impl\_page.py", line 556, in goto
    return await self._main_frame.goto(**locals_to_params(locals()))
           ^^^^^^^^^^^^^^^^^^^^^^^^^^^^^^^^^^^^^^^^^^^^^^^^^^^^^^^^^
  File "C:\Users\Давыдов Александр\Desktop\REPO\!JIRA_new\env\Lib\site-packages\playwright\_impl\_frame.py", line 153, in goto
    await self._channel.send(
        "goto", self._navigation_timeout, locals_to_params(locals())
    )
  File "C:\Users\Давыдов Александр\Desktop\REPO\!JIRA_new\env\Lib\site-packages\playwright\_impl\_connection.py", line 69, in send
    return await self._connection.wrap_api_call(
           ^^^^^^^^^^^^^^^^^^^^^^^^^^^^^^^^^^^^^
    ...<3 lines>...
    )
    ^
  File "C:\Users\Давыдов Александр\Desktop\REPO\!JIRA_new\env\Lib\site-packages\playwright\_impl\_connection.py", line 558, in wrap_api_call
    raise rewrite_error(error, f"{parsed_st['apiName']}: {error}") from None
playwright._impl._errors.Error: Page.goto: net::ERR_TIMED_OUT at https://jira.mos.social/browse/KISEMIAS2019-21625
Call log:
  - navigating to "https://jira.mos.social/browse/KISEMIAS2019-21625", waiting until "domcontentloaded"

2026-09-15 15:10:11,664 | ERROR | Ошибка синхронизации KISEMIAS2019-21418 → 53748
Traceback (most recent call last):
  File "C:\Users\Давыдов Александр\Desktop\REPO\!JIRA_new\task_sync_gui.py", line 154, in worker
    if operation(page, pair, selected, log):
       ~~~~~~~~~^^^^^^^^^^^^^^^^^^^^^^^^^^^
  File "C:\Users\Давыдов Александр\Desktop\REPO\!JIRA_new\task_status_sync.py", line 39, in sync_status_pair
    jrf.JiraSourcePage(page).open_issue(prefix + '-', number)
    ~~~~~~~~~~~~~~~~~~~~~~~~~~~~~~~~~~~^^^^^^^^^^^^^^^^^^^^^^
  File "C:\Users\Давыдов Александр\Desktop\REPO\!JIRA_new\jrf.py", line 129, in open_issue
    self.page.goto(url, wait_until='domcontentloaded', timeout=NAVIGATION_TIMEOUT_MS)
    ~~~~~~~~~~~~~~^^^^^^^^^^^^^^^^^^^^^^^^^^^^^^^^^^^^^^^^^^^^^^^^^^^^^^^^^^^^^^^^^^^
  File "C:\Users\Давыдов Александр\Desktop\REPO\!JIRA_new\env\Lib\site-packages\playwright\sync_api\_generated.py", line 9019, in goto
    self._sync(
    ~~~~~~~~~~^
        self._impl_obj.goto(
        ^^^^^^^^^^^^^^^^^^^^
            url=url, timeout=timeout, waitUntil=wait_until, referer=referer
            ^^^^^^^^^^^^^^^^^^^^^^^^^^^^^^^^^^^^^^^^^^^^^^^^^^^^^^^^^^^^^^^
        )
        ^
    )
    ^
  File "C:\Users\Давыдов Александр\Desktop\REPO\!JIRA_new\env\Lib\site-packages\playwright\_impl\_sync_base.py", line 115, in _sync
    return task.result()
           ~~~~~~~~~~~^^
  File "C:\Users\Давыдов Александр\Desktop\REPO\!JIRA_new\env\Lib\site-packages\playwright\_impl\_page.py", line 556, in goto
    return await self._main_frame.goto(**locals_to_params(locals()))
           ^^^^^^^^^^^^^^^^^^^^^^^^^^^^^^^^^^^^^^^^^^^^^^^^^^^^^^^^^
  File "C:\Users\Давыдов Александр\Desktop\REPO\!JIRA_new\env\Lib\site-packages\playwright\_impl\_frame.py", line 153, in goto
    await self._channel.send(
        "goto", self._navigation_timeout, locals_to_params(locals())
    )
  File "C:\Users\Давыдов Александр\Desktop\REPO\!JIRA_new\env\Lib\site-packages\playwright\_impl\_connection.py", line 69, in send
    return await self._connection.wrap_api_call(
           ^^^^^^^^^^^^^^^^^^^^^^^^^^^^^^^^^^^^^
    ...<3 lines>...
    )
    ^
  File "C:\Users\Давыдов Александр\Desktop\REPO\!JIRA_new\env\Lib\site-packages\playwright\_impl\_connection.py", line 558, in wrap_api_call
    raise rewrite_error(error, f"{parsed_st['apiName']}: {error}") from None
playwright._impl._errors.Error: Page.goto: Navigation to "https://jira.mos.social/browse/KISEMIAS2019-21418" is interrupted by another navigation to "chrome-error://chromewebdata/"
Call log:
  - navigating to "https://jira.mos.social/browse/KISEMIAS2019-21418", waiting until "domcontentloaded"

2026-09-15 15:10:11,670 | ERROR | Ошибка синхронизации KISEMIAS2019-14198 → 42945
Traceback (most recent call last):
  File "C:\Users\Давыдов Александр\Desktop\REPO\!JIRA_new\jrf.py", line 129, in open_issue
    self.page.goto(url, wait_until='domcontentloaded', timeout=NAVIGATION_TIMEOUT_MS)
    ~~~~~~~~~~~~~~^^^^^^^^^^^^^^^^^^^^^^^^^^^^^^^^^^^^^^^^^^^^^^^^^^^^^^^^^^^^^^^^^^^
  File "C:\Users\Давыдов Александр\Desktop\REPO\!JIRA_new\env\Lib\site-packages\playwright\sync_api\_generated.py", line 9019, in goto
    self._sync(
    ~~~~~~~~~~^
        self._impl_obj.goto(
        ^^^^^^^^^^^^^^^^^^^^
            url=url, timeout=timeout, waitUntil=wait_until, referer=referer
            ^^^^^^^^^^^^^^^^^^^^^^^^^^^^^^^^^^^^^^^^^^^^^^^^^^^^^^^^^^^^^^^
        )
        ^
    )
    ^
  File "C:\Users\Давыдов Александр\Desktop\REPO\!JIRA_new\env\Lib\site-packages\playwright\_impl\_sync_base.py", line 115, in _sync
    return task.result()
           ~~~~~~~~~~~^^
  File "C:\Users\Давыдов Александр\Desktop\REPO\!JIRA_new\env\Lib\site-packages\playwright\_impl\_page.py", line 556, in goto
    return await self._main_frame.goto(**locals_to_params(locals()))
           ^^^^^^^^^^^^^^^^^^^^^^^^^^^^^^^^^^^^^^^^^^^^^^^^^^^^^^^^^
  File "C:\Users\Давыдов Александр\Desktop\REPO\!JIRA_new\env\Lib\site-packages\playwright\_impl\_frame.py", line 153, in goto
    await self._channel.send(
        "goto", self._navigation_timeout, locals_to_params(locals())
    )
  File "C:\Users\Давыдов Александр\Desktop\REPO\!JIRA_new\env\Lib\site-packages\playwright\_impl\_connection.py", line 69, in send
    return await self._connection.wrap_api_call(
           ^^^^^^^^^^^^^^^^^^^^^^^^^^^^^^^^^^^^^
    ...<3 lines>...
    )
    ^
  File "C:\Users\Давыдов Александр\Desktop\REPO\!JIRA_new\env\Lib\site-packages\playwright\_impl\_connection.py", line 558, in wrap_api_call
    raise rewrite_error(error, f"{parsed_st['apiName']}: {error}") from None
playwright._impl._errors.TargetClosedError: Page.goto: Target page, context or browser has been closed

The above exception was the direct cause of the following exception:

Traceback (most recent call last):
  File "C:\Users\Давыдов Александр\Desktop\REPO\!JIRA_new\task_sync_gui.py", line 154, in worker
    if operation(page, pair, selected, log):
       ~~~~~~~~~^^^^^^^^^^^^^^^^^^^^^^^^^^^
  File "C:\Users\Давыдов Александр\Desktop\REPO\!JIRA_new\task_status_sync.py", line 39, in sync_status_pair
    jrf.JiraSourcePage(page).open_issue(prefix + '-', number)
    ~~~~~~~~~~~~~~~~~~~~~~~~~~~~~~~~~~~^^^^^^^^^^^^^^^^^^^^^^
  File "C:\Users\Давыдов Александр\Desktop\REPO\!JIRA_new\jrf.py", line 134, in open_issue
    raise RuntimeError(
    ...<2 lines>...
    ) from error
RuntimeError: Окно Playwright было закрыто во время открытия исходной Jira-задачи. Не закрывайте окно браузера до завершения операции.
2026-09-15 15:10:11,879 | ERROR | Ошибка синхронизации задач из Google Таблицы
Traceback (most recent call last):
  File "C:\Users\Давыдов Александр\Desktop\REPO\!JIRA_new\jrf.py", line 129, in open_issue
    self.page.goto(url, wait_until='domcontentloaded', timeout=NAVIGATION_TIMEOUT_MS)
    ~~~~~~~~~~~~~~^^^^^^^^^^^^^^^^^^^^^^^^^^^^^^^^^^^^^^^^^^^^^^^^^^^^^^^^^^^^^^^^^^^
  File "C:\Users\Давыдов Александр\Desktop\REPO\!JIRA_new\env\Lib\site-packages\playwright\sync_api\_generated.py", line 9019, in goto
    self._sync(
    ~~~~~~~~~~^
        self._impl_obj.goto(
        ^^^^^^^^^^^^^^^^^^^^
            url=url, timeout=timeout, waitUntil=wait_until, referer=referer
            ^^^^^^^^^^^^^^^^^^^^^^^^^^^^^^^^^^^^^^^^^^^^^^^^^^^^^^^^^^^^^^^
        )
        ^
    )
    ^
  File "C:\Users\Давыдов Александр\Desktop\REPO\!JIRA_new\env\Lib\site-packages\playwright\_impl\_sync_base.py", line 115, in _sync
    return task.result()
           ~~~~~~~~~~~^^
  File "C:\Users\Давыдов Александр\Desktop\REPO\!JIRA_new\env\Lib\site-packages\playwright\_impl\_page.py", line 556, in goto
    return await self._main_frame.goto(**locals_to_params(locals()))
           ^^^^^^^^^^^^^^^^^^^^^^^^^^^^^^^^^^^^^^^^^^^^^^^^^^^^^^^^^
  File "C:\Users\Давыдов Александр\Desktop\REPO\!JIRA_new\env\Lib\site-packages\playwright\_impl\_frame.py", line 153, in goto
    await self._channel.send(
        "goto", self._navigation_timeout, locals_to_params(locals())
    )
  File "C:\Users\Давыдов Александр\Desktop\REPO\!JIRA_new\env\Lib\site-packages\playwright\_impl\_connection.py", line 69, in send
    return await self._connection.wrap_api_call(
           ^^^^^^^^^^^^^^^^^^^^^^^^^^^^^^^^^^^^^
    ...<3 lines>...
    )
    ^
  File "C:\Users\Давыдов Александр\Desktop\REPO\!JIRA_new\env\Lib\site-packages\playwright\_impl\_connection.py", line 558, in wrap_api_call
    raise rewrite_error(error, f"{parsed_st['apiName']}: {error}") from None
playwright._impl._errors.TargetClosedError: Page.goto: Target page, context or browser has been closed

The above exception was the direct cause of the following exception:

Traceback (most recent call last):
  File "C:\Users\Давыдов Александр\Desktop\REPO\!JIRA_new\task_sync_gui.py", line 154, in worker
    if operation(page, pair, selected, log):
       ~~~~~~~~~^^^^^^^^^^^^^^^^^^^^^^^^^^^
  File "C:\Users\Давыдов Александр\Desktop\REPO\!JIRA_new\task_status_sync.py", line 39, in sync_status_pair
    jrf.JiraSourcePage(page).open_issue(prefix + '-', number)
    ~~~~~~~~~~~~~~~~~~~~~~~~~~~~~~~~~~~^^^^^^^^^^^^^^^^^^^^^^
  File "C:\Users\Давыдов Александр\Desktop\REPO\!JIRA_new\jrf.py", line 134, in open_issue
    raise RuntimeError(
    ...<2 lines>...
    ) from error
RuntimeError: Окно Playwright было закрыто во время открытия исходной Jira-задачи. Не закрывайте окно браузера до завершения операции.

The above exception was the direct cause of the following exception:

Traceback (most recent call last):
  File "C:\Users\Давыдов Александр\Desktop\REPO\!JIRA_new\task_sync_gui.py", line 163, in worker
    raise RuntimeError('Браузер закрыт; оставшиеся задачи не обработаны') from error
RuntimeError: Браузер закрыт; оставшиеся задачи не обработаны
2026-09-15 15:10:20,753 | ERROR | Ошибка синхронизации KISEMIAS2019-21625 → 54433
Traceback (most recent call last):
  File "C:\Users\Давыдов Александр\Desktop\REPO\!JIRA_new\task_sync_gui.py", line 154, in worker
    if operation(page, pair, selected, log):
       ~~~~~~~~~^^^^^^^^^^^^^^^^^^^^^^^^^^^
  File "C:\Users\Давыдов Александр\Desktop\REPO\!JIRA_new\task_status_sync.py", line 85, in sync_status_pair
    raise ValueError(f'Redmine: недоступен статус «{desired}». Настройте соответствия статусов.')
ValueError: Redmine: недоступен статус «Открытый». Настройте соответствия статусов.
2026-09-15 15:10:27,154 | ERROR | Ошибка синхронизации KISEMIAS2019-14198 → 42945
Traceback (most recent call last):
  File "C:\Users\Давыдов Александр\Desktop\REPO\!JIRA_new\task_sync_gui.py", line 154, in worker
    if operation(page, pair, selected, log):
       ~~~~~~~~~^^^^^^^^^^^^^^^^^^^^^^^^^^^
  File "C:\Users\Давыдов Александр\Desktop\REPO\!JIRA_new\task_status_sync.py", line 85, in sync_status_pair
    raise ValueError(f'Redmine: недоступен статус «{desired}». Настройте соответствия статусов.')
ValueError: Redmine: недоступен статус «На анализе». Настройте соответствия статусов.
2026-09-15 15:10:30,938 | ERROR | Ошибка синхронизации KISEMIAS2025-2027 → REFACT-567
Traceback (most recent call last):
  File "C:\Users\Давыдов Александр\Desktop\REPO\!JIRA_new\task_sync_gui.py", line 154, in worker
    if operation(page, pair, selected, log):
       ~~~~~~~~~^^^^^^^^^^^^^^^^^^^^^^^^^^^
  File "C:\Users\Давыдов Александр\Desktop\REPO\!JIRA_new\task_status_sync.py", line 65, in sync_status_pair
    transition = choose_transition(transitions.json().get('transitions', []), desired)
  File "C:\Users\Давыдов Александр\Desktop\REPO\!JIRA_new\task_status_sync.py", line 31, in choose_transition
    raise ValueError(f'Нет единственного доступного перехода в статус «{desired}». Задача не изменена.')
ValueError: Нет единственного доступного перехода в статус «Открытый». Задача не изменена.
2026-09-15 15:10:33,429 | ERROR | Ошибка синхронизации KISEMIAS2019-21424 → 53755
Traceback (most recent call last):
  File "C:\Users\Давыдов Александр\Desktop\REPO\!JIRA_new\task_sync_gui.py", line 154, in worker
    if operation(page, pair, selected, log):
       ~~~~~~~~~^^^^^^^^^^^^^^^^^^^^^^^^^^^
  File "C:\Users\Давыдов Александр\Desktop\REPO\!JIRA_new\task_status_sync.py", line 85, in sync_status_pair
    raise ValueError(f'Redmine: недоступен статус «{desired}». Настройте соответствия статусов.')
ValueError: Redmine: недоступен статус «На анализе». Настройте соответствия статусов.
2026-09-15 15:10:35,841 | ERROR | Ошибка синхронизации KISEMIAS2019-21374 → 53716
Traceback (most recent call last):
  File "C:\Users\Давыдов Александр\Desktop\REPO\!JIRA_new\task_sync_gui.py", line 154, in worker
    if operation(page, pair, selected, log):
       ~~~~~~~~~^^^^^^^^^^^^^^^^^^^^^^^^^^^
  File "C:\Users\Давыдов Александр\Desktop\REPO\!JIRA_new\task_status_sync.py", line 85, in sync_status_pair
    raise ValueError(f'Redmine: недоступен статус «{desired}». Настройте соответствия статусов.')
ValueError: Redmine: недоступен статус «В Релиз». Настройте соответствия статусов.
2026-09-15 15:10:38,238 | ERROR | Ошибка синхронизации KISEMIAS2019-19898 → 51362
Traceback (most recent call last):
  File "C:\Users\Давыдов Александр\Desktop\REPO\!JIRA_new\task_sync_gui.py", line 154, in worker
    if operation(page, pair, selected, log):
       ~~~~~~~~~^^^^^^^^^^^^^^^^^^^^^^^^^^^
  File "C:\Users\Давыдов Александр\Desktop\REPO\!JIRA_new\task_status_sync.py", line 85, in sync_status_pair
    raise ValueError(f'Redmine: недоступен статус «{desired}». Настройте соответствия статусов.')
ValueError: Redmine: недоступен статус «Решенные». Настройте соответствия статусов.
2026-09-15 15:10:40,557 | ERROR | Ошибка синхронизации KISEMIAS2019-20626 → 52376
Traceback (most recent call last):
  File "C:\Users\Давыдов Александр\Desktop\REPO\!JIRA_new\task_sync_gui.py", line 154, in worker
    if operation(page, pair, selected, log):
       ~~~~~~~~~^^^^^^^^^^^^^^^^^^^^^^^^^^^
  File "C:\Users\Давыдов Александр\Desktop\REPO\!JIRA_new\task_status_sync.py", line 85, in sync_status_pair
    raise ValueError(f'Redmine: недоступен статус «{desired}». Настройте соответствия статусов.')
ValueError: Redmine: недоступен статус «Тираж». Настройте соответствия статусов.
2026-09-17 10:31:54,469 | ERROR | Ошибка переноса комментариев KISEMIAS2025-2024 → 
Traceback (most recent call last):
  File "C:\Users\Давыдов Александр\Desktop\REPO\!JIRA_new\migration_gui.py", line 320, in execute_new_comments
    target = find_target_issue(load_settings(), source)
  File "C:\Users\Давыдов Александр\Desktop\REPO\!JIRA_new\comment_sync.py", line 50, in find_target_issue
    raise ValueError(f"Для {source_key} в Google Таблице не найдена ссылка на локальную Jira. Заполните целевую ссылку в строке задачи.")
ValueError: Для KISEMIAS2025-2024 в Google Таблице не найдена ссылка на локальную Jira. Заполните целевую ссылку в строке задачи.
2026-09-17 10:33:43,362 | ERROR | Ошибка миграции: задача=KISEMIAS2025-2024 система=jira проект=КИС 2.0 (REFACT)
Traceback (most recent call last):
  File "C:\Users\Давыдов Александр\Desktop\REPO\!JIRA_new\migration_gui.py", line 1241, in execute_migration_process
    source_page.open_issue(prefix, task_id)
    ~~~~~~~~~~~~~~~~~~~~~~^^^^^^^^^^^^^^^^^
  File "C:\Users\Давыдов Александр\Desktop\REPO\!JIRA_new\jrf.py", line 129, in open_issue
    self.page.goto(url, wait_until='domcontentloaded', timeout=NAVIGATION_TIMEOUT_MS)
    ~~~~~~~~~~~~~~^^^^^^^^^^^^^^^^^^^^^^^^^^^^^^^^^^^^^^^^^^^^^^^^^^^^^^^^^^^^^^^^^^^
  File "C:\Users\Давыдов Александр\Desktop\REPO\!JIRA_new\env\Lib\site-packages\playwright\sync_api\_generated.py", line 9019, in goto
    self._sync(
    ~~~~~~~~~~^
        self._impl_obj.goto(
        ^^^^^^^^^^^^^^^^^^^^
            url=url, timeout=timeout, waitUntil=wait_until, referer=referer
            ^^^^^^^^^^^^^^^^^^^^^^^^^^^^^^^^^^^^^^^^^^^^^^^^^^^^^^^^^^^^^^^
        )
        ^
    )
    ^
  File "C:\Users\Давыдов Александр\Desktop\REPO\!JIRA_new\env\Lib\site-packages\playwright\_impl\_sync_base.py", line 115, in _sync
    return task.result()
           ~~~~~~~~~~~^^
  File "C:\Users\Давыдов Александр\Desktop\REPO\!JIRA_new\env\Lib\site-packages\playwright\_impl\_page.py", line 556, in goto
    return await self._main_frame.goto(**locals_to_params(locals()))
           ^^^^^^^^^^^^^^^^^^^^^^^^^^^^^^^^^^^^^^^^^^^^^^^^^^^^^^^^^
  File "C:\Users\Давыдов Александр\Desktop\REPO\!JIRA_new\env\Lib\site-packages\playwright\_impl\_frame.py", line 153, in goto
    await self._channel.send(
        "goto", self._navigation_timeout, locals_to_params(locals())
    )
  File "C:\Users\Давыдов Александр\Desktop\REPO\!JIRA_new\env\Lib\site-packages\playwright\_impl\_connection.py", line 69, in send
    return await self._connection.wrap_api_call(
           ^^^^^^^^^^^^^^^^^^^^^^^^^^^^^^^^^^^^^
    ...<3 lines>...
    )
    ^
  File "C:\Users\Давыдов Александр\Desktop\REPO\!JIRA_new\env\Lib\site-packages\playwright\_impl\_connection.py", line 558, in wrap_api_call
    raise rewrite_error(error, f"{parsed_st['apiName']}: {error}") from None
playwright._impl._errors.Error: Page.goto: net::ERR_TIMED_OUT at https://jira.mos.social/browse/KISEMIAS2025-2024
Call log:
  - navigating to "https://jira.mos.social/browse/KISEMIAS2025-2024", waiting until "domcontentloaded"

2026-09-17 10:34:06,361 | ERROR | Ошибка миграции: задача=KISEMIAS2025-2024 система=jira проект=КИС 2.0 (REFACT)
Traceback (most recent call last):
  File "C:\Users\Давыдов Александр\Desktop\REPO\!JIRA_new\migration_gui.py", line 1241, in execute_migration_process
    source_page.open_issue(prefix, task_id)
    ~~~~~~~~~~~~~~~~~~~~~~^^^^^^^^^^^^^^^^^
  File "C:\Users\Давыдов Александр\Desktop\REPO\!JIRA_new\jrf.py", line 129, in open_issue
    self.page.goto(url, wait_until='domcontentloaded', timeout=NAVIGATION_TIMEOUT_MS)
    ~~~~~~~~~~~~~~^^^^^^^^^^^^^^^^^^^^^^^^^^^^^^^^^^^^^^^^^^^^^^^^^^^^^^^^^^^^^^^^^^^
  File "C:\Users\Давыдов Александр\Desktop\REPO\!JIRA_new\env\Lib\site-packages\playwright\sync_api\_generated.py", line 9019, in goto
    self._sync(
    ~~~~~~~~~~^
        self._impl_obj.goto(
        ^^^^^^^^^^^^^^^^^^^^
            url=url, timeout=timeout, waitUntil=wait_until, referer=referer
            ^^^^^^^^^^^^^^^^^^^^^^^^^^^^^^^^^^^^^^^^^^^^^^^^^^^^^^^^^^^^^^^
        )
        ^
    )
    ^
  File "C:\Users\Давыдов Александр\Desktop\REPO\!JIRA_new\env\Lib\site-packages\playwright\_impl\_sync_base.py", line 115, in _sync
    return task.result()
           ~~~~~~~~~~~^^
  File "C:\Users\Давыдов Александр\Desktop\REPO\!JIRA_new\env\Lib\site-packages\playwright\_impl\_page.py", line 556, in goto
    return await self._main_frame.goto(**locals_to_params(locals()))
           ^^^^^^^^^^^^^^^^^^^^^^^^^^^^^^^^^^^^^^^^^^^^^^^^^^^^^^^^^
  File "C:\Users\Давыдов Александр\Desktop\REPO\!JIRA_new\env\Lib\site-packages\playwright\_impl\_frame.py", line 153, in goto
    await self._channel.send(
        "goto", self._navigation_timeout, locals_to_params(locals())
    )
  File "C:\Users\Давыдов Александр\Desktop\REPO\!JIRA_new\env\Lib\site-packages\playwright\_impl\_connection.py", line 69, in send
    return await self._connection.wrap_api_call(
           ^^^^^^^^^^^^^^^^^^^^^^^^^^^^^^^^^^^^^
    ...<3 lines>...
    )
    ^
  File "C:\Users\Давыдов Александр\Desktop\REPO\!JIRA_new\env\Lib\site-packages\playwright\_impl\_connection.py", line 558, in wrap_api_call
    raise rewrite_error(error, f"{parsed_st['apiName']}: {error}") from None
playwright._impl._errors.Error: Page.goto: net::ERR_ABORTED; maybe frame was detached?
Call log:
  - navigating to "https://jira.mos.social/browse/KISEMIAS2025-2024", waiting until "domcontentloaded"

2026-09-17 10:34:32,753 | ERROR | Не удалось автоматически выгрузить задачу в Google Таблицы
Traceback (most recent call last):
  File "C:\Users\Давыдов Александр\Desktop\REPO\!JIRA_new\google_sheets_export.py", line 264, in _append_issue_rows_to_worksheet
    worksheet.insert_rows(
    ~~~~~~~~~~~~~~~~~~~~~^
        rows,
        ^^^^^
        index=header_row + 1,
        ^^^^^^^^^^^^^^^^^^^^^
        value_input_option=value_input_option,
        ^^^^^^^^^^^^^^^^^^^^^^^^^^^^^^^^^^^^^^
    )
    ^
TypeError: Worksheet.insert_rows() got an unexpected keyword argument 'index'

The above exception was the direct cause of the following exception:

Traceback (most recent call last):
  File "C:\Users\Давыдов Александр\Desktop\REPO\!JIRA_new\migration_gui.py", line 1210, in export_migrated_issue_to_google
    append_issue_row(
    ~~~~~~~~~~~~~~~~^
        settings, prefix + task_id, task_id, source_url, source_values,
        ^^^^^^^^^^^^^^^^^^^^^^^^^^^^^^^^^^^^^^^^^^^^^^^^^^^^^^^^^^^^^^^
        assignee, destination_url=destination_url,
        ^^^^^^^^^^^^^^^^^^^^^^^^^^^^^^^^^^^^^^^^^^
    )
    ^
  File "C:\Users\Давыдов Александр\Desktop\REPO\!JIRA_new\google_sheets_export.py", line 175, in append_issue_row
    append_issue_rows(settings, [{
    ~~~~~~~~~~~~~~~~~^^^^^^^^^^^^^
        "issue_key": issue_key, "issue_number": issue_number,
        ^^^^^^^^^^^^^^^^^^^^^^^^^^^^^^^^^^^^^^^^^^^^^^^^^^^^^
        "source_url": source_url, "field_values": field_values,
        ^^^^^^^^^^^^^^^^^^^^^^^^^^^^^^^^^^^^^^^^^^^^^^^^^^^^^^^
        "assignee": assignee, "destination_url": destination_url,
        ^^^^^^^^^^^^^^^^^^^^^^^^^^^^^^^^^^^^^^^^^^^^^^^^^^^^^^^^^
    }], value_input_option="USER_ENTERED")
    ^^^^^^^^^^^^^^^^^^^^^^^^^^^^^^^^^^^^^^
  File "C:\Users\Давыдов Александр\Desktop\REPO\!JIRA_new\google_sheets_export.py", line 211, in append_issue_rows
    _append_issue_rows_to_worksheet(routed_settings, rows, value_input_option)
    ~~~~~~~~~~~~~~~~~~~~~~~~~~~~~~~^^^^^^^^^^^^^^^^^^^^^^^^^^^^^^^^^^^^^^^^^^^
  File "C:\Users\Давыдов Александр\Desktop\REPO\!JIRA_new\google_sheets_export.py", line 275, in _append_issue_rows_to_worksheet
    raise GoogleSheetsExportError(f"Не удалось записать данные в Google Таблицу: {error}") from error
google_sheets_export.GoogleSheetsExportError: Не удалось записать данные в Google Таблицу: Worksheet.insert_rows() got an unexpected keyword argument 'index'
2026-09-17 10:35:27,825 | ERROR | Ошибка миграции: задача=KISEMIAS2025-2024 система=jira проект=КИС 2.0 (REFACT)
Traceback (most recent call last):
  File "C:\Users\Давыдов Александр\Desktop\REPO\!JIRA_new\migration_gui.py", line 1235, in execute_migration_process
    with jrf.get_browser_page() as page:
         ~~~~~~~~~~~~~~~~~~~~^^
  File "C:\Users\Давыдов Александр\AppData\Local\Programs\Python\Python314\Lib\contextlib.py", line 148, in __exit__
    next(self.gen)
    ~~~~^^^^^^^^^^
  File "C:\Users\Давыдов Александр\Desktop\REPO\!JIRA_new\jrf.py", line 838, in get_browser_page
    context.close()
    ~~~~~~~~~~~~~^^
  File "C:\Users\Давыдов Александр\Desktop\REPO\!JIRA_new\env\Lib\site-packages\playwright\sync_api\_generated.py", line 13482, in close
    return mapping.from_maybe_impl(self._sync(self._impl_obj.close(reason=reason)))
                                   ~~~~~~~~~~^^^^^^^^^^^^^^^^^^^^^^^^^^^^^^^^^^^^^
  File "C:\Users\Давыдов Александр\Desktop\REPO\!JIRA_new\env\Lib\site-packages\playwright\_impl\_sync_base.py", line 115, in _sync
    return task.result()
           ~~~~~~~~~~~^^
  File "C:\Users\Давыдов Александр\Desktop\REPO\!JIRA_new\env\Lib\site-packages\playwright\_impl\_browser_context.py", line 620, in close
    await self._channel.send("close", None, {"reason": reason})
  File "C:\Users\Давыдов Александр\Desktop\REPO\!JIRA_new\env\Lib\site-packages\playwright\_impl\_connection.py", line 69, in send
    return await self._connection.wrap_api_call(
           ^^^^^^^^^^^^^^^^^^^^^^^^^^^^^^^^^^^^^
    ...<3 lines>...
    )
    ^
  File "C:\Users\Давыдов Александр\Desktop\REPO\!JIRA_new\env\Lib\site-packages\playwright\_impl\_connection.py", line 558, in wrap_api_call
    raise rewrite_error(error, f"{parsed_st['apiName']}: {error}") from None
Exception: BrowserContext.close: Connection closed while reading from the driver
2026-09-17 10:37:01,113 | ERROR | Ошибка миграции: задача=KISEMIAS2025-2024 система=jira проект=КИС 2.0 (REFACT)
Traceback (most recent call last):
  File "C:\Users\Давыдов Александр\Desktop\REPO\!JIRA_new\jrf.py", line 130, in open_issue
    self.login_if_needed()
    ~~~~~~~~~~~~~~~~~~~~^^
  File "C:\Users\Давыдов Александр\Desktop\REPO\!JIRA_new\jrf.py", line 146, in login_if_needed
    if not self.wait_for_login_form(SJ["login"], SJ["summary"]):
           ~~~~~~~~~~~~~~~~~~~~~~~~^^^^^^^^^^^^^^^^^^^^^^^^^^^^
  File "C:\Users\Давыдов Александр\Desktop\REPO\!JIRA_new\jrf.py", line 112, in wait_for_login_form
    self.page.locator(f"{selector}, {ready_selector}").first.wait_for(state="visible", timeout=timeout)
    ~~~~~~~~~~~~~~~~~~~~~~~~~~~~~~~~~~~~~~~~~~~~~~~~~~~~~~~~~~~~~~~~~^^^^^^^^^^^^^^^^^^^^^^^^^^^^^^^^^^
  File "C:\Users\Давыдов Александр\Desktop\REPO\!JIRA_new\env\Lib\site-packages\playwright\sync_api\_generated.py", line 17975, in wait_for
    self._sync(self._impl_obj.wait_for(timeout=timeout, state=state))
    ~~~~~~~~~~^^^^^^^^^^^^^^^^^^^^^^^^^^^^^^^^^^^^^^^^^^^^^^^^^^^^^^^
  File "C:\Users\Давыдов Александр\Desktop\REPO\!JIRA_new\env\Lib\site-packages\playwright\_impl\_sync_base.py", line 115, in _sync
    return task.result()
           ~~~~~~~~~~~^^
  File "C:\Users\Давыдов Александр\Desktop\REPO\!JIRA_new\env\Lib\site-packages\playwright\_impl\_locator.py", line 692, in wait_for
    await self._frame.wait_for_selector(
        self._selector, strict=True, timeout=timeout, state=state
    )
  File "C:\Users\Давыдов Александр\Desktop\REPO\!JIRA_new\env\Lib\site-packages\playwright\_impl\_frame.py", line 369, in wait_for_selector
    await self._channel.send(
        "waitForSelector", self._timeout, locals_to_params(locals())
    )
  File "C:\Users\Давыдов Александр\Desktop\REPO\!JIRA_new\env\Lib\site-packages\playwright\_impl\_connection.py", line 69, in send
    return await self._connection.wrap_api_call(
           ^^^^^^^^^^^^^^^^^^^^^^^^^^^^^^^^^^^^^
    ...<3 lines>...
    )
    ^
  File "C:\Users\Давыдов Александр\Desktop\REPO\!JIRA_new\env\Lib\site-packages\playwright\_impl\_connection.py", line 558, in wrap_api_call
    raise rewrite_error(error, f"{parsed_st['apiName']}: {error}") from None
playwright._impl._errors.TargetClosedError: Locator.wait_for: Target page, context or browser has been closed
Call log:
  - waiting for locator("#username-field, #summary-val").first to be visible


The above exception was the direct cause of the following exception:

Traceback (most recent call last):
  File "C:\Users\Давыдов Александр\Desktop\REPO\!JIRA_new\migration_gui.py", line 1241, in execute_migration_process
    source_page.open_issue(prefix, task_id)
    ~~~~~~~~~~~~~~~~~~~~~~^^^^^^^^^^^^^^^^^
  File "C:\Users\Давыдов Александр\Desktop\REPO\!JIRA_new\jrf.py", line 134, in open_issue
    raise RuntimeError(
    ...<2 lines>...
    ) from error
RuntimeError: Окно Playwright было закрыто во время открытия исходной Jira-задачи. Не закрывайте окно браузера до завершения операции.
2026-09-17 10:37:26,427 | ERROR | Не удалось автоматически выгрузить задачу в Google Таблицы
Traceback (most recent call last):
  File "C:\Users\Давыдов Александр\Desktop\REPO\!JIRA_new\google_sheets_export.py", line 264, in _append_issue_rows_to_worksheet
    worksheet.insert_rows(
    ~~~~~~~~~~~~~~~~~~~~~^
        rows,
        ^^^^^
        index=header_row + 1,
        ^^^^^^^^^^^^^^^^^^^^^
        value_input_option=value_input_option,
        ^^^^^^^^^^^^^^^^^^^^^^^^^^^^^^^^^^^^^^
    )
    ^
TypeError: Worksheet.insert_rows() got an unexpected keyword argument 'index'

The above exception was the direct cause of the following exception:

Traceback (most recent call last):
  File "C:\Users\Давыдов Александр\Desktop\REPO\!JIRA_new\migration_gui.py", line 1210, in export_migrated_issue_to_google
    append_issue_row(
    ~~~~~~~~~~~~~~~~^
        settings, prefix + task_id, task_id, source_url, source_values,
        ^^^^^^^^^^^^^^^^^^^^^^^^^^^^^^^^^^^^^^^^^^^^^^^^^^^^^^^^^^^^^^^
        assignee, destination_url=destination_url,
        ^^^^^^^^^^^^^^^^^^^^^^^^^^^^^^^^^^^^^^^^^^
    )
    ^
  File "C:\Users\Давыдов Александр\Desktop\REPO\!JIRA_new\google_sheets_export.py", line 175, in append_issue_row
    append_issue_rows(settings, [{
    ~~~~~~~~~~~~~~~~~^^^^^^^^^^^^^
        "issue_key": issue_key, "issue_number": issue_number,
        ^^^^^^^^^^^^^^^^^^^^^^^^^^^^^^^^^^^^^^^^^^^^^^^^^^^^^
        "source_url": source_url, "field_values": field_values,
        ^^^^^^^^^^^^^^^^^^^^^^^^^^^^^^^^^^^^^^^^^^^^^^^^^^^^^^^
        "assignee": assignee, "destination_url": destination_url,
        ^^^^^^^^^^^^^^^^^^^^^^^^^^^^^^^^^^^^^^^^^^^^^^^^^^^^^^^^^
    }], value_input_option="USER_ENTERED")
    ^^^^^^^^^^^^^^^^^^^^^^^^^^^^^^^^^^^^^^
  File "C:\Users\Давыдов Александр\Desktop\REPO\!JIRA_new\google_sheets_export.py", line 211, in append_issue_rows
    _append_issue_rows_to_worksheet(routed_settings, rows, value_input_option)
    ~~~~~~~~~~~~~~~~~~~~~~~~~~~~~~~^^^^^^^^^^^^^^^^^^^^^^^^^^^^^^^^^^^^^^^^^^^
  File "C:\Users\Давыдов Александр\Desktop\REPO\!JIRA_new\google_sheets_export.py", line 275, in _append_issue_rows_to_worksheet
    raise GoogleSheetsExportError(f"Не удалось записать данные в Google Таблицу: {error}") from error
google_sheets_export.GoogleSheetsExportError: Не удалось записать данные в Google Таблицу: Worksheet.insert_rows() got an unexpected keyword argument 'index'
2026-09-17 10:54:46,695 | ERROR | Ошибка миграции: задача=KISEMIAS2025-2024 система=jira проект=КИС 2.0 (REFACT)
Traceback (most recent call last):
  File "C:\Users\Давыдов Александр\Desktop\REPO\!JIRA_new\migration_gui.py", line 1235, in execute_migration_process
    with jrf.get_browser_page() as page:
         ~~~~~~~~~~~~~~~~~~~~^^
  File "C:\Users\Давыдов Александр\AppData\Local\Programs\Python\Python314\Lib\contextlib.py", line 148, in __exit__
    next(self.gen)
    ~~~~^^^^^^^^^^
  File "C:\Users\Давыдов Александр\Desktop\REPO\!JIRA_new\jrf.py", line 838, in get_browser_page
    context.close()
    ~~~~~~~~~~~~~^^
  File "C:\Users\Давыдов Александр\Desktop\REPO\!JIRA_new\env\Lib\site-packages\playwright\sync_api\_generated.py", line 13482, in close
    return mapping.from_maybe_impl(self._sync(self._impl_obj.close(reason=reason)))
                                   ~~~~~~~~~~^^^^^^^^^^^^^^^^^^^^^^^^^^^^^^^^^^^^^
  File "C:\Users\Давыдов Александр\Desktop\REPO\!JIRA_new\env\Lib\site-packages\playwright\_impl\_sync_base.py", line 115, in _sync
    return task.result()
           ~~~~~~~~~~~^^
  File "C:\Users\Давыдов Александр\Desktop\REPO\!JIRA_new\env\Lib\site-packages\playwright\_impl\_browser_context.py", line 620, in close
    await self._channel.send("close", None, {"reason": reason})
  File "C:\Users\Давыдов Александр\Desktop\REPO\!JIRA_new\env\Lib\site-packages\playwright\_impl\_connection.py", line 69, in send
    return await self._connection.wrap_api_call(
           ^^^^^^^^^^^^^^^^^^^^^^^^^^^^^^^^^^^^^
    ...<3 lines>...
    )
    ^
  File "C:\Users\Давыдов Александр\Desktop\REPO\!JIRA_new\env\Lib\site-packages\playwright\_impl\_connection.py", line 558, in wrap_api_call
    raise rewrite_error(error, f"{parsed_st['apiName']}: {error}") from None
Exception: BrowserContext.close: Connection closed while reading from the driver
2026-09-17 10:55:22,235 | ERROR | Не удалось автоматически выгрузить задачу в Google Таблицы
Traceback (most recent call last):
  File "C:\Users\Давыдов Александр\Desktop\REPO\!JIRA_new\google_sheets_export.py", line 264, in _append_issue_rows_to_worksheet
    worksheet.insert_rows(
    ~~~~~~~~~~~~~~~~~~~~~^
        rows,
        ^^^^^
        index=header_row + 1,
        ^^^^^^^^^^^^^^^^^^^^^
        value_input_option=value_input_option,
        ^^^^^^^^^^^^^^^^^^^^^^^^^^^^^^^^^^^^^^
    )
    ^
TypeError: Worksheet.insert_rows() got an unexpected keyword argument 'index'

The above exception was the direct cause of the following exception:

Traceback (most recent call last):
  File "C:\Users\Давыдов Александр\Desktop\REPO\!JIRA_new\migration_gui.py", line 1210, in export_migrated_issue_to_google
    append_issue_row(
    ~~~~~~~~~~~~~~~~^
        settings, prefix + task_id, task_id, source_url, source_values,
        ^^^^^^^^^^^^^^^^^^^^^^^^^^^^^^^^^^^^^^^^^^^^^^^^^^^^^^^^^^^^^^^
        assignee, destination_url=destination_url,
        ^^^^^^^^^^^^^^^^^^^^^^^^^^^^^^^^^^^^^^^^^^
    )
    ^
  File "C:\Users\Давыдов Александр\Desktop\REPO\!JIRA_new\google_sheets_export.py", line 175, in append_issue_row
    append_issue_rows(settings, [{
    ~~~~~~~~~~~~~~~~~^^^^^^^^^^^^^
        "issue_key": issue_key, "issue_number": issue_number,
        ^^^^^^^^^^^^^^^^^^^^^^^^^^^^^^^^^^^^^^^^^^^^^^^^^^^^^
        "source_url": source_url, "field_values": field_values,
        ^^^^^^^^^^^^^^^^^^^^^^^^^^^^^^^^^^^^^^^^^^^^^^^^^^^^^^^
        "assignee": assignee, "destination_url": destination_url,
        ^^^^^^^^^^^^^^^^^^^^^^^^^^^^^^^^^^^^^^^^^^^^^^^^^^^^^^^^^
    }], value_input_option="USER_ENTERED")
    ^^^^^^^^^^^^^^^^^^^^^^^^^^^^^^^^^^^^^^
  File "C:\Users\Давыдов Александр\Desktop\REPO\!JIRA_new\google_sheets_export.py", line 211, in append_issue_rows
    _append_issue_rows_to_worksheet(routed_settings, rows, value_input_option)
    ~~~~~~~~~~~~~~~~~~~~~~~~~~~~~~~^^^^^^^^^^^^^^^^^^^^^^^^^^^^^^^^^^^^^^^^^^^
  File "C:\Users\Давыдов Александр\Desktop\REPO\!JIRA_new\google_sheets_export.py", line 275, in _append_issue_rows_to_worksheet
    raise GoogleSheetsExportError(f"Не удалось записать данные в Google Таблицу: {error}") from error
google_sheets_export.GoogleSheetsExportError: Не удалось записать данные в Google Таблицу: Worksheet.insert_rows() got an unexpected keyword argument 'index'
2026-09-17 10:58:30,428 | ERROR | Ошибка миграции: задача=KISEMIAS2025-2024 система=jira проект=КИС 2.0 (REFACT)
Traceback (most recent call last):
  File "C:\Users\Давыдов Александр\Desktop\REPO\!JIRA_new\jrf.py", line 178, in login_if_needed
    self.page.locator(SJ["summary"]).first.wait_for(state="visible", timeout=NAVIGATION_TIMEOUT_MS)
    ~~~~~~~~~~~~~~~~~~~~~~~~~~~~~~~~~~~~~~~~~~~~~~~^^^^^^^^^^^^^^^^^^^^^^^^^^^^^^^^^^^^^^^^^^^^^^^^
  File "C:\Users\Давыдов Александр\Desktop\REPO\!JIRA_new\env\Lib\site-packages\playwright\sync_api\_generated.py", line 17975, in wait_for
    self._sync(self._impl_obj.wait_for(timeout=timeout, state=state))
    ~~~~~~~~~~^^^^^^^^^^^^^^^^^^^^^^^^^^^^^^^^^^^^^^^^^^^^^^^^^^^^^^^
  File "C:\Users\Давыдов Александр\Desktop\REPO\!JIRA_new\env\Lib\site-packages\playwright\_impl\_sync_base.py", line 115, in _sync
    return task.result()
           ~~~~~~~~~~~^^
  File "C:\Users\Давыдов Александр\Desktop\REPO\!JIRA_new\env\Lib\site-packages\playwright\_impl\_locator.py", line 692, in wait_for
    await self._frame.wait_for_selector(
        self._selector, strict=True, timeout=timeout, state=state
    )
  File "C:\Users\Давыдов Александр\Desktop\REPO\!JIRA_new\env\Lib\site-packages\playwright\_impl\_frame.py", line 369, in wait_for_selector
    await self._channel.send(
        "waitForSelector", self._timeout, locals_to_params(locals())
    )
  File "C:\Users\Давыдов Александр\Desktop\REPO\!JIRA_new\env\Lib\site-packages\playwright\_impl\_connection.py", line 69, in send
    return await self._connection.wrap_api_call(
           ^^^^^^^^^^^^^^^^^^^^^^^^^^^^^^^^^^^^^
    ...<3 lines>...
    )
    ^
  File "C:\Users\Давыдов Александр\Desktop\REPO\!JIRA_new\env\Lib\site-packages\playwright\_impl\_connection.py", line 558, in wrap_api_call
    raise rewrite_error(error, f"{parsed_st['apiName']}: {error}") from None
playwright._impl._errors.TargetClosedError: Locator.wait_for: Target page, context or browser has been closed
Call log:
  - waiting for locator("#summary-val").first to be visible
    - waiting for" https://jira.mos.social/browse/KISEMIAS2025-2024" navigation to finish...
    - navigated to "https://jira.mos.social/login.jsp?permissionViolation=true&os_destination=%2Fbrowse%2FKISEMIAS2025-2024&page_caps=&user_role="


The above exception was the direct cause of the following exception:

Traceback (most recent call last):
  File "C:\Users\Давыдов Александр\Desktop\REPO\!JIRA_new\migration_gui.py", line 1241, in execute_migration_process
    source_page.open_issue(prefix, task_id)
    ~~~~~~~~~~~~~~~~~~~~~~^^^^^^^^^^^^^^^^^
  File "C:\Users\Давыдов Александр\Desktop\REPO\!JIRA_new\jrf.py", line 130, in open_issue
    self.login_if_needed()
    ~~~~~~~~~~~~~~~~~~~~^^
  File "C:\Users\Давыдов Александр\Desktop\REPO\!JIRA_new\jrf.py", line 181, in login_if_needed
    raise RuntimeError(
    ...<2 lines>...
    ) from error
RuntimeError: Окно Playwright было закрыто во время входа в исходную Jira. Не закрывайте окно браузера до завершения операции.
2026-09-17 10:59:06,826 | ERROR | Не удалось автоматически выгрузить задачу в Google Таблицы
Traceback (most recent call last):
  File "C:\Users\Давыдов Александр\Desktop\REPO\!JIRA_new\google_sheets_export.py", line 264, in _append_issue_rows_to_worksheet
    worksheet.insert_rows(
    ~~~~~~~~~~~~~~~~~~~~~^
        rows,
        ^^^^^
        index=header_row + 1,
        ^^^^^^^^^^^^^^^^^^^^^
        value_input_option=value_input_option,
        ^^^^^^^^^^^^^^^^^^^^^^^^^^^^^^^^^^^^^^
    )
    ^
TypeError: Worksheet.insert_rows() got an unexpected keyword argument 'index'

The above exception was the direct cause of the following exception:

Traceback (most recent call last):
  File "C:\Users\Давыдов Александр\Desktop\REPO\!JIRA_new\migration_gui.py", line 1210, in export_migrated_issue_to_google
    append_issue_row(
    ~~~~~~~~~~~~~~~~^
        settings, prefix + task_id, task_id, source_url, source_values,
        ^^^^^^^^^^^^^^^^^^^^^^^^^^^^^^^^^^^^^^^^^^^^^^^^^^^^^^^^^^^^^^^
        assignee, destination_url=destination_url,
        ^^^^^^^^^^^^^^^^^^^^^^^^^^^^^^^^^^^^^^^^^^
    )
    ^
  File "C:\Users\Давыдов Александр\Desktop\REPO\!JIRA_new\google_sheets_export.py", line 175, in append_issue_row
    append_issue_rows(settings, [{
    ~~~~~~~~~~~~~~~~~^^^^^^^^^^^^^
        "issue_key": issue_key, "issue_number": issue_number,
        ^^^^^^^^^^^^^^^^^^^^^^^^^^^^^^^^^^^^^^^^^^^^^^^^^^^^^
        "source_url": source_url, "field_values": field_values,
        ^^^^^^^^^^^^^^^^^^^^^^^^^^^^^^^^^^^^^^^^^^^^^^^^^^^^^^^
        "assignee": assignee, "destination_url": destination_url,
        ^^^^^^^^^^^^^^^^^^^^^^^^^^^^^^^^^^^^^^^^^^^^^^^^^^^^^^^^^
    }], value_input_option="USER_ENTERED")
    ^^^^^^^^^^^^^^^^^^^^^^^^^^^^^^^^^^^^^^
  File "C:\Users\Давыдов Александр\Desktop\REPO\!JIRA_new\google_sheets_export.py", line 211, in append_issue_rows
    _append_issue_rows_to_worksheet(routed_settings, rows, value_input_option)
    ~~~~~~~~~~~~~~~~~~~~~~~~~~~~~~~^^^^^^^^^^^^^^^^^^^^^^^^^^^^^^^^^^^^^^^^^^^
  File "C:\Users\Давыдов Александр\Desktop\REPO\!JIRA_new\google_sheets_export.py", line 275, in _append_issue_rows_to_worksheet
    raise GoogleSheetsExportError(f"Не удалось записать данные в Google Таблицу: {error}") from error
google_sheets_export.GoogleSheetsExportError: Не удалось записать данные в Google Таблицу: Worksheet.insert_rows() got an unexpected keyword argument 'index'
2026-09-17 11:05:12,419 | ERROR | Ошибка миграции: задача=KISEMIAS2025-2024 система=jira проект=КИС 2.0 (REFACT)
Traceback (most recent call last):
  File "C:\Users\Давыдов Александр\Desktop\REPO\!JIRA_new\migration_gui.py", line 1250, in execute_migration_process
    source_page.open_issue(prefix, task_id)
    ~~~~~~~~~~~~~~~~~~~~~~^^^^^^^^^^^^^^^^^
  File "C:\Users\Давыдов Александр\Desktop\REPO\!JIRA_new\jrf.py", line 129, in open_issue
    self.page.goto(url, wait_until='domcontentloaded', timeout=NAVIGATION_TIMEOUT_MS)
    ~~~~~~~~~~~~~~^^^^^^^^^^^^^^^^^^^^^^^^^^^^^^^^^^^^^^^^^^^^^^^^^^^^^^^^^^^^^^^^^^^
  File "C:\Users\Давыдов Александр\Desktop\REPO\!JIRA_new\env\Lib\site-packages\playwright\sync_api\_generated.py", line 9019, in goto
    self._sync(
    ~~~~~~~~~~^
        self._impl_obj.goto(
        ^^^^^^^^^^^^^^^^^^^^
            url=url, timeout=timeout, waitUntil=wait_until, referer=referer
            ^^^^^^^^^^^^^^^^^^^^^^^^^^^^^^^^^^^^^^^^^^^^^^^^^^^^^^^^^^^^^^^
        )
        ^
    )
    ^
  File "C:\Users\Давыдов Александр\Desktop\REPO\!JIRA_new\env\Lib\site-packages\playwright\_impl\_sync_base.py", line 115, in _sync
    return task.result()
           ~~~~~~~~~~~^^
  File "C:\Users\Давыдов Александр\Desktop\REPO\!JIRA_new\env\Lib\site-packages\playwright\_impl\_page.py", line 556, in goto
    return await self._main_frame.goto(**locals_to_params(locals()))
           ^^^^^^^^^^^^^^^^^^^^^^^^^^^^^^^^^^^^^^^^^^^^^^^^^^^^^^^^^
  File "C:\Users\Давыдов Александр\Desktop\REPO\!JIRA_new\env\Lib\site-packages\playwright\_impl\_frame.py", line 153, in goto
    await self._channel.send(
        "goto", self._navigation_timeout, locals_to_params(locals())
    )
  File "C:\Users\Давыдов Александр\Desktop\REPO\!JIRA_new\env\Lib\site-packages\playwright\_impl\_connection.py", line 69, in send
    return await self._connection.wrap_api_call(
           ^^^^^^^^^^^^^^^^^^^^^^^^^^^^^^^^^^^^^
    ...<3 lines>...
    )
    ^
  File "C:\Users\Давыдов Александр\Desktop\REPO\!JIRA_new\env\Lib\site-packages\playwright\_impl\_connection.py", line 558, in wrap_api_call
    raise rewrite_error(error, f"{parsed_st['apiName']}: {error}") from None
playwright._impl._errors.Error: Page.goto: net::ERR_TIMED_OUT at https://jira.mos.social/browse/KISEMIAS2025-2024
Call log:
  - navigating to "https://jira.mos.social/browse/KISEMIAS2025-2024", waiting until "domcontentloaded"

